Nom Bateau,IMO,MMSI,Pavillon,Longueur,Largeur,GT,DWT,Destination,ETA,Tirant d'eau actuel,Coordonnees,Direction,Vitesse,Date scraping,Date position
AL SAMRIYA,9388821,538003295,Marshall Islands,345,55,168189,154900,QATAR,"Mar 20, 16:16",9.3,25.85584 N/51.85954 E,15.3°, 0.3 kn,2021-03-21,"Mar 21, 2021 09:35 UTC"
LIJMILIYA,9388819,538003294,Marshall Islands,345,55,168189,155159,GI GIB,"Mar 22, 05:06",9.0,37.68819 N/9.90282 W,167.2°, 17.5 kn,2021-03-21,"Mar 21, 2021 10:25 UTC"
AL GHUWAIRIYA,9372743,538003293,Marshall Islands,345,55,168189,154940,"PYEONGTAEK,S.KOREA","Mar 29, 21:00",12.0,26.48562 N/56.34043 E,59.0°, 18.6 kn,2021-03-21,"Mar 14, 2021 19:16 UTC"
ZARGA,9431214,538003346,Marshall Islands,345,54,163922,130211,SINGAPORE PGBG,"Mar 21, 04:04",9.5,1.16739 N/103.70986 E,250.3°, 0.3 kn,2021-03-21,"Mar 21, 2021 10:20 UTC"
SHAGRA,9418365,538003348,Marshall Islands,345,54,163922,130102,QA RLF>GB MLF,"Mar 23, 00:01",12.0,47.53857 N/8.14713 W,15.0°, 4.4 kn,2021-03-21,"Mar 21, 2021 10:07 UTC"
AL DAFNA,9443683,538003355,Marshall Islands,345,54,163922,130157,FAR EAST,"Mar 27, 21:11",12.2,1.42178 N/104.49813 E,49.0°, 16.0 kn,2021-03-21,"Mar 21, 2021 10:00 UTC"
AL MAYEDA,9397298,538003356,Marshall Islands,345,54,163922,130298,UK>MLF,"Mar 26, 01:01",12.2,37.6182 N/10.64776 E,289.0°, 15.2 kn,2021-03-21,"Mar 20, 2021 16:35 UTC"
AL MAFYAR,9397315,538003357,Marshall Islands,345,54,163922,130441,QATAR RASLAFFAN,"Mar 20, 08:08",9.4,25.93746 N/51.6139 E,279.9°, 0.6 kn,2021-03-21,"Mar 21, 2021 01:15 UTC"
AAMIRA,9443401,538003354,Marshall Islands,345,54,163922,130026,QATAR,"Mar 28, 21:21",9.5,3.72818 N/100.05654 E,314.0°, 15.9 kn,2021-03-21,"Mar 20, 2021 07:28 UTC"
BU SAMRA,9388833,538003301,Marshall Islands,345,54,163922,130442,SINGAPORE,"Mar 27, 04:04",9.2,37.33907 N/126.43462 E,273.8°, 14.4 kn,2021-03-21,"Mar 20, 2021 08:44 UTC"
MOZAH,9337755,538003212,Marshall Islands,345,54,163922,130102,QA RLF>TH MTP,"Mar 29, 23:00",12.0,24.43099 N/58.23548 E,129.9°, 18.9 kn,2021-03-21,"Mar 20, 2021 06:53 UTC"
RASHEEDA,9443413,538003362,Marshall Islands,345,54,163922,130208,RED SEA,"Mar 22, 20:20",12.1,22.02198 N/37.82816 E,331.9°, 19.1 kn,2021-03-21,"Mar 21, 2021 10:25 UTC"
MEKAINES,9397303,538003365,Marshall Islands,345,54,163922,130171,MILFORD HAVEN UK,"Mar 28, 00:00",12.0,35.07815 N/20.7708 E,286.8°, 16.3 kn,2021-03-21,"Mar 21, 2021 06:24 UTC"
NOHSHU MARU,9796781,311000579,Bahamas,298,49,149367,97902,US EAST COAST,"Apr 19, 01:00",9.8,52.43684 N/3.99261 E,87.7°, 6.4 kn,2021-03-21,"Mar 20, 2021 13:22 UTC"
BUSHU MARU,9796793,311000846,Bahamas,298,49,149367,97955,US FPO,"Mar 25, 11:00",9.5,25.66335 N/94.52708 W,270.0°, 13.7 kn,2021-03-21,"Mar 21, 2021 09:58 UTC"
PACIFIC BREEZE,9698123,538007670,Marshall Islands,300,52,144978,92830,AU DRW,"Mar 21, 20:30",9.9,22.13608 N/120.16276 E,168.4°, 14.8 kn,2021-03-21,"Mar 14, 2021 06:32 UTC"
DIAMOND GAS SAKURA,9810020,311000771,Bahamas,294,49,144828,87494,PA_CTB>JP_CTA,"Apr 7, 20:00",11.5,8.38108 N/79.44932 W,180.4°, 16.4 kn,2021-03-21,"Mar 17, 2021 01:17 UTC"
DIAMOND GAS ROSE,9779238,311000770,Bahamas,294,49,144828,94145,JP SSB,"Mar 5, 23:00",9.7,34.3931 N/139.41111 E,199.3°, 19.8 kn,2021-03-21,"Feb 26, 2021 15:37 UTC"
GRACE DAHLIA,9540716,432935000,Japan,300,52,141671,86512,SIN OPL,"Mar 25, 00:01",10.1,37.04399 N/126.24908 E,239.5°, 10.6 kn,2021-03-21,"Mar 5, 2021 02:54 UTC"
ENERGY HORIZON,9483877,432807000,Japan,300,52,141136,87257,>JP SOD,"Mar 24, 22:00",11.5,19.9808 S/116.95902 E,28.3°, 17.4 kn,2021-03-21,"Mar 15, 2021 17:29 UTC"
MARVEL HERON,9770440,374022000,Panama,298,49,139050,92659,FOR ORDERS,"Mar 22, 11:00",9.6,24.19512 N/87.43176 W,308.0°, 17.4 kn,2021-03-21,"Mar 20, 2021 17:23 UTC"
MARVEL CRANE,9770438,563073300,Singapore,298,49,139049,92799,JP KWS,"Mar 23, 22:30",11.7,20.49526 N/110.06399 W,298.3°, 16.7 kn,2021-03-21,"Mar 8, 2021 16:32 UTC"
AL RUWAIS,9337951,309904000,Bahamas,315,50,137535,121823,QA RLF,"Mar 17, 16:00",9.5,25.80203 N/51.81338 E,89.0°, 0.3 kn,2021-03-21,"Mar 21, 2021 10:09 UTC"
AL SAFLIYA,9337963,308171000,Bahamas,315,50,137535,121963,ZHEJIANG,"Mar 25, 22:00",12.0,1.4671 N/104.5441 E,48.4°, 15.5 kn,2021-03-21,"Mar 20, 2021 06:11 UTC"
AL GHARIYA,9337987,308248000,Bahamas,315,50,137535,121730,QA RLF,"Mar 26, 21:00",9.8,19.33911 N/39.41886 E,152.3°, 19.2 kn,2021-03-21,"Mar 21, 2021 07:36 UTC"
DUHAIL,9337975,309599000,Bahamas,315,50,137535,121639,KAWAGOE,"Mar 28, 21:00",12.0,1.43571 N/104.51156 E,53.9°, 14.6 kn,2021-03-21,"Mar 19, 2021 02:41 UTC"
AL SHEEHANIYA,9360831,538003364,Marshall Islands,315,50,136980,122006, SKA- PORT SAID,"Mar 27, 19:02",9.2,35.92246 N/6.95504 W,98.0°, 14.2 kn,2021-03-21,"Mar 21, 2021 10:24 UTC"
AL BAHIYA,9431147,538003349,Marshall Islands,315,50,136980,121957,GB MLF,"Mar 21, 00:00",12.0,51.69829 N/5.08564 W,193.8°, 0.0 kn,2021-03-21,"Mar 21, 2021 10:23 UTC"
AL KHATTIYA,9431111,538003350,Marshall Islands,315,50,136980,121946,SPORE,"Mar 19, 05:05",9.8,37.74959 N/138.32621 E,247.4°, 18.8 kn,2021-03-21,"Mar 19, 2021 08:25 UTC"
AL NUAMAN,9431135,538003351,Marshall Islands,315,50,136980,121910,BE ZEE>GI GIB,"Mar 23, 23:23",9.6,47.2486 N/7.08272 W,220.0°, 15.7 kn,2021-03-21,"Mar 21, 2021 10:05 UTC"
AL KARAANA,9431123,538003358,Marshall Islands,315,50,136980,122052,JP FTS>SG JUR,"Mar 19, 03:03",9.4,34.56977 N/139.59716 E,207.3°, 17.7 kn,2021-03-21,"Mar 15, 2021 10:22 UTC"
ONAIZA,9397353,538003363,Marshall Islands,315,50,136980,121939,KW MEA,"Mar 23, 03:03",10.9,25.81977 N/51.76177 E,207.7°, 0.2 kn,2021-03-21,"Mar 21, 2021 08:15 UTC"
AL SADD,9397341,538003361,Marshall Islands,315,50,136980,121913,GIBRALTAR,"Mar 21, 09:09",9.3,36.12739 N/5.3819 W,316.7°, 0.2 kn,2021-03-21,"Mar 21, 2021 10:24 UTC"
SEISHU MARU,9666558,311000261,Bahamas,288,49,136740,86414,AU_ASB,"Mar 21, 00:01",9.3,22.13877 N/120.10665 E,156.7°, 8.4 kn,2021-03-21,"Mar 5, 2021 05:13 UTC"
ESSHU MARU,9666560,311000285,Bahamas,288,49,136740,86455,JP YOK,"Mar 24, 22:00",11.5,12.32492 S/130.71138 E,337.7°, 5.3 kn,2021-03-21,"Mar 17, 2021 13:04 UTC"
LNG SATURN,9696149,311000439,Bahamas,288,49,136739,86044,JP SBK,"Mar 23, 01:30",11.9,12.31995 S/130.68153 E,295.4°, 10.7 kn,2021-03-21,"Mar 14, 2021 06:12 UTC"
LNG JUROJIN,9666998,311000420,Bahamas,288,49,136739,86121,CN ZUH,"Mar 31, 14:01",11.3,23.18211 S/151.72677 E,65.7°, 12.8 kn,2021-03-21,"Mar 17, 2021 15:48 UTC"
PACIFIC MIMOSA,9743875,431778000,Japan,288,49,136716,86497,AU DRW,"Mar 24, 19:30",9.5,37.71926 N/123.15101 E,144.4°, 19.8 kn,2021-03-21,"Mar 11, 2021 18:09 UTC"
LNG MARS,9645748,431177000,Japan,288,49,136710,86161,CN TAO,"Mar 19, 23:30",11.1,35.57579 N/119.76047 E,343.9°, 0.0 kn,2021-03-21,"Mar 20, 2021 02:44 UTC"
FRAIHA,9360817,538003101,Marshall Islands,306,50,136685,121914,YUNG AN,"Apr 1, 01:00",11.9,17.77552 N/67.24233 E,123.0°, 16.6 kn,2021-03-21,"Mar 20, 2021 18:34 UTC"
MURWAB,9360805,538003100,Marshall Islands,315,50,136685,121843,RAS LAFFAN,"Mar 26, 06:05",12.1,21.67017 N/72.50962 E,96.0°, 0.0 kn,2021-03-21,"Mar 21, 2021 06:31 UTC"
UMM AL AMAD,9360829,538003073,Marshall Islands,315,50,136685,121730,GB MLF,"Mar 30, 23:00",12.2,28.73015 N/33.00883 E,335.0°, 13.3 kn,2021-03-21,"Mar 21, 2021 08:41 UTC"
AL AAMRIYA,9338266,538003099,Marshall Islands,315,50,136685,121935,GI GIB,"Mar 23, 06:00",9.4,45.37853 N/9.20351 W,196.0°, 19.9 kn,2021-03-21,"Mar 21, 2021 10:24 UTC"
AL ORAIQ,9360790,538003072,Marshall Islands,315,50,136685,122079,"CHITA,JAPAN","Mar 22, 23:00",11.8,1.35595 N/104.42365 E,53.0°, 16.7 kn,2021-03-21,"Mar 13, 2021 06:47 UTC"
AL GHARRAFA,9337717,538002920,Marshall Islands,315,50,136410,106898,QATAR,"Mar 24, 03:00",9.6,17.23753 N/40.43743 E,147.8°, 18.4 kn,2021-03-21,"Mar 18, 2021 18:15 UTC"
TEMBEK,9337731,538002921,Marshall Islands,315,50,136410,106896,QA RLF,"Mar 23, 21:21",9.8,18.8084 N/64.02104 E,317.7°, 17.4 kn,2021-03-21,"Mar 21, 2021 08:30 UTC"
AL GATTARA,9337705,538002917,Marshall Islands,315,50,136410,106898,QATAR,"Mar 25, 09:09",9.8,3.49284 N/100.37875 E,310.0°, 18.9 kn,2021-03-21,"Mar 17, 2021 10:47 UTC"
AL HAMLA,9337743,538002922,Marshall Islands,315,50,136410,106983,PL SWI,"Apr 1, 04:00",12.1,34.26073 N/23.71908 E,286.1°, 17.1 kn,2021-03-21,"Mar 21, 2021 10:23 UTC"
AL UTOURIYA,9360867,538003020,Marshall Islands,315,50,136355,104561,QA RLF>JP HIM,"Mar 27, 22:00",12.1,1.39864 N/104.46024 E,50.0°, 15.0 kn,2021-03-21,"Mar 16, 2021 06:32 UTC"
AL SAHLA,9360855,538003019,Marshall Islands,315,50,136355,104666,QA RLF>CN ZOS,"Apr 1, 16:16",12.2,16.27707 N/67.94124 E,133.1°, 17.3 kn,2021-03-21,"Mar 20, 2021 13:15 UTC"
AL THUMAMA,9360843,538003018,Marshall Islands,315,50,136355,104701,QA RLF>IN HZA,"Mar 24, 18:30",12.1,26.16931 N/52.85278 E,89.6°, 16.2 kn,2021-03-21,"Mar 21, 2021 10:21 UTC"
MESAIMEER,9337729,538003360,Marshall Islands,315,50,136168,107160,INDIA,"Mar 22, 18:31",10.6,24.84057 N/57.76837 E,118.2°, 18.7 kn,2021-03-21,"Mar 20, 2021 05:44 UTC"
AL REKAYYAT,9397339,538003347,Marshall Islands,315,50,136168,107160,ALGECIRAS,"Mar 23, 06:06",9.5,44.93168 N/9.46303 W,199.0°, 18.7 kn,2021-03-21,"Mar 21, 2021 10:24 UTC"
AL KHARAITIYAT,9397327,538003352,Marshall Islands,315,50,136168,107153,QATAR,"Mar 25, 22:22",9.7,3.37371 N/100.42433 E,315.0°, 20.0 kn,2021-03-21,"Mar 17, 2021 17:13 UTC"
LNG SAKURA,9774135,311000760,Bahamas,300,49,135977,82137,NIPA ANCHORAGE,"Mar 20, 23:00",9.8,1.15735 N/103.62121 E,277.0°, 0.1 kn,2021-03-21,"Mar 21, 2021 10:21 UTC"
SOHSHU MARU,9791212,311000580,Bahamas,300,49,135951,82254,PA BLB,"Mar 22, 12:00",9.8,34.6337 N/139.08035 E,209.2°, 15.6 kn,2021-03-21,"Feb 24, 2021 11:02 UTC"
SHINSHU MARU,9791200,311000845,Bahamas,300,49,135951,82287,AU BWB,"Mar 29, 21:00",9.7,34.39079 N/137.14658 E,142.3°, 14.6 kn,2021-03-21,"Mar 19, 2021 05:59 UTC"
AL KHUWAIR,9360908,311000140,Bahamas,315,50,135848,109555,PL SWIN,"Mar 21, 05:00",12.4,54.11925 N/14.21456 E,160.8°, 2.4 kn,2021-03-21,"Mar 21, 2021 10:25 UTC"
AL KHARSAAH,9360881,309333000,Bahamas,315,50,135848,109484,RAS LAFFAN,"Mar 19, 16:00",9.5,25.7697 N/51.81394 E,97.2°, 0.2 kn,2021-03-21,"Mar 21, 2021 10:23 UTC"
AL HUWAILA,9360879,309255000,Bahamas,315,50,135848,109503,QA RLF,"Mar 31, 06:00",9.3,1.22256 N/103.65666 E,234.1°, 0.3 kn,2021-03-21,"Mar 21, 2021 10:18 UTC"
AL SHAMAL,9360893,309781000,Bahamas,315,50,135848,109662,RAS LAFFAN,"Mar 10, 05:00",11.0,25.82104 N/51.87781 E,335.2°, 0.0 kn,2021-03-21,"Mar 21, 2021 10:12 UTC"
SERI CAMAR,9714305,533130687,Malaysia,290,49,133948,84295,PGG,"Mar 18, 07:00",11.2,1.41323 N/104.48847 E,51.0°, 17.5 kn,2021-03-21,"Mar 19, 2021 08:59 UTC"
SERI CEMARA,9756389,533130753,Malaysia,290,49,133948,84291,MY BKI,"Mar 23, 04:00",9.7,34.37208 N/139.50005 E,212.3°, 12.8 kn,2021-03-21,"Mar 17, 2021 03:30 UTC"
SERI CAMELLIA,9714276,533130463,Malaysia,290,46,133948,84333,MY BKI(KK OPL),"Mar 15, 08:00",11.4,6.1105 N/116.06501 E,53.2°, 0.0 kn,2021-03-21,"Mar 21, 2021 10:25 UTC"
SERI CENDERAWASIH,9714288,533180210,Malaysia,290,46,133948,84303,CN YSN,"Mar 24, 00:00",11.1,23.18651 S/151.69723 E,62.6°, 15.1 kn,2021-03-21,"Mar 10, 2021 23:08 UTC"
SERI CEMPAKA,9714290,533130607,Malaysia,290,49,133948,84311,JP,"Mar 21, 03:30",11.5,34.99646 N/139.69406 E,202.3°, 7.7 kn,2021-03-21,"Mar 21, 2021 10:25 UTC"
RUDOLF SAMOYLOVICH,9750713,311000627,Bahamas,299,50,128975,96703,RUSAB>BEZEE,"Mar 23, 08:00",11.9,71.59395 N/23.04326 E,258.3°, 14.5 kn,2021-03-21,"Mar 20, 2021 00:00 UTC"
EDUARD TOLL,9750696,311000548,Bahamas,299,50,128975,96840,RUSAB,"Mar 25, 02:00",11.1,68.66759 N/11.69331 E,60.9°, 17.5 kn,2021-03-21,"Mar 21, 2021 10:26 UTC"
NIKOLAY YEVGENOV,9750725,311000631,Bahamas,299,50,128969,96821,RUSAB,"Mar 24, 03:00",10.9,71.72764 N/30.5198 E,87.3°, 18.7 kn,2021-03-21,"Mar 21, 2021 00:00 UTC"
YAKOV GAKKEL,9750672,311000634,Bahamas,299,50,128969,96839,FRBES,"Mar 14, 12:00",8.5,48.3861 N/4.45687 W,-, 0.0 kn,2021-03-21,"Mar 21, 2021 10:25 UTC"
GEORGIY USHAKOV,9750749,311000633,Bahamas,299,50,128969,96796,RUMMK,"Mar 21, 09:00",11.9,71.41869 N/32.29724 E,97.5°, 17.6 kn,2021-03-21,"Mar 12, 2021 19:28 UTC"
VLADIMIR VORONIN,9750737,311000632,Bahamas,299,50,128969,96840,RUSAB,"Mar 26, 19:00",11.0,59.25259 N/6.48527 W,21.4°, 20.0 kn,2021-03-21,"Mar 20, 2021 09:45 UTC"
MARVEL EAGLE,9759240,374375000,Panama,300,49,128917,83571,PABLB,"Mar 19, 15:00",9.6,9.84736 N/79.70906 W,7.3°, 15.3 kn,2021-03-21,"Mar 20, 2021 23:24 UTC"
MARVEL PELICAN,9759252,356051000,Panama,300,49,128917,83636,...,"Apr 10, 00:01",9.5,33.72662 N/17.29342 W,260.2°, 12.9 kn,2021-03-21,"Mar 13, 2021 11:45 UTC"
VLADIMIR RUSANOV,9750701,477150100,Hong Kong,299,50,128806,96844,BEZEE,"Mar 27, 15:00",12.0,71.74258 N/21.09294 E,41.2°, 18.4 kn,2021-03-21,"Mar 14, 2021 19:43 UTC"
CHRISTOPHE DE MARGERIE,9737187,212611000,Cyprus,299,50,128806,96779,FR MTX / MONTOIR,"Mar 19, 20:00",11.8,47.29903 N/2.14236 W,349.9°, 0.1 kn,2021-03-21,"Mar 21, 2021 07:53 UTC"
FEDOR LITKE,9768370,212660000,Cyprus,299,50,128806,96839,RUSAB,"Mar 20, 11:00",11.0,70.49637 N/33.09846 E,104.3°, 19.2 kn,2021-03-21,"Mar 16, 2021 15:14 UTC"
GEORGIY BRUSILOV,9768382,212770000,Cyprus,299,50,128806,96847,FRMTX,"Mar 24, 22:00",12.0,67.90647 N/9.58499 E,203.9°, 16.7 kn,2021-03-21,"Mar 21, 2021 02:17 UTC"
VLADIMIR VIZE,9750658,477194200,Hong Kong,299,50,128806,96851,GB IOG,"Mar 22, 00:01",12.0,54.79063 N/3.50167 E,183.0°, 16.3 kn,2021-03-21,"Mar 21, 2021 09:52 UTC"
BORIS VILKITSKY,9768368,212654000,Cyprus,299,50,128806,96958,ESFRO,"Mar 28, 17:00",12.0,71.2176 N/32.28235 E,92.6°, 18.3 kn,2021-03-21,"Mar 14, 2021 08:34 UTC"
LNG FUKUROKUJU,9666986,311000365,Bahamas,293,49,127242,83809,BDCGP,"Mar 20, 20:00",11.6,30.55087 N/32.30879 E,158.5°, 9.0 kn,2021-03-21,"Mar 21, 2021 10:20 UTC"
CASTILLO DE CALDELAS,9742819,248720000,Malta,297,49,126004,93241,SABINE PASS,"Mar 22, 00:00",10.6,26.88364 N/91.62095 W,319.7°, 16.5 kn,2021-03-21,"Mar 21, 2021 10:18 UTC"
CASTILLO DE MERIDA,9742807,248516000,Malta,287,49,126004,93241,IN DAH,"Apr 19, 18:30",11.6,25.93951 N/90.31663 W,119.4°, 18.2 kn,2021-03-21,"Mar 14, 2021 19:02 UTC"
PACIFIC ARCADIA,9621077,311072200,Bahamas,288,49,123005,78311,PRIGORODNOYE RU,"Mar 24, 22:00",9.6,35.30194 N/141.41204 E,62.9°, 13.7 kn,2021-03-21,"Mar 18, 2021 17:03 UTC"
NIKOLAY ZUBOV,9768526,209351000,Cyprus,299,50,122806,96865,RUSAB,"Mar 24, 12:00",10.6,71.52401 N/27.57593 E,104.9°, 18.1 kn,2021-03-21,"Mar 21, 2021 00:00 UTC"
BORIS DAVYDOV,9768394,209356000,Cyprus,299,50,122806,96765,RUSAB,"Mar 22, 21:30",10.8,72.109 N/22.44771 E,41.9°, 19.9 kn,2021-03-21,"Mar 19, 2021 06:11 UTC"
CYGNUS PASSAGE,9376294,309739000,Bahamas,288,49,122444,79555,>RU PGN,"Apr 5, 20:00",9.3,34.3412 N/140.49013 E,118.0°, 11.9 kn,2021-03-21,"Mar 20, 2021 09:35 UTC"
ALTO ACRUX,9343106,308592000,Bahamas,288,49,122361,80229,CN TXG,"Mar 20, 23:30",11.1,38.75412 N/117.71487 E,286.0°, 0.0 kn,2021-03-21,"Mar 21, 2021 03:10 UTC"
ADRIANO KNUTSEN,9831220,224983000,Spain,299,48,122261,96354,REUNION CREW CHANGES,"Mar 21, 07:00",9.6,20.70119 S/55.25172 E,175.0°, 10.6 kn,2021-03-21,"Mar 21, 2021 10:26 UTC"
TRAIANO KNUTSEN,9854765,257575000,Norway,299,48,122261,95870,BRRJO,"Apr 8, 03:00",11.6,25.65776 N/92.10556 W,116.2°, 14.9 kn,2021-03-21,"Mar 21, 2021 05:33 UTC"
GRAND ANIVA,9338955,212883000,Cyprus,288,49,122239,74044,RU PGN,"Mar 11, 06:00",9.8,38.63245 N/138.83942 E,334.7°, 13.6 kn,2021-03-21,"Mar 9, 2021 03:38 UTC"
PRISM BRILLIANCE,9810551,371086000,Panama,299,48,122166,97494,USFPO,"Apr 23, 05:00",9.7,6.40932 S/105.24051 E,245.9°, 15.9 kn,2021-03-21,"Mar 19, 2021 18:15 UTC"
PRISM AGILITY,9810549,372487000,Panama,299,48,122166,97494,USNSS,"Mar 30, 05:01",9.3,29.43225 N/93.63228 W,239.0°, 0.0 kn,2021-03-21,"Mar 21, 2021 10:19 UTC"
ENERGY UNIVERSE,9758844,354114000,Panama,300,49,122142,88700,PACIFIC FOR ORDERS,"Apr 9, 00:01",11.6,8.4215 N/79.42991 W,174.4°, 19.5 kn,2021-03-21,"Mar 21, 2021 01:19 UTC"
ENERGY LIBERTY,9736092,431540000,Japan,300,49,121982,88676,KR TAN,"Mar 30, 04:00",11.5,8.44719 N/79.45089 W,181.7°, 17.9 kn,2021-03-21,"Mar 3, 2021 00:31 UTC"
ENERGY GLORY,9752565,431776000,Japan,300,49,121981,88677,AU DRW,"Mar 24, 06:30",9.7,29.89434 S/31.10999 E,30.4°, 3.6 kn,2021-03-21,"Mar 1, 2021 07:55 UTC"
LNG JUPITER,9341689,311019200,Bahamas,290,49,121675,81950,ID JKT,"Mar 28, 00:01",10.1,14.36933 N/120.48769 E,230.8°, 13.9 kn,2021-03-21,"Mar 21, 2021 08:39 UTC"
ARCTIC PRINCESS,9271248,257739000,Norway,288,49,121597,84878,EGSCN,"Mar 31, 15:00",10.0,14.06679 N/86.96443 E,212.5°, 19.0 kn,2021-03-21,"Mar 21, 2021 04:49 UTC"
ARCTIC LADY,9284192,257742000,Norway,288,49,121597,84878,"BETHIOUA, ALGERIA","Mar 21, 05:00",9.3,36.00119 N/0.31452 W,305.0°, 2.9 kn,2021-03-21,"Mar 18, 2021 22:38 UTC"
LNG BARKA,9341299,308579000,Bahamas,290,49,121514,82308,KR BOR,"Mar 18, 21:00",11.8,30.08486 N/125.30546 E,351.3°, 14.7 kn,2021-03-21,"Mar 17, 2021 21:13 UTC"
ENERGY CONFIDENCE,9405588,432694000,Japan,290,49,121413,75891,AU BWB,"Mar 22, 02:00",9.7,34.46926 N/139.45712 E,203.4°, 14.3 kn,2021-03-21,"Mar 8, 2021 10:23 UTC"
GASLOG WARSAW,9816763,241662000,Greece,297,47,120859,92996,US CRP,"Mar 18, 15:00",9.1,27.81085 N/96.87055 W,322.9°, 0.0 kn,2021-03-21,"Mar 21, 2021 10:25 UTC"
GASLOG WINDSOR,9819650,310787000,Bermuda,297,47,120709,98000,SABINE PASS,"Mar 21, 05:00",9.4,29.4275 N/93.64621 W,171.2°, 0.0 kn,2021-03-21,"Mar 21, 2021 07:56 UTC"
GRAND MEREYA,9338929,209856000,Cyprus,290,49,120525,74497,RU PGN,"Mar 31, 00:00",9.7,31.3589 N/127.87286 E,355.3°, 7.8 kn,2021-03-21,"Mar 17, 2021 05:25 UTC"
GAIL BHUWAN,9877145,209997000,Cyprus,-,-,119891,98300,ANCH OFF COVE POINT,"Mar 20, 05:00",9.7,37.28786 N/76.11316 W,43.6°, 16.2 kn,2021-03-21,"Mar 20, 2021 01:06 UTC"
LNG SCHNEEWEISSCHEN,9771913,357315000,Panama,298,48,119660,98747,ES FRO,"Mar 26, 00:01",11.5,26.14375 N/79.41111 W,55.2°, 20.0 kn,2021-03-21,"Mar 17, 2021 09:23 UTC"
ENERGY FRONTIER,9245720,432420000,Japan,290,49,119393,73795,JP HTC,"Mar 22, 22:30",11.3,34.81759 N/140.95139 E,256.8°, 7.0 kn,2021-03-21,"Mar 21, 2021 10:26 UTC"
ENERGY ADVANCE,9269180,432495000,Japan,290,49,119233,73739,JP YOK XX OHG,"Mar 28, 22:30",11.2,20.18383 S/116.8389 E,32.5°, 17.0 kn,2021-03-21,"Mar 20, 2021 09:29 UTC"
LNG DREAM,9277620,309065000,Bahamas,290,49,118876,80889,RU PGN,"Mar 20, 05:00",9.9,34.98924 N/141.34364 E,75.7°, 11.1 kn,2021-03-21,"Mar 6, 2021 09:54 UTC"
ENERGY NAVIGATOR,9355264,432634000,Japan,290,49,118842,73640,JP HKP OFF,"Mar 24, 23:00",9.7,35.76639 N/141.32338 E,4.0°, 14.6 kn,2021-03-21,"Mar 19, 2021 05:54 UTC"
TAITAR NO. 4,9403657,351767000,Panama,290,49,118634,77053,TW TXG>OM SOH,"Mar 22, 08:00",9.9,17.75145 N/66.34019 E,312.5°, 16.4 kn,2021-03-21,"Mar 20, 2021 10:53 UTC"
TAITAR NO. 1,9403669,371846000,Panama,290,49,118634,77089,"TAI CHUNG,TAIWAN","Apr 2, 22:00",11.4,26.14384 N/55.40262 E,61.1°, 19.5 kn,2021-03-21,"Mar 21, 2021 06:48 UTC"
TAITAR NO. 3,9403671,372195000,Panama,290,49,118634,77089,TAICHUNG,"Mar 23, 22:00",11.4,1.42501 N/104.48931 E,57.0°, 17.4 kn,2021-03-21,"Mar 19, 2021 12:18 UTC"
TAITAR NO. 2,9403645,372307000,Panama,290,49,118634,77089,TAICHUNG TAIWAN,"Mar 17, 22:00",11.3,22.33516 N/119.72732 E,189.8°, 18.8 kn,2021-03-21,"Mar 19, 2021 09:58 UTC"
IBRI LNG,9317315,355580000,Panama,290,49,118608,77282,QA RLF,"Mar 24, 06:00",10.0,2.91041 N/100.93013 E,342.7°, 14.8 kn,2021-03-21,"Mar 16, 2021 12:42 UTC"
ARCTIC VOYAGER,9275335,309998000,Bahamas,290,49,118571,75485,USNSS,"Mar 27, 12:00",10.4,35.95813 N/10.48402 W,270.0°, 15.9 kn,2021-03-21,"Mar 10, 2021 09:25 UTC"
ARCTIC DISCOVERER,9276389,309481000,Bahamas,290,49,118571,75485,-,-,9.5,43.47448 N/8.2224 W,206.0°, 0.0 kn,2021-03-21,"Mar 21, 2021 10:25 UTC"
LALLA FATMA N'SOUMER,9275347,311775000,Bahamas,290,49,118363,80920,ARZEW ALGERIA,"Mar 23, 07:00",10.0,36.58288 N/13.71202 E,290.0°, 17.2 kn,2021-03-21,"Mar 21, 2021 07:55 UTC"
ELISA LARUS,9852975,228385600,France,297,46,118286,82244,USA FREEPORT,"Apr 7, 06:00",9.7,49.74065 N/5.83039 W,262.7°, 15.6 kn,2021-03-21,"Mar 21, 2021 10:26 UTC"
FUJI LNG,9275359,229443000,Malta,290,49,118219,77351,-,-,10.1,24.92499 N/93.68641 W,210.0°, 2.1 kn,2021-03-21,"Mar 18, 2021 17:17 UTC"
SYMPHONIC BREEZE,9330745,309839000,Bahamas,290,49,117895,77163,EAST OPL,"Mar 15, 06:00",10.0,1.33106 N/104.39221 E,47.4°, 13.5 kn,2021-03-21,"Mar 15, 2021 06:08 UTC"
DIAMOND GAS METROPOLIS,9862487,311000968,Bahamas,297,46,117564,81950,PA BLB,"Apr 2, 17:00",9.7,33.8405 N/134.88488 E,189.9°, 15.7 kn,2021-03-21,"Mar 9, 2021 07:19 UTC"
YAMAL SPIRIT,9781920,311000666,Bahamas,294,48,117162,91610,EG SUZ,"Mar 25, 21:00",9.5,3.76546 N/100.13234 E,317.0°, 19.5 kn,2021-03-21,"Mar 14, 2021 06:25 UTC"
SK AUDACE,9693161,373808000,Panama,292,48,117031,94665,USFPO,"Mar 29, 11:00",9.7,33.63721 N/23.46255 W,260.0°, 16.2 kn,2021-03-21,"Mar 17, 2021 21:06 UTC"
SK RESOLUTE,9693173,354184000,Panama,292,48,117031,94665,TWYAN,"Apr 20, 16:00",11.2,13.56644 N/61.19948 W,94.8°, 16.3 kn,2021-03-21,"Mar 20, 2021 15:25 UTC"
SCF LA PEROUSE,9849887,636019530,Liberia,299,46,116779,81855,USCP6,"Mar 19, 05:30",9.3,37.22496 N/76.13963 W,18.0°, 13.7 kn,2021-03-21,"Mar 19, 2021 06:42 UTC"
SCF BARENTS,9864746,636019878,Liberia,299,46,116779,81855,-,-,11.4,26.15612 N/53.4194 E,88.8°, 18.6 kn,2021-03-21,"Mar 21, 2021 09:25 UTC"
SCF TIMMERMAN,9870525,636020078,Liberia,299,46,116779,81855,ATL. OCEAN FOR ORDER,"Mar 28, 04:00",9.6,3.99081 N/100.01363 E,329.0°, 18.6 kn,2021-03-21,"Mar 14, 2021 15:42 UTC"
UMM AL ASHTAN,9074652,636010647,Liberia,290,48,116703,73100,JP KZU>AE DAS,"Apr 5, 03:00",9.9,1.3072 N/103.32925 E,303.6°, 15.0 kn,2021-03-21,"Mar 21, 2021 10:26 UTC"
AL HAMRA,9074640,636010544,Liberia,289,48,116703,72990,AE DAS,"Mar 16, 07:07",9.7,25.26962 N/56.49032 E,2.8°, 0.3 kn,2021-03-21,"Mar 21, 2021 10:20 UTC"
MUBARAZ,9074626,636010373,Liberia,290,48,116703,72950,IN DAH>AE FUJ,"Mar 24, 05:05",9.7,20.96705 N/67.67705 E,294.5°, 10.7 kn,2021-03-21,"Mar 21, 2021 09:47 UTC"
MRAWEH,9074638,636010457,Liberia,290,48,116703,73040,AE DAS>CN ZUH,"Apr 4, 20:01",11.5,24.76321 N/57.58873 E,147.4°, 16.3 kn,2021-03-21,"Mar 20, 2021 16:29 UTC"
LNG ABALAMABIE,9690171,310731000,Bermuda,292,48,116568,86925,PTSIE,"Mar 29, 07:00",11.6,11.7587 N/20.18728 W,155.7°, 18.7 kn,2021-03-21,"Mar 13, 2021 08:37 UTC"
LNG FINIMA II,9690145,310722000,Bermuda,292,48,116568,86867,WEST AFRICA,"Apr 16, 20:00",9.6,16.99701 N/115.56228 E,176.5°, 15.9 kn,2021-03-21,"Mar 17, 2021 08:30 UTC"
LNG ABUJA II,9690169,310730000,Bermuda,292,48,116568,87147,NG BON,"Apr 9, 05:00",9.5,38.93632 N/11.88462 W,193.0°, 8.8 kn,2021-03-21,"Mar 21, 2021 07:20 UTC"
LNG PORT-HARCOURT II,9690157,310719000,Bermuda,292,48,116568,87139,DUBAI UAE,"Feb 22, 06:00",8.0,25.24983 N/55.26407 E,311.9°, 0.0 kn,2021-03-21,"Mar 21, 2021 10:15 UTC"
LA SEINE,9845764,215503000,Malta,299,46,116542,93200,"CAMERON,USA","Apr 5, 12:00",9.3,14.21747 N/60.74829 W,96.0°, 15.6 kn,2021-03-21,"Mar 8, 2021 14:23 UTC"
FLEX AURORA,9857365,538008764,Marshall Islands,297,46,116430,83000,FOR ORDERS,"Mar 13, 03:33",11.3,26.22018 N/79.35395 W,38.5°, 16.5 kn,2021-03-21,"Mar 15, 2021 16:30 UTC"
COOL DISCOVERER,9861031,215567000,Malta,299,46,116354,92800,FOR ORDERS,"Apr 1, 23:59",9.5,35.9683 N/5.84524 W,271.2°, 17.9 kn,2021-03-21,"Mar 20, 2021 13:45 UTC"
LA MANCHA KNUTSEN,9721724,224444000,Spain,284,46,116246,92802,JAPAN,"Mar 25, 15:01",11.8,1.42706 N/104.49485 E,53.8°, 16.3 kn,2021-03-21,"Mar 17, 2021 22:34 UTC"
RIOJA KNUTSEN,9721736,224451000,Spain,290,46,116246,92782,TTPTF,"Mar 31, 10:00",9.4,42.53939 N/16.74096 W,225.0°, 13.2 kn,2021-03-21,"Mar 21, 2021 05:18 UTC"
LNG LAGOS II,9692014,310721000,Bermuda,300,46,115995,99025,"BONNY, NIGERIA","Mar 30, 13:30",9.7,24.431 N/18.19329 W,207.0°, 12.9 kn,2021-03-21,"Mar 20, 2021 19:07 UTC"
LNG BONNY II,9692002,310720000,Bermuda,300,46,115995,98954,BONNY NIGERIA,"Mar 27, 22:30",9.6,6.3912 N/19.14941 W,86.1°, 12.1 kn,2021-03-21,"Mar 20, 2021 23:17 UTC"
LNG CROSS RIVER,9262223,310478000,Bermuda,288,48,115993,79591,WEST AFRICA,"Apr 8, 04:00",9.5,21.65695 N/63.03921 E,135.4°, 16.1 kn,2021-03-21,"Mar 16, 2021 07:23 UTC"
LNG RIVER NIGER,9262235,310479000,Bermuda,288,48,115993,79541,HUELVA,"Mar 19, 03:30",11.4,35.78536 N/7.97575 W,223.0°, 14.4 kn,2021-03-21,"Mar 20, 2021 12:27 UTC"
LNG ADAMAWA,9262211,310469000,Bermuda,289,48,115993,79566,NGBON,"Mar 20, 15:00",10.3,9.29222 N/19.33756 W,180.0°, 16.3 kn,2021-03-21,"Mar 10, 2021 00:52 UTC"
LNG AKWA IBOM,9262209,310453000,Bermuda,289,48,115993,79633,NGBON>FRMTX,"Mar 19, 15:45",11.3,45.47543 N/6.67226 W,240.0°, 15.7 kn,2021-03-21,"Mar 21, 2021 10:20 UTC"
SM EAGLE,9761827,370895000,Panama,295,46,115716,97975,KRTYG,"Apr 2, 01:00",11.1,15.39167 N/98.6943 W,300.4°, 17.4 kn,2021-03-21,"Mar 15, 2021 00:34 UTC"
GASLOG GEORGETOWN,9864916,310800000,Bermuda,293,46,115636,89000,-,"Mar 23, 23:00",11.5,45.15655 N/11.68072 W,47.0°, 12.5 kn,2021-03-21,"Mar 21, 2021 06:36 UTC"
HYUNDAI PEACEPIA,9761853,374816000,Panama,296,46,115541,98344,USSAB>PACTB,"Mar 21, 23:00",11.6,24.52256 N/89.06242 W,133.0°, 18.6 kn,2021-03-21,"Mar 19, 2021 08:37 UTC"
BRITISH CONTRIBUTOR,9766554,232006298,Isle of Man,295,46,115366,94558,ES ALG,"Mar 31, 04:00",11.3,26.24166 N/79.2118 W,41.8°, 16.3 kn,2021-03-21,"Mar 21, 2021 09:59 UTC"
BRITISH MENTOR,9766578,232006296,Isle of Man,295,46,115366,94528,JP KZU,"Mar 22, 07:00",12.3,19.91141 S/117.00243 E,30.1°, 15.9 kn,2021-03-21,"Mar 12, 2021 12:52 UTC"
BRITISH LISTENER,9766566,232006297,Isle of Man,295,46,115366,94494,US NSS,"Mar 29, 12:00",9.6,46.58605 N/16.98687 W,250.5°, 17.6 kn,2021-03-21,"Mar 18, 2021 05:24 UTC"
BRITISH PARTNER,9766530,232006301,Isle of Man,295,46,115366,94442,AES,"Mar 24, 06:00",11.1,10.77323 N/61.75934 W,11.3°, 17.1 kn,2021-03-21,"Mar 20, 2021 15:55 UTC"
PEARL LNG,9862346,215573000,Malta,293,46,115345,88000,N ATL,"Mar 28, 10:00",9.2,37.48812 N/28.69634 W,254.4°, 14.3 kn,2021-03-21,"Mar 16, 2021 21:48 UTC"
FLEX RANGER,9709025,538007621,Marshall Islands,293,46,115174,88684,FOR ORDER,"Apr 8, 08:00",9.2,21.4792 N/65.6329 E,297.3°, 10.3 kn,2021-03-21,"Mar 20, 2021 11:17 UTC"
FLEX RAINBOW,9709037,538007620,Marshall Islands,293,46,115174,88684,FOR ORDERS,"Mar 27, 00:01",10.5,8.40236 N/79.44877 W,178.6°, 18.2 kn,2021-03-21,"Mar 13, 2021 01:44 UTC"
GASLOG GLADSTONE,9744025,310779000,Bermuda,293,46,115024,87955,FOR_ORDERS,"Apr 2, 00:01",11.5,13.25472 N/100.39766 W,295.7°, 19.1 kn,2021-03-21,"Mar 14, 2021 08:03 UTC"
PAN EUROPE,9750244,477157300,Hong Kong,290,47,114996,88613,-,-,11.4,37.32593 N/126.48992 E,267.6°, 10.5 kn,2021-03-21,"Feb 7, 2021 23:50 UTC"
PAN AMERICAS,9750232,477142700,Hong Kong,290,47,114996,88425,FOR ORDERS,"Apr 2, 06:00",11.5,26.06673 N/79.37037 W,33.3°, 19.5 kn,2021-03-21,"Mar 19, 2021 17:52 UTC"
PAN AFRICA,9750256,477168300,Hong Kong,290,47,114996,88438,FOR ORDERS,"Mar 22, 00:01",11.4,21.49219 N/66.65781 E,1.3°, 15.8 kn,2021-03-21,"Mar 21, 2021 09:52 UTC"
LNG PHECDA,9834313,477345700,Hong Kong,295,45,114790,97000,ZEEBRUGGE,"Mar 27, 00:01",9.4,34.58326 N/22.71581 E,287.5°, 20.2 kn,2021-03-21,"Mar 20, 2021 18:52 UTC"
LNG DUBHE,9834296,477327900,Hong Kong,295,45,114790,91588,KR TYG,"Mar 27, 03:00",11.7,1.20589 N/103.89945 E,60.9°, 11.7 kn,2021-03-21,"Mar 21, 2021 10:26 UTC"
LNG MERAK,9834301,477345800,Hong Kong,295,45,114790,91451,CN TXG,"Mar 31, 16:01",11.5,20.69745 N/38.66484 E,153.0°, 18.8 kn,2021-03-21,"Mar 15, 2021 04:11 UTC"
PATRIS,9766889,636018010,Liberia,295,46,114758,95743,HROMI,"Mar 23, 05:00",11.0,36.60978 N/0.11607 W,71.0°, 16.4 kn,2021-03-21,"Mar 20, 2021 12:39 UTC"
KINISIS,9785158,636018011,Liberia,295,46,114758,95673,POINT FORTIN,"Apr 18, 11:00",9.0,22.31765 N/122.05728 E,192.3°, 18.4 kn,2021-03-21,"Mar 20, 2021 12:58 UTC"
BW MAGNOLIA,9850666,563092200,Singapore,295,46,114622,95547,CRISTOBAL ANCHORAGE,"Mar 8, 13:00",10.2,9.39943 N/79.94152 W,129.6°, 0.0 kn,2021-03-21,"Mar 21, 2021 10:26 UTC"
GASLOG HONG KONG,9748904,310773000,Bermuda,290,46,114470,92266,USFPO,"Mar 22, 11:00",9.3,25.36959 N/79.64661 W,193.7°, 16.3 kn,2021-03-21,"Mar 20, 2021 05:53 UTC"
FLEX RESOLUTE,9851646,538008815,Marshall Islands,295,46,114380,95500,EG SUZ,"Mar 21, 13:00",9.0,28.71567 N/32.99827 E,328.8°, 16.7 kn,2021-03-21,"Mar 21, 2021 08:35 UTC"
FLEX FREEDOM,9862308,538008814,Marshall Islands,295,46,114380,95500,AUBWB,"Mar 20, 08:00",9.5,8.87522 N/121.18673 E,194.2°, 7.7 kn,2021-03-21,"Mar 15, 2021 15:24 UTC"
BW LILAC,9758076,248587000,Malta,295,46,114364,95978,INDHP,"Apr 21, 00:01",11.3,28.44136 N/93.07425 W,138.1°, 15.3 kn,2021-03-21,"Mar 21, 2021 04:01 UTC"
BW TULIP,9758064,563041600,Singapore,295,46,114364,95785,MEJILLONES,"Mar 20, 06:00",11.1,8.41824 N/79.47601 W,180.9°, 18.8 kn,2021-03-21,"Mar 14, 2021 02:46 UTC"
BW PAVILION ARANDA,9792606,563082400,Singapore,295,46,114355,95876,USNSS,"Apr 2, 00:01",9.7,51.45314 N/5.76371 W,258.4°, 12.0 kn,2021-03-21,"Mar 14, 2021 17:42 UTC"
LNG SOKOTO,9216303,310378000,Bermuda,289,48,114354,79822,ESHUV,"Mar 21, 05:08",11.2,37.13339 N/6.84694 W,298.3°, 9.6 kn,2021-03-21,"Mar 21, 2021 05:33 UTC"
LNG RIVERS,9216298,310370000,Bermuda,289,48,114354,79885,BONNY NG,"Mar 19, 08:00",10.2,9.14362 N/18.76238 W,-, 14.6 kn,2021-03-21,"Mar 13, 2021 06:33 UTC"
LNG BAYELSA,9241267,310381000,Bermuda,289,48,114354,79822,WEST AFRICA,"Apr 14, 08:00",10.4,3.28327 N/100.55813 E,316.0°, 17.5 kn,2021-03-21,"Mar 16, 2021 04:57 UTC"
GIGIRA LAITEBO,9360922,309415000,Bahamas,298,46,114277,87194,YUNG_AN,"Mar 26, 07:00",11.8,34.465 N/137.05643 E,177.0°, 12.0 kn,2021-03-21,"Mar 4, 2021 10:50 UTC"
SPIRIT OF HELA,9361639,311013700,Bahamas,298,46,114277,87130,PG POM,"Mar 16, 23:00",9.7,1.4132 N/104.49242 E,52.0°, 17.2 kn,2021-03-21,"Mar 9, 2021 15:36 UTC"
ENERGY ENDEAVOUR,9854624,538008879,Marshall Islands,295,46,114195,93500,FOR ORDERS,"Apr 30, 05:01",11.6,28.56348 N/93.17932 W,142.0°, 15.9 kn,2021-03-21,"Mar 21, 2021 10:08 UTC"
ENERGY PACIFIC,9854612,538008878,Marshall Islands,295,46,114195,95000,FOR ORDERS,"Mar 13, 00:25",9.8,6.32832 S/105.26954 E,244.6°, 17.0 kn,2021-03-21,"Mar 18, 2021 11:43 UTC"
PAPUA,9613135,477518900,Hong Kong,290,47,114166,96319,CN TAO>PG POM,"Mar 20, 19:00",9.4,34.53249 N/122.64172 E,131.0°, 19.9 kn,2021-03-21,"Mar 10, 2021 11:37 UTC"
MARVEL KITE,9760782,563069500,Singapore,293,46,114084,89266,...,"Mar 22, 00:00",11.6,9.28264 N/79.91417 W,167.2°, 1.2 kn,2021-03-21,"Mar 21, 2021 10:26 UTC"
MARVEL HAWK,9760770,563063200,Singapore,293,46,114084,89432,-,"Apr 7, 06:00",9.3,34.7857 S/22.14566 E,262.1°, 10.5 kn,2021-03-21,"Mar 10, 2021 03:46 UTC"
MARVEL FALCON,9760768,563048500,Singapore,293,46,114084,89431,US_NSS,"Mar 19, 21:00",8.7,28.81503 N/93.5382 W,346.0°, 0.0 kn,2021-03-21,"Mar 21, 2021 10:21 UTC"
MINERVA KALYMNOS,9869942,215890000,Malta,-,-,115635,89000,CN LYG,"Mar 27, 16:01",11.6,20.79302 S/115.6263 E,234.0°, 9.9 kn,2021-03-21,"Mar 17, 2021 22:23 UTC"
HYUNDAI TECHNOPIA,9155145,441231000,Korea,289,48,113998,77584,KRTYG=>QARLF,"Mar 26, 05:00",10.4,3.92838 N/100.04537 E,307.0°, 17.6 kn,2021-03-21,"Feb 14, 2021 07:01 UTC"
HYUNDAI COSMOPIA,9155157,441260000,Korea,289,48,113998,77591,KRPTK,"Apr 4, 23:00",11.4,26.11595 N/54.93632 E,96.2°, 17.8 kn,2021-03-21,"Mar 20, 2021 23:08 UTC"
PSKOV,9630028,636016229,Liberia,300,46,113876,93152,ATLANTIC OCEAN FO,"Apr 7, 23:00",9.4,6.22171 S/105.5405 E,245.6°, 15.3 kn,2021-03-21,"Mar 15, 2021 18:39 UTC"
SCF MITRE,9654880,636016378,Liberia,300,46,113876,93585,FOR ORDERS,"Apr 4, 00:01",11.7,32.65452 S/71.77359 W,334.7°, 11.4 kn,2021-03-21,"Feb 28, 2021 19:48 UTC"
SCF MELAMPUS,9654878,636016376,Liberia,300,46,113876,93508,GLADSTONE / AUGLT,"Mar 18, 02:00",9.4,23.77778 S/151.19554 E,113.6°, 0.0 kn,2021-03-21,"Mar 21, 2021 10:15 UTC"
VELIKIY NOVGOROD,9630004,636016219,Liberia,300,46,113876,93486,INDIAN OC. FOR ORDER,"Apr 13, 21:01",11.5,33.80217 S/17.88227 E,274.2°, 16.1 kn,2021-03-21,"Mar 1, 2021 12:55 UTC"
GLOBAL ENERGY,9845013,538008899,Marshall Islands,295,46,113822,96000,TBC,"Mar 31, 00:01",11.5,25.70722 N/76.96394 W,63.4°, 15.1 kn,2021-03-21,"Mar 19, 2021 09:43 UTC"
GLOBAL STAR,9859741,538009028,Marshall Islands,295,46,113822,95000,"ZHOUSHAN, CHINA","Mar 23, 22:00",11.2,23.96387 S/152.11203 E,97.4°, 19.1 kn,2021-03-21,"Mar 13, 2021 12:31 UTC"
MINERVA PSARA,9854363,215865000,Malta,295,46,113817,93500,FOR ORDERS,"Mar 23, 05:00",9.4,25.34004 N/79.72959 W,197.0°, 15.2 kn,2021-03-21,"Mar 21, 2021 00:26 UTC"
MARAN GAS ANDROS,9810379,241670000,Greece,295,46,113793,96000,FOR ORDERS,"Apr 25, 21:00",11.2,25.92203 N/91.76784 W,108.3°, 17.9 kn,2021-03-21,"Mar 20, 2021 00:25 UTC"
MARAN GAS SPETSES,9767950,241579000,Greece,295,46,113763,94945,BARROW ISLAND.AUS,"Mar 25, 22:00",10.2,36.91716 N/126.02964 E,204.2°, 14.0 kn,2021-03-21,"Mar 15, 2021 01:20 UTC"
MARAN GAS CHIOS,9753014,241636000,Greece,295,46,113763,94945,FOR ORDERS,"Mar 22, 18:00",11.4,26.32438 N/79.42792 W,357.8°, 19.0 kn,2021-03-21,"Mar 13, 2021 00:32 UTC"
WOODSIDE CHANEY,9753026,241637000,Greece,295,46,113763,95000,FOR ORDERS,"Mar 29, 21:00",11.1,20.16023 S/116.86775 E,30.2°, 14.0 kn,2021-03-21,"Mar 21, 2021 05:54 UTC"
MARIA ENERGY,9659725,636017445,Liberia,290,46,113664,93301,SETUBAL,"Apr 1, 00:00",9.0,37.61583 N/10.08823 W,340.4°, 13.5 kn,2021-03-21,"Mar 21, 2021 10:26 UTC"
MARAN GAS ACHILLES,9682588,241365000,Greece,290,46,113502,92713,FOR ORDERS,"Apr 6, 01:30",11.7,19.28101 N/64.9803 W,99.4°, 17.8 kn,2021-03-21,"Mar 13, 2021 00:55 UTC"
MARAN GAS LETO,9682576,241355000,Greece,290,46,113502,81739,FOR ORDERS,"Mar 22, 00:01",9.0,22.27516 N/119.7402 E,209.2°, 19.0 kn,2021-03-21,"Mar 18, 2021 02:38 UTC"
MARAN GAS ULYSSES,9709491,241404000,Greece,290,46,113502,92621,FOR ORDERS,"Mar 28, 10:00",9.2,49.7595 N/11.45271 W,252.4°, 14.0 kn,2021-03-21,"Mar 17, 2021 17:26 UTC"
MARAN GAS PERICLES,9709489,241424000,Greece,290,46,113502,92776,FOR ORDERS,"Mar 21, 14:01",9.2,34.53885 N/139.50501 E,200.6°, 13.2 kn,2021-03-21,"Mar 9, 2021 07:45 UTC"
MARAN GAS AGAMEMNON,9682590,241405000,Greece,290,46,113502,92762,AUSTRALIA,"Mar 30, 06:00",9.0,34.38924 N/137.09822 E,167.3°, 14.8 kn,2021-03-21,"Mar 17, 2021 04:38 UTC"
FLEX COURAGEOUS,9825439,538008206,Marshall Islands,295,46,113428,95618,FOR ORDERS,"Mar 1, 12:00",9.9,9.38863 N/79.96156 W,76.7°, 0.0 kn,2021-03-21,"Mar 21, 2021 10:26 UTC"
CESI LIANYUNGANG,9672818,477151600,Hong Kong,290,46,113397,95713,GLADSTONE AUS,"Mar 29, 01:30",9.3,36.22017 N/124.15216 E,175.6°, 19.1 kn,2021-03-21,"Mar 18, 2021 09:23 UTC"
CESI GLADSTONE,9672820,477348600,Hong Kong,290,46,113397,95638,"GLD,AUS","Apr 3, 14:01",9.2,22.92433 N/116.36869 E,148.0°, 0.1 kn,2021-03-21,"Mar 21, 2021 10:27 UTC"
CESI QINGDAO,9672832,477584200,Hong Kong,290,46,113397,95641,GLADSTONE.AUS,"Mar 31, 14:00",9.4,38.35168 N/121.95494 E,99.7°, 18.3 kn,2021-03-21,"Mar 20, 2021 15:30 UTC"
CESI WENZHOU,9694751,477121700,Hong Kong,290,46,113397,95530,BHY CN,"Mar 30, 22:00",11.4,23.28355 S/151.59788 E,16.5°, 18.2 kn,2021-03-21,"Mar 20, 2021 03:25 UTC"
CESI BEIHAI,9672844,477884800,Hong Kong,290,46,113397,95599,CN SHENZHEN,"Mar 25, 04:30",11.3,23.23975 S/151.61618 E,14.1°, 17.5 kn,2021-03-21,"Mar 14, 2021 11:42 UTC"
BAHRAIN SPIRIT,9771080,408919000,Bahrain,295,46,113274,95289,FAR EAST FOR ORDERS,"Mar 31, 14:00",11.7,8.35744 N/79.45741 W,179.8°, 17.5 kn,2021-03-21,"Mar 9, 2021 02:03 UTC"
OAK SPIRIT,9681699,311000247,Bahamas,295,46,113263,95452,FOR ORDERS,"Apr 15, 18:30",10.9,24.00421 N/87.1154 W,126.0°, 17.1 kn,2021-03-21,"Mar 17, 2021 00:52 UTC"
MEGARA,9770945,311000478,Bahamas,295,46,113263,95212,-,-,9.7,24.53446 N/57.88216 E,123.1°, 19.3 kn,2021-03-21,"Mar 4, 2021 08:22 UTC"
MAGDALA,9770921,311000476,Bahamas,295,46,113263,95449,US NSS,"Mar 20, 11:00",9.7,29.74358 N/93.87124 W,278.8°, 0.0 kn,2021-03-21,"Mar 21, 2021 10:22 UTC"
TORBEN SPIRIT,9721401,311000520,Bahamas,295,46,113263,95253,OMMCT,"Mar 26, 11:00",9.6,6.14062 N/96.75945 E,280.1°, 15.6 kn,2021-03-21,"Mar 18, 2021 19:04 UTC"
MUREX,9705641,311000475,Bahamas,295,46,113263,95235,-,-,9.9,22.11147 N/119.87261 E,177.8°, 13.4 kn,2021-03-21,"Mar 16, 2021 04:23 UTC"
MACOMA,9705653,311000472,Bahamas,295,46,113263,95253,FOR ORDERS,"Apr 16, 05:00",9.3,22.28892 N/122.24767 E,198.5°, 13.4 kn,2021-03-21,"Mar 16, 2021 19:31 UTC"
MYRINA,9770933,311000477,Bahamas,295,46,113263,95378,-,-,9.5,34.81259 N/129.18917 E,232.2°, 15.3 kn,2021-03-21,"Mar 8, 2021 16:59 UTC"
FLEX ENDEAVOUR,9762261,215386000,Malta,295,46,113049,95803,-,"Mar 15, 00:01",9.6,33.88722 N/134.89872 E,176.1°, 14.2 kn,2021-03-21,"Mar 7, 2021 09:47 UTC"
MARAN GAS VERGINA,9732369,241467000,Greece,295,46,113037,95194,PACIFIC OCEAN,"Mar 21, 21:00",9.4,23.76282 S/151.18482 E,118.0°, 0.0 kn,2021-03-21,"Mar 21, 2021 10:26 UTC"
MARAN GAS ROXANA,9701229,241415000,Greece,295,46,113037,95194,FOR ORDERS,"Apr 6, 06:00",9.4,16.87296 N/68.45341 E,215.6°, 15.1 kn,2021-03-21,"Mar 19, 2021 10:46 UTC"
MARAN GAS AMPHIPOLIS,9701217,241414000,Greece,295,46,113037,95194,FOR_ORDERS,"Apr 9, 00:00",12.3,32.68429 S/71.63541 W,330.6°, 11.2 kn,2021-03-21,"Mar 8, 2021 13:18 UTC"
TESSALA,9761243,605076060,Algeria,291,46,112867,94575,DZBTA,"Mar 21, 06:00",9.3,37.44459 N/0.41309 E,198.0°, 13.4 kn,2021-03-21,"Mar 21, 2021 02:15 UTC"
OUGARTA,9761267,605076070,Algeria,291,46,112867,94575,ESFRO,"Mar 22, 08:25",9.0,42.2293 N/9.81236 W,5.0°, 7.3 kn,2021-03-21,"Mar 21, 2021 10:21 UTC"
PRACHI,9723801,563178000,Singapore,295,46,112791,90328,KR YOS  >> AU BWB,"Mar 23, 20:00",9.4,33.63612 N/126.61478 E,71.7°, 14.8 kn,2021-03-21,"Mar 9, 2021 22:17 UTC"
GASLOG GIBRALTAR,9707510,310757000,Bermuda,291,46,112764,87981,NGBON>ESLPA,"Mar 22, 20:00",11.4,19.64049 N/20.74474 W,2.7°, 16.7 kn,2021-03-21,"Mar 21, 2021 09:21 UTC"
GASLOG GENEVA,9707508,310755000,Bermuda,291,46,112764,87760,BONNY NG,"Mar 26, 08:00",9.6,33.48341 S/17.79465 E,315.8°, 11.9 kn,2021-03-21,"Mar 18, 2021 11:59 UTC"
GASLOG GREECE,9687019,310732000,Bermuda,291,46,112764,87975,ATLANTIC BASIN,"Apr 1, 05:00",9.5,2.94045 N/100.88905 E,312.5°, 12.9 kn,2021-03-21,"Mar 12, 2021 07:35 UTC"
GASLOG GLASGOW,9687021,310744000,Bermuda,291,46,112764,87889,XZPAN,"Apr 1, 13:00",9.7,37.30961 N/138.20759 E,327.2°, 12.9 kn,2021-03-21,"Mar 8, 2021 01:40 UTC"
LNG JAMAL,9200316,432278000,Japan,290,46,112090,72692,"QALHAT,OMAN","Apr 9, 07:00",9.4,14.89885 N/69.74349 E,107.9°, 1.2 kn,2021-03-21,"Mar 21, 2021 05:27 UTC"
GOLAR MAZO,9165011,636011170,Liberia,290,47,111835,76210,-,-,9.0,5.14819 N/115.36451 E,231.0°, 0.1 kn,2021-03-21,"Apr 17, 2020 09:46 UTC"
CASTILLO DE SANTISTEBAN,9433717,215739000,Malta,300,46,111665,93796,PACIFIC  BASIN,"Mar 25, 02:00",9.6,37.86194 N/123.39499 E,115.0°, 17.1 kn,2021-03-21,"Mar 19, 2021 19:04 UTC"
PACIFIC NOTUS,9247962,311573000,Bahamas,290,46,111553,72490,JP_KWS,"Mar 25, 00:45",11.3,20.78525 S/114.86285 E,118.0°, 14.5 kn,2021-03-21,"Mar 11, 2021 19:19 UTC"
PACIFIC EURUS,9264910,308937000,Bahamas,290,46,111539,68541,YUNG AN TW,"Mar 31, 00:01",11.1,12.1263 S/130.28695 E,295.0°, 17.0 kn,2021-03-21,"Mar 20, 2021 05:49 UTC"
ABADI,9210828,508011000,Brunei,290,46,111461,72758,SG PGBG,"Mar 22, 02:00",9.2,7.7792 N/103.41981 E,134.7°, 13.1 kn,2021-03-21,"Mar 19, 2021 04:52 UTC"
ETYFA PROMETHEAS,9236614,564644000,Cyprus,290,46,111459,72781,FOR ORDERS,"Aug 6, 22:00",9.0,31.37455 N/121.69488 E,148.0°, 0.0 kn,2021-03-21,"Mar 21, 2021 09:56 UTC"
BW TATIANA,9236626,538008991,Marshall Islands,290,46,111459,72781,-,-,,1.30362 N/103.65119 E,201.1°, 0.1 kn,2021-03-21,"Dec 22, 2020 03:54 UTC"
GEMMATA,9253222,563574000,Singapore,290,46,111459,72727,-,-,10.1,10.9581 N/61.62766 W,60.8°, 15.0 kn,2021-03-21,"Mar 18, 2021 01:40 UTC"
SOHAR LNG,9210816,357186000,Panama,298,46,111203,71997,OM DQM,"Feb 18, 03:30",9.6,19.74491 N/57.83238 E,265.7°, 0.1 kn,2021-03-21,"Feb 25, 2021 09:54 UTC"
DUKHAN,9265500,636012400,Liberia,298,46,111162,72533,DAMPIER AUS,"Mar 24, 21:00",9.1,12.34009 S/130.71467 E,315.7°, 7.5 kn,2021-03-21,"Mar 1, 2021 06:45 UTC"
AL RAYYAN,9086734,431901000,Japan,298,46,111128,72430,QA_RLF,"Mar 17, 09:00",9.0,25.85383 N/51.79372 E,209.9°, 0.3 kn,2021-03-21,"Mar 21, 2021 10:25 UTC"
RIBERA DEL DUERO KNUTSEN,9477593,259082000,Norway,290,46,111109,96740,USCRP,"Mar 28, 00:01",9.6,36.99055 N/15.32632 W,259.9°, 20.0 kn,2021-03-21,"Mar 16, 2021 21:41 UTC"
AL ZUBARAH,9085649,431881000,Japan,298,46,111079,72557,JP KIJ,"Apr 3, 00:01",11.3,5.79512 N/80.19275 E,188.1°, 14.5 kn,2021-03-21,"Mar 19, 2021 05:22 UTC"
BARCELONA KNUTSEN,9401295,224436000,Spain,290,46,110920,97730,-,-,11.1,27.48002 N/93.9529 W,118.2°, 20.4 kn,2021-03-21,"Mar 21, 2021 05:13 UTC"
SEVILLA KNUTSEN,9414632,224072000,Spain,290,46,110920,97730,ORDERS,"Apr 11, 11:00",9.4,36.91495 N/126.06506 E,213.9°, 13.8 kn,2021-03-21,"Mar 16, 2021 10:35 UTC"
VALENCIA KNUTSEN,9434266,225420000,Spain,290,46,110920,97730,POINT FORTIN,"Mar 25, 10:00",9.3,37.2329 N/26.54532 W,238.0°, 17.4 kn,2021-03-21,"Mar 18, 2021 20:24 UTC"
SHAHAMAH,9035852,636010085,Liberia,293,46,110895,71931,IN HZA>AE DAS,"Mar 21, 05:00",10.4,25.08137 N/52.9606 E,111.7°, 0.0 kn,2021-03-21,"Mar 21, 2021 07:36 UTC"
GHASHA,9038452,636010183,Liberia,293,46,110895,71593,>CN YIU LIAN DD,"Mar 11, 05:05",7.5,22.50091 N/113.84511 E,194.3°, 0.0 kn,2021-03-21,"Mar 21, 2021 10:27 UTC"
ISH,9035864,636010329,Liberia,293,46,110895,71564,CN SZX>AE DAS,"Apr 8, 02:02",9.8,1.25399 N/103.99145 E,249.4°, 11.5 kn,2021-03-21,"Mar 21, 2021 10:27 UTC"
AL KHAZNAH,9038440,636010034,Liberia,293,46,110895,71543,IN DAH > AE DAS,"Apr 2, 03:03",9.5,25.27046 N/56.54043 E,343.1°, 0.3 kn,2021-03-21,"Mar 21, 2021 10:26 UTC"
STENA CRYSTAL SKY,9383900,235099946,United Kingdom,298,46,109949,96889,...,"Apr 13, 00:01",9.0,23.34827 N/122.37817 E,14.0°, 17.5 kn,2021-03-21,"Mar 9, 2021 22:24 UTC"
STENA CLEAR SKY,9413327,235100007,United Kingdom,298,46,109949,96811,CL QTV,"Mar 25, 04:00",11.7,8.47702 N/79.45513 W,179.0°, 18.4 kn,2021-03-21,"Mar 19, 2021 00:52 UTC"
EKAPUTRA 1,8706155,525022371,Indonesia,290,46,109281,78988,ID BXT,"Mar 10, 03:00",8.9,5.60393 S/107.51785 E,96.3°, 12.6 kn,2021-03-21,"Mar 6, 2021 06:48 UTC"
METHANE BECKI ANNE,9516129,310597000,Bermuda,291,45,109004,86269,NGBON,"Apr 10, 00:01",9.1,1.32266 N/103.29855 E,308.1°, 17.8 kn,2021-03-21,"Mar 20, 2021 08:42 UTC"
METHANE PATRICIA CAMILA,9425277,310606000,Bermuda,291,45,109004,86272,FOR ORDERS,"Mar 26, 22:00",11.3,23.21241 S/151.61618 E,29.8°, 17.8 kn,2021-03-21,"Mar 16, 2021 11:52 UTC"
METHANE JULIA LOUISE,9412880,310584000,Bermuda,290,45,109004,86125,FOR ORDERS,"Mar 26, 04:00",11.6,37.02878 N/126.22177 E,237.6°, 14.1 kn,2021-03-21,"Mar 2, 2021 10:06 UTC"
SERI BALQIS,9331672,533894000,Malaysia,295,47,107633,91198,FALMOUTH,"Mar 18, 13:00",9.6,50.10735 N/5.04775 W,78.0°, 0.0 kn,2021-03-21,"Mar 21, 2021 10:27 UTC"
SERI BALHAF,9331660,533868000,Malaysia,295,47,107633,91201,US FOR ORDER,"Mar 5, 09:00",9.8,38.82882 N/31.33967 W,260.0°, 14.1 kn,2021-03-21,"Mar 19, 2021 14:33 UTC"
ENERGY ATLANTIC,9649328,256647000,Malta,290,46,106771,89766,FAR EAST FOR ORDERS,"Mar 25, 06:00",11.4,1.42439 N/104.49126 E,57.0°, 10.4 kn,2021-03-21,"Mar 18, 2021 13:30 UTC"
TORMAN II,9006681,538008702,Marshall Islands,272,47,106151,67554,-,-,9.1,1.47083 N/103.82903 E,79.0°, 0.0 kn,2021-03-21,"Mar 21, 2021 10:14 UTC"
ADAM LNG,9501186,538005753,Marshall Islands,289,46,105975,90986,US FPO,"Mar 26, 06:00",9.4,35.65221 N/8.76974 W,263.6°, 14.1 kn,2021-03-21,"Mar 12, 2021 10:10 UTC"
BW PAVILION LEEARA,9640645,565515000,Singapore,289,46,105945,91496,CAMERON ANCHORAGE,"Mar 19, 02:00",9.0,29.25817 N/93.26008 W,163.2°, 0.0 kn,2021-03-21,"Mar 21, 2021 10:09 UTC"
BW PAVILION VANDA,9640437,565513000,Singapore,289,46,105945,91515,CORPUS CHRISTI USA,"Apr 19, 12:00",9.5,1.31298 N/103.32045 E,312.1°, 15.9 kn,2021-03-21,"Mar 16, 2021 16:02 UTC"
CLEAN VISION,9655456,256245000,Malta,289,46,105943,89863,TW_YAN,"Mar 16, 09:00",11.1,22.81185 N/120.20111 E,108.6°, 0.0 kn,2021-03-21,"Mar 21, 2021 10:17 UTC"
CLEAN OCEAN,9637492,538005350,Marshall Islands,289,46,105943,89956,MURMANSK,"Mar 20, 09:00",9.2,70.52464 N/33.1618 E,112.3°, 15.2 kn,2021-03-21,"Mar 16, 2021 03:16 UTC"
CLEAN HORIZON,9655444,256083000,Malta,289,46,105943,89831,CN QDG>EG SUZ,"Mar 27, 10:00",9.3,3.75071 N/100.03878 E,311.0°, 15.6 kn,2021-03-21,"Mar 14, 2021 22:19 UTC"
CLEAN PLANET,9637507,538005351,Marshall Islands,289,46,105943,89848,NLRTM,"Mar 22, 19:00",11.3,52.01454 N/3.46861 E,115.2°, 0.2 kn,2021-03-21,"Mar 21, 2021 10:25 UTC"
GOLAR GLACIER,9654696,538005373,Marshall Islands,289,46,105832,79602,FOR ORDERS,"Apr 15, 00:01",9.6,15.85057 N/88.57778 E,215.7°, 18.2 kn,2021-03-21,"Mar 16, 2021 03:22 UTC"
GOLAR KELVIN,9654701,538005374,Marshall Islands,289,46,105832,90607,FOR ORDERS,"Mar 22, 20:00",9.4,49.09108 N/7.27355 W,241.6°, 14.3 kn,2021-03-21,"Mar 15, 2021 06:29 UTC"
MARAN GAS APOLLONIA,9633422,241275000,Greece,289,46,105773,90434,FOR ORDERS,"Mar 19, 05:00",9.2,27.88005 N/97.26667 W,215.7°, 0.0 kn,2021-03-21,"Mar 21, 2021 10:21 UTC"
MARAN GAS POSIDONIA,9633434,241290000,Greece,289,46,105773,90349,"CAMERON, USA","Apr 18, 11:00",9.2,3.16669 N/100.70411 E,316.2°, 14.5 kn,2021-03-21,"Mar 12, 2021 14:09 UTC"
MARAN GAS SPARTA,9650042,241289000,Greece,289,46,105773,90392,FOR ORDERS,"Mar 26, 22:00",11.3,24.69238 N/122.71697 E,6.6°, 14.7 kn,2021-03-21,"Mar 20, 2021 15:23 UTC"
LNG VESTA,9020766,431642000,Liberia,272,47,105708,68522,-,-,5.4,1.29651 N/103.65775 E,177.9°, 0.1 kn,2021-03-21,"May 8, 2020 06:36 UTC"
SERI BAKTI,9331634,533380000,Malaysia,290,47,105335,90065,AU,"Mar 23, 22:00",9.7,34.3249 N/139.48443 E,218.5°, 14.9 kn,2021-03-21,"Mar 13, 2021 08:28 UTC"
SERI BEGAWAN,9331646,533016000,Malaysia,290,47,105335,89902,GLADSTONE,"Mar 24, 20:00",9.6,1.408 N/104.4875 E,52.0°, 15.2 kn,2021-03-21,"Mar 10, 2021 14:46 UTC"
NORTHWEST SANDPIPER,8913150,503002000,Australia,272,47,105010,66768,SG SIN,"Apr 2, 01:00",8.9,19.06083 S/117.55208 E,26.0°, 13.3 kn,2021-03-21,"Mar 8, 2021 12:01 UTC"
KARMOL LNGT POWERSHIP AFRICA,9043677,636019705,Liberia,272,47,104968,70593,RAFFLES ANCHORAGE,"Mar 19, 08:00",10.1,1.17403 N/103.75775 E,318.0°, 0.3 kn,2021-03-21,"Mar 21, 2021 10:25 UTC"
SERI BIJAKSANA,9331658,533051000,Malaysia,290,47,104881,89953,MY PGG,"Mar 28, 00:00",11.0,23.19955 S/151.64392 E,55.4°, 17.4 kn,2021-03-21,"Mar 17, 2021 12:53 UTC"
SONANGOL SAMBIZANGA,9475600,311027900,Bahamas,291,43,104537,87104,NA WVB>AO LAD,"Mar 21, 13:14",9.4,22.81318 S/14.48298 E,325.9°, 10.8 kn,2021-03-21,"Mar 19, 2021 06:52 UTC"
SONANGOL ETOSHA,9482299,311027800,Bahamas,291,43,104537,87294,AO SZA>PK BQM,"Apr 2, 19:01",11.8,22.63518 S/14.21884 E,295.2°, 16.0 kn,2021-03-21,"Mar 7, 2021 17:17 UTC"
SONANGOL BENGUELA,9482304,311038100,Bahamas,291,43,104537,87169,BR RIO>AO SZA,"Mar 26, 05:05",9.6,7.32283 S/9.82233 E,243.6°, 18.2 kn,2021-03-21,"Mar 2, 2021 02:10 UTC"
ARWA SPIRIT,9339260,538003267,Marshall Islands,285,43,104169,82187,FOR ORDERS,"Apr 1, 00:01",9.3,33.84179 S/18.14708 E,300.6°, 11.0 kn,2021-03-21,"Mar 10, 2021 13:23 UTC"
MERIDIAN SPIRIT,9369904,219061000,Denmark,285,43,104169,81929,SABINE PASS,"Mar 24, 06:00",9.5,35.75414 N/8.27282 W,258.0°, 17.8 kn,2021-03-21,"Mar 12, 2021 14:34 UTC"
MARIB SPIRIT,9336749,538001576,Marshall Islands,285,43,104169,81400,FOR ORDERS,"Mar 24, 15:30",11.2,39.11728 N/30.72422 W,72.0°, 18.6 kn,2021-03-21,"Mar 20, 2021 18:02 UTC"
WOODSIDE DONALDSON,9369899,564629000,Singapore,285,43,104169,82085,AU DAMPIER,"Mar 23, 05:00",9.4,1.43284 N/104.50874 E,49.7°, 14.1 kn,2021-03-21,"Mar 17, 2021 17:41 UTC"
MAGELLAN SPIRIT,9342487,220636000,Denmark,285,43,104169,82265,CORPUS CHRISTI,"Apr 6, 05:00",9.3,24.17184 N/85.0522 W,108.0°, 20.6 kn,2021-03-21,"Feb 25, 2021 21:28 UTC"
METHANE SPIRIT,9336737,311000135,Bahamas,285,43,104169,81400,JP SODESHI,"Mar 23, 00:00",12.1,34.89744 N/129.15317 E,178.7°, 11.2 kn,2021-03-21,"Feb 24, 2021 05:42 UTC"
MARAN GAS EFESSOS,9627497,241291000,Greece,294,44,103928,89711,FOR ORDERS,"Mar 22, 06:00",9.7,32.68304 S/71.66342 W,315.6°, 14.7 kn,2021-03-21,"Mar 19, 2021 16:51 UTC"
WOODSIDE GOODE,9633161,241276000,Greece,294,44,103928,90125,FOR ORDERS,"Mar 23, 00:00",11.1,17.84744 S/118.26542 E,27.1°, 18.2 kn,2021-03-21,"Feb 28, 2021 18:35 UTC"
MARAN GAS DELPHI,9633173,241287000,Greece,294,44,103928,89670,FOR ORDERS,"Mar 25, 00:01",11.5,24.65905 N/122.67504 E,19.8°, 15.2 kn,2021-03-21,"Mar 21, 2021 01:19 UTC"
CORCOVADO LNG,9636711,229471000,Malta,294,44,103905,89624,FOR ORDERS,"Mar 25, 23:01",9.3,20.03689 N/59.42742 E,210.7°, 15.1 kn,2021-03-21,"Mar 17, 2021 10:43 UTC"
KITA LNG,9636723,229581000,Malta,294,44,103902,89752,-,-,9.3,14.42897 N/119.74584 E,0.5°, 10.7 kn,2021-03-21,"Feb 19, 2021 07:07 UTC"
MARAN GAS MYSTRAS,9658238,241350000,Greece,294,44,103893,89269,ATLANTIC FOR ORDERS,"Apr 2, 17:00",9.5,33.76321 S/18.08295 E,308.7°, 12.8 kn,2021-03-21,"Mar 7, 2021 07:18 UTC"
MARAN GAS TROY,9658240,241352000,Greece,294,44,103893,89240,CADIZ SPAIN,"Mar 8, 18:00",9.0,36.52752 N/6.27764 W,219.0°, 0.0 kn,2021-03-21,"Mar 10, 2021 20:14 UTC"
PALU LNG,9636735,229582000,Malta,294,44,103885,89874,FOR ORDERS,"Mar 30, 19:30",11.2,12.39478 S/130.75485 E,320.7°, 11.0 kn,2021-03-21,"Mar 19, 2021 06:08 UTC"
YARI LNG,9636747,229583000,Malta,294,44,103885,89804,AUDRW,"Mar 22, 12:01",9.3,36.11938 N/123.88814 E,171.6°, 18.5 kn,2021-03-21,"Mar 15, 2021 01:17 UTC"
YK SOVEREIGN,9038816,441498000,Korea,274,47,103764,72020,KRINC,"Mar 27, 02:00",10.5,23.36836 S/151.58094 E,16.8°, 16.1 kn,2021-03-21,"Mar 15, 2021 00:19 UTC"
HYUNDAI UTOPIA,9018555,441223000,Korea,274,47,103764,71909,KRTYG=>IDLUW,"Mar 22, 00:00",9.4,34.78452 N/128.9497 E,343.0°, 13.7 kn,2021-03-21,"Mar 14, 2021 00:43 UTC"
BW BRUSSELS,9368314,563089400,Singapore,295,43,103670,89452,ALGECIRAS OPL,"Mar 18, 15:00",9.2,35.91596 N/6.9515 W,270.0°, 18.0 kn,2021-03-21,"Mar 18, 2021 21:09 UTC"
NORTH ENERGY,8014409,538007753,Marshall Islands,283,45,102390,67055,-,-,6.7,31.71652 N/121.11564 E,18.8°, 0.2 kn,2021-03-21,"Mar 12, 2020 06:58 UTC"
8110203,Not in Service since 2018,538007892,LNG Tanker,67219,283,,102390,LINGGI,"Feb 20, 01:00",9.6,2.36715 N/101.9162 E,29.0°, 0.0 kn,2021-03-21,"Mar 21, 2021 10:20 UTC"
WILFORCE,9627954,258702000,Norway,290,44,102315,87750,CNZOS,"Mar 28, 22:00",11.5,1.31302 N/104.36253 E,48.4°, 12.7 kn,2021-03-21,"Mar 11, 2021 04:53 UTC"
WILPRIDE,9627966,258703000,Norway,290,44,102315,87677,OPEN SEA FOR ORDER,"Apr 14, 23:00",11.4,13.59514 N/61.18573 W,108.1°, 17.6 kn,2021-03-21,"Mar 16, 2021 15:49 UTC"
GOLAR ICE,9637325,538004976,Marshall Islands,281,43,102200,81534,FOR ORDERS,"Mar 27, 23:59",9.1,36.16807 N/2.22043 W,65.0°, 11.0 kn,2021-03-21,"Mar 21, 2021 10:26 UTC"
GOLAR SNOW,9635315,538004981,Marshall Islands,281,43,102200,82200,FOR ORDERS,"Apr 5, 00:01",9.2,37.93607 N/9.50908 E,265.0°, 16.4 kn,2021-03-21,"Mar 21, 2021 05:53 UTC"
GOLAR CRYSTAL,9624926,538004985,Marshall Islands,286,43,102100,82058,FOR ORDERS,"Mar 31, 00:01",11.5,16.45352 N/27.47615 W,43.8°, 14.0 kn,2021-03-21,"Mar 21, 2021 10:09 UTC"
GOLAR FROST,9655042,538004975,Marshall Islands,281,43,102100,82005,FOR ORDERS,"Apr 1, 23:00",11.9,20.44704 S/55.29336 E,58.2°, 15.3 kn,2021-03-21,"Mar 15, 2021 12:42 UTC"
GOLAR SEAL,9624914,538004980,Marshall Islands,281,43,102100,82048,FUJAIRAH FOR ORDER,"Mar 28, 21:01",9.5,1.37001 N/103.25003 E,303.6°, 14.0 kn,2021-03-21,"Mar 19, 2021 06:24 UTC"
GOLAR CELSIUS,9626027,538004984,Marshall Islands,281,43,102100,82029,FOR ORDERS,"Mar 27, 12:00",9.1,35.17045 N/14.15507 W,257.0°, 11.3 kn,2021-03-21,"Mar 12, 2021 08:07 UTC"
GOLAR BEAR,9626039,538004983,Marshall Islands,281,43,102100,82017,ATLANTIC-FOR ORDERS,"Mar 6, 20:00",9.4,49.32322 N/5.36409 W,250.0°, 10.3 kn,2021-03-21,"Mar 11, 2021 22:45 UTC"
GOLAR PENGUIN,9624938,538004979,Marshall Islands,280,43,102100,82181,USA FOR ORDERS,"Mar 25, 00:01",9.6,13.5673 N/61.22358 W,279.8°, 21.4 kn,2021-03-21,"Mar 20, 2021 05:35 UTC"
COOL VOYAGER,9636785,229553000,Malta,281,43,102097,81890,DZ AZW,"Mar 18, 20:00",9.3,36.08046 N/0.98508 W,83.0°, 11.9 kn,2021-03-21,"Mar 20, 2021 19:56 UTC"
COOL RUNNER,9636797,229673000,Malta,281,43,102097,81891,ATLANTIC BASIN,"Mar 27, 00:01",11.6,42.25107 N/19.85396 W,51.0°, 13.4 kn,2021-03-21,"Mar 21, 2021 05:19 UTC"
COOL EXPLORER,9640023,229796000,Malta,281,43,102097,81893,EAST OPL ANCH,"Feb 20, 02:00",9.0,1.43903 N/104.71157 E,174.7°, 0.0 kn,2021-03-21,"Mar 7, 2021 15:51 UTC"
TRISTAR RUBY,9333606,636092943,Liberia,288,44,102064,84491,AU WNB,"Apr 1, 22:00",9.6,22.10792 N/114.75324 E,136.0°, 17.2 kn,2021-03-21,"Mar 17, 2021 07:18 UTC"
KMARIN EMERALD,9333591,235050369,Isle of Man,288,44,102064,84303,FOR ORDER,"Apr 20, 11:00",11.4,24.45972 N/86.28714 W,113.0°, 17.7 kn,2021-03-21,"Mar 21, 2021 07:21 UTC"
BRITISH SAPPHIRE,9333618,235060454,Isle of Man,288,44,102064,84455,FR LAV,"Mar 26, 06:00",11.3,36.7877 N/75.71977 W,119.8°, 13.3 kn,2021-03-21,"Mar 14, 2021 21:47 UTC"
KMARIN DIAMOND,9333620,235060455,Isle of Man,288,44,102064,84553,PGCAU,"Mar 31, 14:01",9.4,34.45692 N/139.49241 E,209.9°, 18.3 kn,2021-03-21,"Mar 20, 2021 05:04 UTC"
TANGGUH HIRI,9333632,309787000,Bahamas,288,44,101957,84467,FOR ORDER,"Mar 15, 01:00",9.6,3.68858 S/128.13673 E,346.5°, 0.0 kn,2021-03-21,"Mar 21, 2021 10:26 UTC"
TANGGUH SAGO,9361990,308741000,Bahamas,288,44,101957,84484,ID NTI,"Mar 29, 20:00",9.8,37.83974 N/122.72175 E,93.8°, 18.5 kn,2021-03-21,"Jan 1, 2021 20:38 UTC"
ASIA INTEGRITY,9680188,311000227,Bahamas,285,43,101427,82636,KR KAN,"Mar 24, 21:00",11.5,19.20839 S/117.43671 E,29.0°, 18.0 kn,2021-03-21,"Mar 15, 2021 14:46 UTC"
ASIA VISION,9606948,311000182,Bahamas,285,43,101427,82487,AU BWB,"Mar 25, 00:01",9.4,37.1434 N/126.39423 E,268.7°, 15.9 kn,2021-03-21,"Mar 7, 2021 06:10 UTC"
ASIA VENTURE,9680190,311000228,Bahamas,285,43,101427,82564,"HACHINOHE, JAPAN","Mar 31, 21:00",11.6,21.65573 S/115.01326 E,194.1°, 6.3 kn,2021-03-21,"Mar 17, 2021 23:52 UTC"
ASIA ENDEAVOUR,9610779,311000185,Bahamas,285,43,101427,82434,JP NAO,"Mar 24, 22:00",11.7,17.12133 S/117.095 E,38.0°, 18.2 kn,2021-03-21,"Feb 22, 2021 09:59 UTC"
ASIA ENERGY,9606950,311000183,Bahamas,285,43,101427,82424,"ASHBURTON,AUSTRALIA","Mar 28, 22:00",9.2,34.45596 N/139.49244 E,197.0°, 17.8 kn,2021-03-21,"Mar 15, 2021 06:44 UTC"
ASIA EXCELLENCE,9610767,311000184,Bahamas,285,43,101427,82721,CN GUT,"Mar 22, 23:00",11.5,19.92497 S/116.98571 E,55.0°, 18.8 kn,2021-03-21,"Mar 12, 2021 15:48 UTC"
POINT FORTIN,9375721,370833000,Panama,290,45,101129,79592,"FREEPORT,USA","Apr 9, 01:00",9.8,33.04714 N/27.66773 E,287.3°, 15.2 kn,2021-03-21,"Mar 21, 2021 10:27 UTC"
TRINITY GLORY,9350927,370668000,Panama,290,45,101126,79605,PGPOM,"Apr 7, 00:00",9.7,36.25532 N/124.66376 E,205.5°, 15.2 kn,2021-03-21,"Mar 19, 2021 14:48 UTC"
TRINITY ARROW,9319404,353392000,Panama,290,45,101094,79556,KWMEA,"Mar 29, 12:00",11.7,26.73965 N/34.61042 E,138.0°, 17.7 kn,2021-03-21,"Mar 21, 2021 04:27 UTC"
MALANJE,9490959,311038600,Bahamas,285,43,100723,82729,-,-,,1.29792 N/103.67914 E,169.0°, 0.0 kn,2021-03-21,"Mar 21, 2021 10:26 UTC"
CUBAL,9491812,311038400,Bahamas,285,43,100723,82834,SOYO,"Apr 7, 05:00",9.4,15.31013 N/68.09974 E,186.1°, 16.7 kn,2021-03-21,"Mar 16, 2021 12:58 UTC"
SOYO,9475208,311038500,Bahamas,285,43,100723,82858,FOR ORDERS,"Apr 1, 00:00",11.8,7.53559 S/10.83483 E,179.5°, 18.6 kn,2021-03-21,"Mar 7, 2021 15:34 UTC"
LOBITO,9490961,311038700,Bahamas,285,43,100723,82929,FOR ORDERS,"Apr 2, 05:00",9.6,20.78836 S/54.61585 E,233.0°, 16.5 kn,2021-03-21,"Mar 21, 2021 01:43 UTC"
HYUNDAI ECOPIA,9372999,370983000,Panama,288,44,100545,83959,"SAKHALIN, RUSSIA","Apr 7, 00:01",9.6,36.91758 N/126.05003 E,208.0°, 17.0 kn,2021-03-21,"Mar 12, 2021 06:40 UTC"
GRACE COSMOS,9323675,311191000,Bahamas,288,44,100481,85224,AU DAM,"Mar 27, 00:00",9.5,22.23632 N/114.78499 E,125.2°, 14.5 kn,2021-03-21,"Mar 18, 2021 09:53 UTC"
GASLOG CHELSEA,9390185,310670000,Bermuda,289,44,100374,86353,IDKU EGYPT,"Mar 30, 00:01",9.3,48.21636 N/6.40137 W,211.0°, 15.7 kn,2021-03-21,"Mar 21, 2021 08:47 UTC"
GRACE ACACIA,9315707,308136000,Bahamas,288,44,100341,85214,AU GLT,"Mar 27, 00:15",9.3,13.09996 N/144.11869 E,208.3°, 14.4 kn,2021-03-21,"Mar 19, 2021 06:45 UTC"
GRACE BARLERIA,9315719,431115000,Japan,288,44,100256,84812,BINTULU MALAYSIA,"Mar 28, 22:00",9.6,34.56834 N/139.72459 E,169.8°, 10.9 kn,2021-03-21,"Feb 19, 2021 16:06 UTC"
NEO ENERGY,9324277,636013234,Liberia,288,44,100253,85602,FOR ORDER,"Apr 17, 01:15",9.2,3.76626 N/100.01573 E,301.0°, 13.3 kn,2021-03-21,"Mar 17, 2021 21:19 UTC"
OB RIVER,9315692,538002846,Marshall Islands,288,44,100244,84682,RU PGN,"Mar 23, 06:00",9.4,34.5559 N/137.00937 E,135.1°, 12.3 kn,2021-03-21,"Feb 25, 2021 02:56 UTC"
CLEAN ENERGY,9323687,538002742,Marshall Islands,288,44,100244,85513,ATLANTIC FOR ORDERS,"Mar 18, 17:59",11.0,15.98252 N/72.46425 E,16.7°, 14.3 kn,2021-03-21,"Mar 18, 2021 01:17 UTC"
ARCTIC AURORA,9645970,229767000,Malta,288,44,100236,84604,US SAV,"Apr 30, 10:00",9.0,29.41299 N/22.45381 W,272.0°, 11.2 kn,2021-03-21,"Mar 17, 2021 21:28 UTC"
YENISEI RIVER,9629586,538005072,Marshall Islands,288,44,100236,84565,SG_SIN-->EG_SUZ,"Apr 1, 08:00",9.4,1.1636 N/103.7159 E,266.3°, 1.0 kn,2021-03-21,"Mar 21, 2021 10:27 UTC"
LENA RIVER,9629598,538005073,Marshall Islands,288,44,100236,84585,"DALIAN,CHINA","Apr 7, 16:00",11.5,26.6851 N/34.74443 E,144.5°, 17.8 kn,2021-03-21,"Mar 21, 2021 05:48 UTC"
K. MUGUNGWHA,9373010,370612000,Panama,288,43,99151,87442,HASKR,"Apr 9, 01:00",11.3,8.47021 N/79.43832 W,177.0°, 18.6 kn,2021-03-21,"Mar 16, 2021 01:15 UTC"
AL AREESH,9325697,311038000,Bahamas,288,43,99106,90617,ARMED GUARD ON BOARD,"Mar 24, 06:30",11.4,24.78103 N/57.35723 E,136.3°, 17.5 kn,2021-03-21,"Mar 17, 2021 17:04 UTC"
AL MARROUNA,9325685,311468000,Bahamas,288,43,99106,90617,QA RLF,"Mar 20, 00:01",9.3,25.93413 N/51.60756 E,294.6°, 0.0 kn,2021-03-21,"Mar 20, 2021 19:16 UTC"
AL DAAYEN,9325702,311133000,Bahamas,288,43,99106,90617,FOR ORDERS,"Mar 22, 10:00",9.2,24.65182 N/57.56719 E,308.0°, 13.3 kn,2021-03-21,"Mar 21, 2021 04:14 UTC"
LNG LOKOJA,9269960,310519000,Bermuda,288,43,98798,83965,TENERIFE SPAIN,"Mar 23, 07:00",9.4,35.33085 N/7.13402 W,229.0°, 14.6 kn,2021-03-21,"Mar 21, 2021 07:56 UTC"
LNG IMO,9311581,310565000,Bermuda,288,43,98798,83688,DAPENG,"Mar 29, 04:00",11.4,33.76856 S/17.37906 E,324.3°, 18.9 kn,2021-03-21,"Feb 21, 2021 13:02 UTC"
LNG ONDO,9311579,310550000,Bermuda,288,43,98798,83688,FRMTX,"Mar 28, 14:00",11.5,7.42643 N/15.56192 W,308.3°, 17.8 kn,2021-03-21,"Mar 21, 2021 10:23 UTC"
LNG KANO,9311567,310534000,Bermuda,288,43,98798,83961,NG BON>PT SIE,"Mar 21, 16:00",11.3,37.20219 N/10.01665 W,21.0°, 14.7 kn,2021-03-21,"Mar 21, 2021 10:25 UTC"
AMALI,9496317,508111132,Brunei,284,43,98490,72800,LABUAN MY,"Mar 28, 00:00",9.4,35.47275 N/139.96522 E,218.4°, 0.0 kn,2021-03-21,"Mar 21, 2021 04:40 UTC"
GASLOG SKAGEN,9626285,310664000,Bermuda,285,43,98451,81847,KR YOS,"Mar 3, 16:30",9.2,7.50794 N/75.97759 E,280.9°, 6.1 kn,2021-03-21,"Mar 17, 2021 10:52 UTC"
GASLOG SANTIAGO,9600530,310652000,Bermuda,285,43,98451,82178,FOR ORDERS,"Mar 22, 18:30",11.5,17.86163 N/71.82667 E,180.9°, 13.6 kn,2021-03-21,"Mar 21, 2021 10:27 UTC"
GASLOG SYDNEY,9626273,310657000,Bermuda,285,43,98451,82010,AUGLT>CNTSN,"Mar 31, 10:00",11.0,23.96512 S/152.15405 E,98.6°, 18.4 kn,2021-03-21,"Mar 20, 2021 14:39 UTC"
GASLOG SEATTLE,9634086,310669000,Bermuda,285,43,98075,81982,AUGLT,"Mar 21, 04:00",9.2,23.85079 S/151.62418 E,2.8°, 0.4 kn,2021-03-21,"Mar 21, 2021 10:26 UTC"
GASLOG SHANGHAI,9600528,310644000,Bermuda,285,43,98075,82104,PE FOR ORDES,"Mar 25, 08:00",9.0,13.06341 S/38.57113 W,181.4°, 14.5 kn,2021-03-21,"Mar 17, 2021 21:49 UTC"
GASLOG SARATOGA,9638903,310696000,Bermuda,285,45,98075,81855,BD CGP,"Mar 16, 16:00",11.2,21.375 N/91.78663 E,243.6°, 0.1 kn,2021-03-21,"Mar 21, 2021 10:24 UTC"
GASLOG SALEM,9638915,310699000,Bermuda,285,43,98075,82023,SABINE PASS,"Apr 23, 06:00",9.3,8.92564 N/81.96632 E,157.9°, 16.5 kn,2021-03-21,"Mar 14, 2021 22:17 UTC"
SHEN HAI,9583677,477413600,Hong Kong,290,43,98068,82625,CN YANGSHAN>MY BTU,"Mar 17, 22:00",9.7,29.56348 N/123.40003 E,190.9°, 17.9 kn,2021-03-21,"Mar 13, 2021 11:27 UTC"
TANGGUH JAYA,9349019,370502000,Panama,285,43,97897,82313,ID NTI,"Mar 23, 08:00",9.0,33.73791 N/134.92511 E,189.7°, 16.0 kn,2021-03-21,"Feb 4, 2021 06:40 UTC"
TANGGUH PALUNG,9355379,370766000,Panama,285,43,97897,82407,ID NTI,"Mar 27, 06:00",8.9,29.45429 N/122.87026 E,107.5°, 11.7 kn,2021-03-21,"Feb 19, 2021 12:33 UTC"
LNG BORNO,9322803,310543000,Bermuda,285,43,97874,82030,"DAHEJ,INDIA","Apr 5, 04:30",11.4,9.66466 N/18.13876 W,138.4°, 12.3 kn,2021-03-21,"Mar 11, 2021 06:17 UTC"
LNG OGUN,9322815,310542000,Bermuda,285,43,97874,81997,NG BON,"Mar 22, 08:00",9.3,8.8507 N/16.57425 W,133.3°, 11.0 kn,2021-03-21,"Mar 18, 2021 10:18 UTC"
DAPENG SUN,9308479,477985700,Hong Kong,292,43,97871,83050,AU DAM>CN DPG,"Mar 26, 02:00",11.4,20.30561 S/116.74628 E,13.6°, 13.3 kn,2021-03-21,"Mar 19, 2021 07:30 UTC"
DAPENG STAR,9369473,477614400,Hong Kong,292,43,97871,82428,DAPENG CHINA,"Mar 21, 02:00",11.5,22.5747 N/114.43194 E,159.7°, 0.0 kn,2021-03-21,"Mar 21, 2021 04:13 UTC"
GASLOG SAVANNAH,9352860,310583000,Bermuda,285,43,97818,82291,ARABIAN SEA,"Mar 25, 06:00",9.5,5.80756 N/80.10835 E,265.7°, 5.1 kn,2021-03-21,"Mar 21, 2021 05:46 UTC"
GASLOG SINGAPORE,9355604,310594000,Bermuda,285,43,97818,82339,FAR EAST,"Apr 6, 22:00",11.3,8.41074 N/79.45482 W,179.4°, 19.7 kn,2021-03-21,"Mar 18, 2021 01:23 UTC"
STENA BLUE SKY,9315393,235116537,United Kingdom,285,43,97754,84362,FOR ORDERS,"Mar 29, 00:00",9.0,32.39332 N/122.30303 E,116.0°, 14.0 kn,2021-03-21,"Mar 10, 2021 07:01 UTC"
LNG UNITY,9306495,228337700,France,290,43,97741,86385,USLCH,"Mar 20, 11:00",9.6,30.0376 N/93.33331 W,136.5°, 0.0 kn,2021-03-21,"Mar 21, 2021 10:26 UTC"
LNG ALLIANCE,9320075,228333700,France,290,43,97741,86385,CAMERON,"Mar 23, 06:00",9.8,22.13333 S/40.59103 W,222.3°, 12.3 kn,2021-03-21,"Mar 5, 2021 18:33 UTC"
LNG OYO,9267003,310487000,Bermuda,285,43,97561,83068,INDAH,"Mar 26, 12:30",11.3,33.76799 S/18.18748 E,346.0°, 4.8 kn,2021-03-21,"Feb 25, 2021 09:13 UTC"
LNG RIVER ORASHI,9266982,310447000,Bermuda,285,43,97561,83068,NG BON>TW KHH,"Apr 2, 07:30",11.6,33.85977 S/17.78136 E,338.4°, 17.6 kn,2021-03-21,"Feb 24, 2021 14:42 UTC"
LNG BENUE,9267015,310495000,Bermuda,285,43,97561,82971,"MAP TA PHUT,THAILAND","Mar 24, 13:00",11.0,33.87847 S/18.20633 E,211.7°, 2.4 kn,2021-03-21,"Mar 9, 2021 07:35 UTC"
LNG ENUGU,9266994,310482000,Bermuda,285,43,97561,83160,BARCELONA,"Mar 25, 18:00",11.2,20.00489 N/18.08983 W,359.0°, 18.3 kn,2021-03-21,"Mar 21, 2021 07:57 UTC"
MARAN GAS ASCLEPIUS,9302499,240386000,Greece,285,43,97496,84659,FPR ORDERS,"Mar 25, 21:01",9.2,17.78705 N/39.71677 E,171.0°, 19.5 kn,2021-03-21,"Mar 20, 2021 09:58 UTC"
UMM BAB,9308431,240411000,Greece,285,43,97496,84659,FOR ORDERS,"Mar 25, 06:00",11.1,1.27853 N/104.3106 E,83.0°, 12.1 kn,2021-03-21,"Mar 20, 2021 05:11 UTC"
SIMAISMA,9320386,240486000,Greece,285,43,97496,84863,FOR ORDERS,"Mar 20, 00:00",11.2,21.55745 N/91.81617 E,121.0°, 0.2 kn,2021-03-21,"Mar 21, 2021 10:26 UTC"
AL JASSASIYA,9324435,240615000,Greece,285,43,97496,84554,ORDERS,"Mar 27, 21:01",9.5,2.68982 N/101.27565 E,293.0°, 17.0 kn,2021-03-21,"Mar 19, 2021 20:08 UTC"
GOLAR MARIA,9320374,538002609,Marshall Islands,277,43,97491,84823,-,-,9.9,6.27713 S/105.39888 E,234.0°, 14.6 kn,2021-03-21,"Mar 14, 2021 20:14 UTC"
MARAN GAS CORONIS,9331048,240639000,Greece,285,43,97491,84776,JAPAN FOR ORDERS,"Mar 21, 10:00",11.4,12.33497 S/130.70946 E,309.5°, 11.7 kn,2021-03-21,"Mar 12, 2021 05:11 UTC"
SALALAH LNG,9300817,371561000,Panama,285,43,96671,81035,KR TYG,"Mar 21, 11:00",11.6,22.2781 N/121.38142 E,46.0°, 17.8 kn,2021-03-21,"Mar 18, 2021 15:28 UTC"
IBRA LNG,9326689,357734000,Panama,285,43,96671,81057,CN SZX,"Mar 28, 08:00",11.5,14.68212 N/69.80647 E,134.0°, 18.1 kn,2021-03-21,"Mar 18, 2021 06:40 UTC"
MILAHA QATAR,9321732,229129000,Malta,283,43,96508,77803,RAS LAFFAN,"Mar 21, 04:15",9.5,25.93326 N/51.61755 E,182.7°, 0.0 kn,2021-03-21,"Mar 21, 2021 09:54 UTC"
AL THAKHIRA,9298399,309975000,Bahamas,283,43,95824,78542,ITROV,"Mar 24, 16:00",11.5,33.06128 N/28.43482 E,293.6°, 14.4 kn,2021-03-21,"Mar 21, 2021 10:27 UTC"
EJNAN,9334076,309201000,Bahamas,283,43,95824,78403,PKBQM,"Mar 19, 01:00",11.1,24.77116 N/67.31215 E,63.0°, 0.1 kn,2021-03-21,"Mar 19, 2021 08:46 UTC"
LUSAIL,9285952,311628000,Bahamas,283,43,95824,78489,PK BQM,"Mar 23, 01:00",11.4,26.15923 N/54.92754 E,96.9°, 16.5 kn,2021-03-21,"Mar 21, 2021 01:04 UTC"
METHANE LYDON VOLNEY,9307205,310514000,Bermuda,283,43,95753,78957,ZEEBRUGGE,"Mar 21, 11:14",11.2,51.36393 N/2.52192 E,89.7°, 5.9 kn,2021-03-21,"Mar 21, 2021 10:27 UTC"
METHANE HEATHER SALLY,9321744,310528000,Bermuda,283,43,95753,79084,LIVORNO,"Mar 20, 08:00",11.2,43.40618 N/9.49779 E,177.3°, 14.6 kn,2021-03-21,"Mar 21, 2021 10:27 UTC"
METHANE RITA ANDREA,9307188,310499000,Bermuda,283,43,95753,79046,PJSB,"Mar 18, 00:01",9.0,1.46996 N/103.82921 E,295.8°, 0.0 kn,2021-03-21,"Mar 21, 2021 10:20 UTC"
METHANE SHIRLEY ELISABETH,9321756,310535000,Bermuda,283,43,95753,78997,SUBIC BAY PH,"Mar 25, 00:01",9.6,34.06517 N/134.92594 E,186.3°, 11.7 kn,2021-03-21,"Mar 20, 2021 09:41 UTC"
METHANE JANE ELIZABETH,9307190,310510000,Bermuda,283,43,95753,78984,FOR ORDERS,"Mar 17, 09:00",9.5,29.40075 N/93.62437 W,87.6°, 0.0 kn,2021-03-21,"Mar 21, 2021 10:18 UTC"
SERI ANGKASA,9321665,533957000,Malaysia,283,43,95729,71500,AUS GD,"Mar 29, 23:50",9.4,34.58662 N/136.96158 E,124.0°, 12.8 kn,2021-03-21,"Mar 19, 2021 02:27 UTC"
SERI ANGGUN,9321653,533953000,Malaysia,283,43,95729,83395,JP KWS,"Mar 21, 21:45",11.6,18.72173 S/117.72977 E,31.9°, 14.7 kn,2021-03-21,"Mar 11, 2021 11:30 UTC"
K. FREESIA,9186584,441278000,Korea,277,43,95381,76022,KR PTK,"Mar 27, 03:30",11.8,1.43821 N/104.51727 E,47.7°, 18.4 kn,2021-03-21,"Mar 21, 2021 03:23 UTC"
K. ACACIA,9157636,441259000,Korea,277,43,95376,75768,OM QAL,"Mar 20, 04:00",9.8,22.63079 N/65.06698 E,106.5°, 19.8 kn,2021-03-21,"Mar 19, 2021 05:43 UTC"
GULF ENERGY,7390143,538001388,Marshall Islands,285,44,95016,72472,-,-,6.5,59.35904 N/5.30031 E,345.1°, 0.0 kn,2021-03-21,"Mar 21, 2021 10:26 UTC"
BERING ENERGY,7390155,538001389,Marshall Islands,285,44,95016,72555,-,-,9.9,43.47308 N/8.22339 W,329.4°, 0.0 kn,2021-03-21,"Aug 29, 2020 21:47 UTC"
GALICIA SPIRIT,9247364,224482000,Spain,280,43,94822,79166,AT ORDER,"Mar 29, 01:00",9.2,20.65952 N/68.3628 E,147.1°, 15.3 kn,2021-03-21,"Mar 20, 2021 22:01 UTC"
HISPANIA SPIRIT,9230048,224985000,Spain,280,43,94822,79363,FOR ORDERS,"Mar 28, 06:00",11.1,10.88407 N/61.59542 W,60.4°, 14.7 kn,2021-03-21,"Mar 14, 2021 19:18 UTC"
PORTOVYY,9246621,273211890,Russia,277,43,94499,77773,-,-,9.2,57.41615 N/10.66707 E,349.2°, 0.0 kn,2021-03-21,"Mar 21, 2021 10:25 UTC"
PUTERI NILAM SATU,9229647,533747000,Malaysia,276,43,94446,76124,KR INC,"Mar 23, 02:00",11.3,33.78977 N/134.89167 E,191.6°, 14.6 kn,2021-03-21,"Mar 7, 2021 11:54 UTC"
DISHA,9250713,215533000,Malta,277,43,94058,81097,"DAHEJ,INDIA","Mar 25, 19:10",11.5,25.18333 N/57.54332 E,116.0°, 17.7 kn,2021-03-21,"Mar 20, 2021 20:51 UTC"
IBERICA KNUTSEN,9326603,257990000,Norway,277,43,93915,77541,USSAB,"Mar 25, 05:00",9.4,48.67608 N/7.92071 W,248.9°, 12.0 kn,2021-03-21,"Mar 10, 2021 19:02 UTC"
METHANE PRINCESS,9253715,538004164,Marshall Islands,277,43,93899,77707,FOR ORDER,"Mar 29, 06:00",11.3,11.07844 N/24.3341 W,28.5°, 15.5 kn,2021-03-21,"Mar 21, 2021 10:02 UTC"
BW EVERETT,9243148,564988000,Singapore,277,43,93844,77410,GALLE OPL,"Mar 19, 07:30",9.5,5.80016 N/80.27676 E,173.7°, 12.0 kn,2021-03-21,"Mar 19, 2021 09:08 UTC"
BW BOSTON,9230062,258617000,Norway,277,43,93844,77410,OPEN SEA FOR ORDERS,"Apr 7, 22:00",11.0,25.57094 N/35.57915 E,158.6°, 18.3 kn,2021-03-21,"Mar 21, 2021 08:54 UTC"
BERGE ARZEW,9256597,311745000,Bahamas,277,43,93844,77470,TR ALI>DZ AZW,"Mar 20, 07:00",9.2,36.91807 N/1.85369 E,270.0°, 14.6 kn,2021-03-21,"Mar 18, 2021 23:30 UTC"
EXCALIBUR,9230050,205421000,Belgium,277,43,93786,77822,-,-,9.3,37.02075 N/126.19752 E,245.2°, 9.4 kn,2021-03-21,"Feb 25, 2021 05:14 UTC"
HL SUR,9176010,440130000,Korea,280,43,93769,75159,KRINC>OMQAL,"Mar 27, 11:00",10.0,2.92193 N/100.91115 E,331.3°, 18.6 kn,2021-03-21,"Mar 20, 2021 19:07 UTC"
SINGAPORE ENERGY,9238040,538007985,Marshall Islands,279,43,93498,75074,FOR ORDERS,"Mar 3, 15:00",9.3,29.4034 N/93.64186 W,214.0°, 0.0 kn,2021-03-21,"Mar 21, 2021 10:16 UTC"
TRADER,9238038,235496000,Isle of Man,279,43,93498,75109,JP SAK>AU DAM,"Mar 24, 06:06",9.9,33.93405 N/134.91504 E,186.1°, 16.0 kn,2021-03-21,"Mar 15, 2021 07:53 UTC"
MERCHANT,9250191,538008352,Marshall Islands,279,42,93498,75059,OPL EAST JOHOR,"Mar 8, 22:00",8.9,1.95167 N/104.35383 E,100.0°, 0.1 kn,2021-03-21,"Mar 14, 2021 17:53 UTC"
METHANE KARI ELIN,9256793,310440000,Bermuda,279,43,93410,73989,FOR ORDERS,"Mar 29, 11:00",10.1,33.70653 N/134.90499 E,182.7°, 18.1 kn,2021-03-21,"Mar 4, 2021 08:09 UTC"
FUWAIRIT,9256200,311605000,Bahamas,279,43,93227,74067,ROVIGO ITALY,"Mar 21, 16:00",11.6,44.42026 N/13.20218 E,341.3°, 12.9 kn,2021-03-21,"Mar 21, 2021 10:27 UTC"
MILAHA RAS LAFFAN,9255854,229130000,Malta,279,43,93226,73705,EG PSD>QA RLF,"Mar 21, 18:18",9.8,26.27667 N/53.54989 E,262.4°, 14.6 kn,2021-03-21,"Mar 21, 2021 10:26 UTC"
SK SUNRISE,9247194,354159000,Panama,279,43,92927,75249,KR PTK,"Mar 23, 00:01",11.5,23.22596 N/121.88682 E,20.1°, 19.3 kn,2021-03-21,"Mar 20, 2021 07:51 UTC"
SK SUPREME,9157739,441768000,Korea,279,43,92866,75319,RLF QA,"Mar 30, 21:00",9.7,22.37645 N/122.22757 E,206.1°, 18.1 kn,2021-03-21,"Mar 18, 2021 05:59 UTC"
SK STELLAR,9180243,441237000,Korea,279,43,92866,75135,"RLF,QA","Apr 1, 21:00",10.1,37.05717 N/126.09106 E,204.3°, 18.4 kn,2021-03-21,"Mar 8, 2021 08:59 UTC"
CATALUNYA SPIRIT,9236420,224941000,Spain,284,43,90835,77204,PENUELAS,"Mar 21, 06:30",10.3,42.38316 N/70.86772 W,69.4°, 12.0 kn,2021-03-21,"Mar 14, 2021 15:05 UTC"
CADIZ KNUTSEN,9246578,224263000,Spain,284,43,90835,77228,SABINE PASS USA,"Mar 18, 05:01",9.7,25.77192 N/91.93228 W,113.9°, 16.7 kn,2021-03-21,"Mar 20, 2021 21:29 UTC"
CASTILLO DE VILLALBA,9236418,224383000,Spain,284,43,90835,77217,-,-,11.1,10.58222 N/61.79375 W,180.7°, 15.2 kn,2021-03-21,"Feb 23, 2021 14:40 UTC"
BILBAO KNUTSEN,9236432,224606000,Spain,284,43,90835,77217,-,"Feb 26, 00:01",11.2,30.48876 N/13.06095 W,46.0°, 13.4 kn,2021-03-21,"Mar 21, 2021 03:04 UTC"
MADRID SPIRIT,9259276,224152000,Spain,284,43,90835,77213,FOR ORDERS,"Apr 1, 13:00",9.6,35.94788 N/5.86386 W,270.3°, 17.9 kn,2021-03-21,"Mar 20, 2021 11:22 UTC"
SESTAO KNUTSEN,9338797,225372000,Spain,284,43,90478,77204,-,-,11.5,37.05291 N/126.67105 E,314.7°, 14.2 kn,2021-03-21,"Feb 18, 2021 09:35 UTC"
HL PYEONGTAEK,9061928,441563000,Korea,264,43,89956,71041,KRTYG>AUGLT,"Mar 21, 19:45",9.4,34.76822 N/128.86989 E,335.7°, 13.0 kn,2021-03-21,"Mar 6, 2021 00:04 UTC"
OCEAN QUEST,7391214,257991000,Norway,289,41,88919,64991,-,-,9.4,1.575 N/104.40367 E,136.0°, 0.1 kn,2021-03-21,"Feb 28, 2021 00:02 UTC"
PUTERI DELIMA,9030814,533022000,Malaysia,274,43,86205,73519,MY BTU,"Mar 23, 00:00",9.4,33.1709 N/125.30625 E,160.0°, 17.5 kn,2021-03-21,"Mar 17, 2021 18:07 UTC"
RAMDANE ABANE,7411961,605076080,Algeria,274,42,81265,83296,-,-,9.5,35.81647 N/0.25807 W,164.0°, 0.1 kn,2021-03-21,"Mar 18, 2021 02:15 UTC"
ARCTIC SPIRIT,9001784,311118000,Bahamas,239,40,66174,48857,MY BTU,"Mar 26, 00:01",8.6,25.41919 N/122.673 E,179.4°, 13.5 kn,2021-03-21,"Mar 21, 2021 10:25 UTC"
POLAR SPIRIT,9001772,311153000,Bahamas,239,40,66174,48817,MY BTU,"Mar 16, 20:00",8.8,24.71093 N/122.61654 E,190.3°, 15.2 kn,2021-03-21,"Mar 10, 2021 03:24 UTC"
CHEIKH BOUAMAMA,9324344,311006300,Bahamas,220,35,52855,39520,DZSKI,"Mar 21, 23:00",8.0,42.47115 N/5.26711 E,166.0°, 15.0 kn,2021-03-21,"Mar 21, 2021 00:12 UTC"
CHEIKH EL MOKRANI,9324332,309979000,Bahamas,220,35,52855,39520,DZBTA>FRFOS,"Mar 22, 11:00",9.8,41.08292 N/3.86786 E,33.0°, 8.6 kn,2021-03-21,"Mar 21, 2021 10:27 UTC"
GLOBAL ENERGY,9269207,226308000,France,220,35,48923,34800,DZ SKI,"Mar 19, 13:00",8.6,40.99335 N/7.6165 E,16.0°, 10.2 kn,2021-03-21,"Mar 21, 2021 10:25 UTC"
PORTOVENERE,9064073,563075400,Singapore,216,34,46555,35760,ID BXT,"Mar 14, 08:00",9.0,14.46028 N/120.6788 E,237.9°, 11.4 kn,2021-03-21,"Mar 10, 2021 11:56 UTC"
LERICI,9064085,563074500,Singapore,216,34,46555,35760,-,-,5.6,1.2973 N/103.68074 E,0.0°, 0.0 kn,2021-03-21,"Mar 21, 2021 10:26 UTC"
SAGA DAWN,9769855,563070400,Singapore,195,30,32158,31712,DONGGUAN,"Mar 20, 05:00",9.3,21.91746 N/113.90296 E,26.8°, 10.9 kn,2021-03-21,"Mar 20, 2021 04:30 UTC"
SUN ARROWS,9349942,309296000,Bahamas,151,28,20620,11142,RUPGN,"Mar 25, 12:00",5.8,5.18849 N/114.06249 E,228.6°, 7.1 kn,2021-03-21,"Feb 25, 2021 07:04 UTC"
SURYA AKI,9060534,309521000,Bahamas,151,28,20519,11612,"BATAM,ID","Mar 13, 13:00",5.1,1.09841 N/103.91078 E,313.0°, 0.0 kn,2021-03-21,"Mar 16, 2021 04:02 UTC"
LUCIA AMBITION,9016492,372255000,Panama,130,26,16399,11001,"BINTULU,MALAYSIA","Mar 20, 04:00",6.1,21.64886 N/113.70751 E,201.8°, 11.0 kn,2021-03-21,"Mar 15, 2021 08:23 UTC"
PELITA ENERGY,9161510,525300941,Indonesia,130,26,16336,10951,BENOA ANCHORAGE,"Feb 21, 04:00",6.9,1.26513 N/104.49367 E,77.0°, 11.8 kn,2021-03-21,"Jan 14, 2021 07:17 UTC"
CORAL ENERGICE,9783124,244090097,Netherlands,164,25,16100,9125,RU VYS,"Mar 20, 15:05",6.8,60.60478 N/28.54925 E,-, 0.0 kn,2021-03-21,"Mar 21, 2021 10:27 UTC"
CORAL ENERGY,9617698,246878000,Netherlands,156,23,13501,12344,NL RTD,"Mar 23, 14:00",7.7,54.69135 N/12.43255 E,234.8°, 16.7 kn,2021-03-21,"Mar 21, 2021 10:27 UTC"
KAKUYU MARU,9675200,431004914,Japan,89,15,3031,1865,>JP AOM OFF,"Mar 20, 11:15",4.3,35.82478 N/140.98512 E,11.3°, 11.2 kn,2021-03-21,"Sep 19, 2020 19:56 UTC"
KAKUREI MARU,9469235,431000792,Japan,86,15,2952,1801,>JP AOM OFF,"Mar 20, 04:40",4.5,35.45577 N/140.75968 E,36.0°, 12.9 kn,2021-03-21,"Sep 4, 2020 07:02 UTC"
PIONEER KNUTSEN,9275074,259393000,Norway,69,12,1687,817,VESTBASE,"Mar 22, 08:00",3.6,60.55038 N/4.8844 E,96.5°, 0.2 kn,2021-03-21,"Mar 21, 2021 10:26 UTC"
PUTERI INTAN,9030802,533009000,Malaysia,274,43,86205,73519,JP HBK,"Mar 24, 00:00",11.3,33.53617 N/134.91969 E,178.1°, 16.1 kn,2021-03-21,"Mar 7, 2021 16:23 UTC"
HYUNDAI AQUAPIA,9179581,441268000,Korea,289,48,113998,77564,OMQAL->KRPTK,"Apr 1, 04:30",11.7,15.08338 N/70.13164 E,144.3°, 19.2 kn,2021-03-21,"Mar 20, 2021 01:58 UTC"
SK SUMMIT,9157624,441456000,Korea,277,43,95378,76064,"SUK,KR","Mar 30, 01:00",11.5,15.66135 N/69.78362 E,145.4°, 17.4 kn,2021-03-21,"Mar 17, 2021 11:55 UTC"
NORTHWEST SNIPE,8608884,503000051,Australia,272,47,105010,66695,PACIFIC OCEAN,"Mar 28, 21:00",11.3,20.19558 S/116.82672 E,34.7°, 12.2 kn,2021-03-21,"Mar 19, 2021 01:50 UTC"
GASLOG HOUSTON,9748899,310772000,Bermuda,290,46,114240,92345,AUBWB,"Mar 27, 00:00",9.3,21.49444 N/113.31789 E,173.3°, 15.8 kn,2021-03-21,"Mar 20, 2021 10:44 UTC"
PUTERI ZAMRUD SATU,9245031,533754000,Malaysia,276,43,94446,76144,MY BTU,"Mar 26, 23:00",9.4,30.51788 N/122.4551 E,107.3°, 11.0 kn,2021-03-21,"Mar 21, 2021 10:27 UTC"
RIAS BAIXAS KNUTSEN,9825568,224989000,Spain,299,48,122261,96354,ROTERDAM,"Mar 31, 00:01",11.8,26.26415 N/79.4823 W,5.7°, 18.9 kn,2021-03-21,"Mar 20, 2021 21:46 UTC"
AMADI,9682552,508111182,Brunei,288,44,102585,85466,SCS,"Mar 26, 22:30",9.3,34.40305 N/139.48619 E,198.3°, 15.4 kn,2021-03-21,"Mar 16, 2021 11:57 UTC"
PUTERI FIRUS SATU,9248502,533808000,Malaysia,276,43,94446,76197,MY BTU,"Mar 23, 01:00",9.5,30.68654 N/127.05153 E,210.7°, 16.0 kn,2021-03-21,"Mar 18, 2021 03:20 UTC"
AL KHOR,9085613,431894000,Japan,298,46,111083,72176,QA RLF,"Mar 29, 07:00",9.6,3.67768 N/100.0381 E,308.0°, 19.3 kn,2021-03-21,"Mar 21, 2021 05:50 UTC"
NORTH PIONEER,9317200,431301776,Japan,89,15,3056,1938, >JP HKP 4,"Mar 20, 07:00",4.5,41.77905 N/140.67988 E,221.0°, 0.1 kn,2021-03-21,"Jun 21, 2020 09:59 UTC"
ZEKREET,9132818,431325000,Japan,298,46,111124,72316,JP CHB,"Mar 21, 23:00",10.7,16.47865 N/116.32067 E,49.6°, 18.4 kn,2021-03-21,"Mar 17, 2021 22:48 UTC"
GASLOG GALVESTON,9864928,310806000,Bermuda,293,46,115636,89000,ATLANTIC BASIN,"Mar 25, 06:00",9.8,32.38861 N/20.6353 W,252.0°, 17.3 kn,2021-03-21,"Mar 14, 2021 16:01 UTC"
BEIDOU STAR,9613159,477314400,Hong Kong,290,47,114166,96355,KOCHI,"Mar 19, 01:30",10.8,20.10952 N/38.89907 E,148.8°, 18.6 kn,2021-03-21,"Mar 13, 2021 03:30 UTC"
SHINJU MARU NO. 2,9433884,431000767,Japan,86,15,2930,1781,JP HIM,"Mar 22, 13:30",3.8,34.74658 N/134.69356 E,49.0°, 0.1 kn,2021-03-21,"Mar 21, 2021 10:27 UTC"
MARVEL SWAN,9880192,219028242,Denmark,-,-,114931,89000,SHI-2310 GAS TRIAL,"Mar 20, 10:00",9.5,34.82969 N/129.18269 E,38.3°, 19.0 kn,2021-03-21,"Feb 24, 2021 15:18 UTC"
COBIA LNG,9869306,215583000,Malta,-,-,116542,93200,.,"Apr 16, 11:00",9.0,1.2621 N/103.38361 E,316.0°, 15.1 kn,2021-03-21,"Mar 14, 2021 06:34 UTC"
LNG VENUS,9645736,432994000,Japan,288,49,136710,86241,OMQAL,"Mar 23, 01:00",9.7,15.51568 N/68.77628 E,312.7°, 16.5 kn,2021-03-21,"Mar 21, 2021 04:44 UTC"
DIAMOND GAS ORCHID,9779226,311000769,Bahamas,294,49,144828,94028,JP KZU,"Mar 28, 00:45",11.2,18.64275 N/105.54356 W,307.2°, 18.7 kn,2021-03-21,"Mar 11, 2021 23:23 UTC"
FLEX AMBER,9857377,538008881,Marshall Islands,297,46,116430,83000,FOR ORDERS,"Mar 23, 22:00",11.4,21.09861 S/115.05943 E,109.4°, 12.5 kn,2021-03-21,"Mar 15, 2021 21:29 UTC"
WOODSIDE ROGERS,9627485,241254000,Greece,294,44,103928,90327,-,-,9.5,18.99568 S/117.55646 E,30.9°, 19.9 kn,2021-03-21,"Mar 9, 2021 14:14 UTC"
HYUNDAI GREENPIA,9075333,441659000,Korea,274,47,103764,71684,MYBTU>KRPTK,"Mar 20, 21:30",11.1,36.99864 N/126.78244 E,149.1°, 0.1 kn,2021-03-21,"Mar 21, 2021 10:25 UTC"
CELSIUS COPENHAGEN,9864784,538009022,Marshall Islands,299,46,119338,98000,BONNY FOR ORDERS,"Apr 5, 05:00",9.5,6.40685 S/105.17489 E,255.1°, 16.6 kn,2021-03-21,"Mar 11, 2021 07:45 UTC"
CNTIC VPOWER GLOBAL,9696735,477468400,Hong Kong,177,28,23516,15996,FOR ORDERS,"Mar 18, 00:00",6.0,14.70568 N/96.52011 E,146.1°, 16.4 kn,2021-03-21,"Mar 17, 2021 17:33 UTC"
SERI AMANAH,9293844,533937000,Malaysia,283,43,95729,83400,SG PGBG,"Mar 20, 05:00",9.0,1.17885 N/103.69752 E,290.0°, 0.5 kn,2021-03-21,"Mar 21, 2021 10:27 UTC"
UMM SLAL,9372731,538003300,Marshall Islands,345,54,163922,130059,QATAR,"Mar 25, 03:03",9.4,20.06183 N/38.65907 E,154.1°, 14.8 kn,2021-03-21,"Mar 18, 2021 13:45 UTC"
LNG KOLT,9372963,370799000,Panama,289,44,100189,86778,"GLADSTONE,AUSTRALIA","Apr 2, 03:30",10.9,23.50392 S/151.54263 E,8.0°, 16.5 kn,2021-03-21,"Mar 7, 2021 05:25 UTC"
CORAL ENCANTO,9693719,538008666,Marshall Islands,181,28,26166,18637,PR SJU,"Mar 22, 16:00",7.8,18.55486 N/66.10128 W,26.3°, 10.2 kn,2021-03-21,"Mar 17, 2021 19:14 UTC"
AMBERJACK LNG,9845776,215534000,Malta,299,46,116542,93535,OPEN SEA FOR ORDER,"Apr 7, 10:00",9.8,34.77984 S/18.13756 E,295.3°, 14.5 kn,2021-03-21,"Mar 20, 2021 14:01 UTC"
VIVIT AMERICAS LNG,9864667,215574000,Malta,299,46,116542,93200,MEDITERRAEAN SEA,"Mar 23, 00:01",9.3,30.27802 N/32.45502 E,291.7°, 9.7 kn,2021-03-21,"Mar 21, 2021 09:27 UTC"
NORTHWEST SANDERLING,8608872,503000050,Australia,272,47,105010,66810,AUDAM,"Mar 22, 06:00",8.8,20.35963 S/116.50187 E,35.0°, 0.0 kn,2021-03-21,"Mar 21, 2021 10:27 UTC"
AMUR RIVER,9317999,538003001,Marshall Islands,288,44,100244,84598,RU PGN,"Mar 4, 12:00",9.3,33.97135 N/134.96092 E,174.8°, 16.2 kn,2021-03-21,"Feb 27, 2021 05:58 UTC"
ENERGY PROGRESS,9274226,309463000,Bahamas,290,49,119100,79983,AU BWB,"Apr 24, 22:30",10.0,35.40034 N/139.63486 E,339.9°, 0.0 kn,2021-03-21,"Mar 21, 2021 08:26 UTC"
AKEBONO MARU,9554729,431003094,Japan,99,17,4505,2528,JP TMK OFF,"Mar 22, 15:30",4.6,38.03768 N/141.12334 E,213.9°, 13.1 kn,2021-03-21,"Jan 19, 2021 22:50 UTC"
GASLOG GENOA,9744013,310774000,Bermuda,293,46,115024,88016,S CHINA SEA,"Mar 26, 22:00",11.5,20.14213 S/116.6749 E,55.1°, 14.6 kn,2021-03-21,"Mar 18, 2021 09:36 UTC"
WOODSIDE CHARLES ALLEN,9859753,241712000,Greece,295,46,113822,96000,FOR ORDERS,"Mar 25, 10:00",11.2,36.5184 N/0.14864 W,69.0°, 17.3 kn,2021-03-21,"Mar 20, 2021 16:30 UTC"
GOLAR GRAND,9303560,538003804,Marshall Islands,277,43,97491,84894,FOR_ORDERS,"Mar 30, 20:21",9.4,22.44434 N/119.93197 E,190.0°, 11.9 kn,2021-03-21,"Mar 20, 2021 02:11 UTC"
TANGGUH TOWUTI,9325893,563214000,Singapore,285,43,97432,84992,ID BINTUNI,"Mar 21, 03:00",8.8,2.76007 S/127.67257 E,84.0°, 16.1 kn,2021-03-21,"Mar 20, 2021 00:08 UTC"
TANGGUH BATUR,9334284,564090000,Singapore,285,43,97432,84980,ID TPP,"Mar 19, 23:00",11.1,5.5655 S/107.46548 E,269.0°, 18.4 kn,2021-03-21,"Mar 21, 2021 09:28 UTC"
CREOLE SPIRIT,9681687,311000246,Bahamas,295,46,113263,95452,FOR ORDERS,"Apr 6, 05:00",9.4,3.37352 N/100.3923 E,309.0°, 18.1 kn,2021-03-21,"Mar 18, 2021 23:45 UTC"
NORTHWEST STORMPETREL,9045132,503009000,Australia,274,47,105010,66875,JP SAK,"Mar 26, 00:00",11.2,19.2556 S/117.41957 E,29.4°, 15.4 kn,2021-03-21,"Mar 15, 2021 13:50 UTC"
HYUNDAI OCEANPIA,9183269,441291000,Korea,289,48,113998,77512,OMQAL=>KRINC,"Mar 24, 01:00",11.3,23.09717 N/122.22596 E,40.2°, 16.8 kn,2021-03-21,"Mar 21, 2021 07:32 UTC"
JAYANTI BARUNA,9762039,525112002,Indonesia,-,-,6205,1280,-,-,5.0,32.12054 N/119.89957 E,0.0°, 0.0 kn,2021-03-21,"Feb 10, 2021 00:19 UTC"
BISHU MARU,9691137,374216000,Panama,293,49,127088,83752,JP_YUR,"Mar 15, 01:00",10.2,33.94496 N/135.05628 E,83.7°, 7.6 kn,2021-03-21,"Mar 14, 2021 23:01 UTC"
MARAN GAS OLYMPIAS,9732371,241452000,Greece,292,46,113037,95194,FOR ORDERS,"Mar 22, 22:00",11.1,23.93514 S/152.03979 E,92.6°, 17.9 kn,2021-03-21,"Mar 10, 2021 22:21 UTC"
DORADO LNG,9863182,215578000,Malta,293,46,115345,88000,INDIAN OCEAN,"Mar 27, 15:00",9.9,29.18838 N/122.7101 E,172.9°, 12.3 kn,2021-03-21,"Mar 19, 2021 11:57 UTC"
SEAN SPIRIT,9781918,311000665,Bahamas,294,48,117162,91546,"CRISTOBAL, PANAMA","Mar 19, 12:00",11.7,9.48202 N/79.93207 W,290.9°, 0.3 kn,2021-03-21,"Mar 21, 2021 10:26 UTC"
MARAN GAS LINDOS,9627502,241351000,Greece,294,44,103893,89343,KR TYG,"Mar 20, 02:00",11.2,34.92364 N/129.06508 E,55.8°, 3.2 kn,2021-03-21,"Mar 21, 2021 10:24 UTC"
OCEANIC BREEZE,9698111,538007671,Marshall Islands,288,49,136894,79883,AU DRW,"Mar 27, 14:30",9.6,34.29865 N/138.41256 E,180.7°, 14.2 kn,2021-03-21,"Mar 18, 2021 04:33 UTC"
PUTERI INTAN SATU,9213416,533730000,Malaysia,276,43,94430,75849,-,-,9.5,35.63368 N/129.93046 E,24.8°, 16.4 kn,2021-03-21,"Feb 27, 2021 17:04 UTC"
MIN RONG,9305116,477141800,Hong Kong,292,43,97871,82359,CN XIUYU,"Mar 25, 06:30",11.2,1.39241 N/104.49199 E,92.0°, 13.0 kn,2021-03-21,"Mar 12, 2021 12:27 UTC"
AL GHASHAMIYA,9397286,538003353,Marshall Islands,315,50,135423,108988,QATAR,"Mar 19, 16:00",9.4,25.83652 N/51.89897 E,39.4°, 0.1 kn,2021-03-21,"Mar 21, 2021 10:26 UTC"
NIKOLAY URVANTSEV,9750660,477327300,Hong Kong,299,50,128806,96779,RUMMK,"Mar 17, 16:00",11.9,72.19335 N/23.21074 E,65.2°, 19.6 kn,2021-03-21,"Mar 8, 2021 18:12 UTC"
ARISTOS I,9862891,215668000,Malta,299,46,116581,92789,SOUTH KOREA,"Mar 30, 00:00",11.4,16.12376 N/100.29369 W,290.6°, 18.6 kn,2021-03-21,"Mar 13, 2021 04:38 UTC"
RAAHI,9253703,215718000,Malta,277,43,94058,81237,IN DAH>QA RASLAFFAN,"Mar 25, 21:01",8.9,21.58757 N/72.45673 E,198.0°, 12.1 kn,2021-03-21,"Mar 21, 2021 10:28 UTC"
BW PAVILION ARANTHERA,9850678,563104600,Singapore,295,46,114622,95000,SINGAPORE  OPL,"Mar 10, 14:00",9.2,1.27305 N/104.25222 E,82.4°, 16.9 kn,2021-03-21,"Mar 10, 2021 04:37 UTC"
HONGKONG ENERGY,9250725,538008396,Marshall Islands,287,43,96165,73659,SINGAPORE OPL,"Mar 17, 09:00",9.2,1.42662 N/104.49415 E,50.5°, 10.7 kn,2021-03-21,"Mar 17, 2021 07:24 UTC"
SK SPLENDOR,9180231,440514000,Korea,279,43,92866,75154,QAL OM,"Mar 30, 16:00",10.2,29.58853 N/124.89952 E,206.3°, 18.4 kn,2021-03-21,"Mar 18, 2021 00:53 UTC"
GRACE ENERGY,8702941,355998000,Panama,272,47,107146,67024,-,-,9.8,2.37934 N/101.90143 E,349.0°, 0.0 kn,2021-03-21,"Mar 21, 2021 10:20 UTC"
METHANE MICKIE HARPER,9520376,310609000,Bermuda,291,45,109004,86170,-,-,9.3,33.78408 S/18.07035 E,282.8°, 13.1 kn,2021-03-21,"Mar 20, 2021 15:05 UTC"
AL WAJBAH,9085625,431908000,Japan,298,46,111161,72348,SG_PGBG,"Mar 22, 22:00",9.2,22.98507 N/124.13799 E,232.9°, 19.1 kn,2021-03-21,"Mar 18, 2021 10:44 UTC"
AL JASRA,9132791,431104000,Japan,298,46,111168,72218,JP KWS,"Apr 3, 00:45",10.9,13.3775 N/71.30257 E,134.0°, 16.8 kn,2021-03-21,"Mar 19, 2021 22:35 UTC"
AMANI,9661869,508111181,Brunei,288,44,102585,85466,-,-,9.1,33.81896 N/134.90036 E,176.0°, 15.8 kn,2021-03-21,"Feb 22, 2021 09:27 UTC"
SHINJU MARU NO. 1,9260603,431101044,Japan,86,15,2936,1781,JP KNM HESAKI OFF,"Mar 20, 07:30",4.2,34.41497 N/134.3583 E,250.0°, 12.2 kn,2021-03-21,"Mar 18, 2021 13:59 UTC"
SOUTHERN CROSS,9613147,477476100,Hong Kong,290,47,114166,96319,SG SIN>AU DAM,"Mar 12, 02:00",9.6,20.33342 S/116.47942 E,174.0°, 0.0 kn,2021-03-21,"Mar 21, 2021 01:21 UTC"
FLEX ENTERPRISE,9762273,215385000,Malta,295,46,113049,95889,FOR ORDERS,"Mar 26, 14:00",11.9,20.65723 S/115.8105 E,248.3°, 7.2 kn,2021-03-21,"Mar 12, 2021 22:52 UTC"
HL RAS LAFFAN,9176008,441292000,Korea,280,43,93769,75079,KRINC>KRCSP,"Mar 22, 03:00",9.9,36.91427 N/126.0422 E,204.4°, 19.3 kn,2021-03-21,"Mar 21, 2021 04:15 UTC"
GASLOG WESTMINSTER,9855812,310795000,Bermuda,297,47,120709,92800,NLRTM,"Mar 27, 05:00",11.3,26.09135 N/79.35631 W,18.8°, 18.3 kn,2021-03-21,"Mar 15, 2021 10:09 UTC"
SM SEAHAWK,9761839,355658000,Panama,295,46,115716,98064,PA BLB,"Mar 25, 12:00",9.8,8.44724 N/79.46466 W,179.9°, 17.6 kn,2021-03-21,"Feb 8, 2021 01:53 UTC"
CELSIUS CANBERRA,9864796,538009123,Marshall Islands,299,46,119338,98000,CORPUS CHRISTI,"Mar 20, 20:00",9.4,27.78721 N/96.84777 W,16.0°, 0.0 kn,2021-03-21,"Mar 21, 2021 10:26 UTC"
MARAN GAS HYDRA,9767962,241638000,Greece,295,46,113763,94945,FOR ORDERS,"Mar 15, 05:45",9.5,33.47703 N/123.6026 E,158.5°, 18.9 kn,2021-03-21,"Mar 17, 2021 19:43 UTC"
PACIFIC ENLIGHTEN,9351971,308078000,Bahamas,288,49,122361,80023,AU DAM,"Mar 22, 23:00",9.1,15.6768 S/119.51335 E,29.0°, 16.7 kn,2021-03-21,"Feb 28, 2021 21:31 UTC"
HYUNDAI PRINCEPIA,9761841,374219000,Panama,295,46,115541,98344,PABLB -> USSAB,"Mar 17, 14:00",9.6,8.8122 N/79.49412 W,233.4°, 0.1 kn,2021-03-21,"Mar 21, 2021 10:26 UTC"
SERI AYU,9329679,533942000,Malaysia,283,43,95729,83365,MY BTU,"Mar 13, 04:00",9.0,1.36646 N/104.43117 E,55.0°, 16.1 kn,2021-03-21,"Mar 10, 2021 07:31 UTC"
MIN LU,9305128,477264500,Hong Kong,292,43,97871,82598,XIU YU CN,"Mar 22, 02:30",11.0,23.10177 N/119.92406 E,1.7°, 8.6 kn,2021-03-21,"Mar 21, 2021 10:26 UTC"
BRITISH ACHIEVER,9766542,232006300,Isle of Man,295,46,115366,94303,US FPO,"Mar 30, 13:00",9.5,36.43559 N/26.29941 W,256.8°, 14.9 kn,2021-03-21,"Mar 19, 2021 09:45 UTC"
FLEX ARTEMIS,9851634,538008816,Marshall Islands,295,46,114380,95500,FOR ORDERS,"Apr 1, 07:00",11.6,34.6877 S/18.25568 E,136.6°, 17.5 kn,2021-03-21,"Mar 16, 2021 12:11 UTC"
HAI YANG SHI YOU 301,9696266,413481620,China,185,28,25309,16405,YP,"Mar 18, 13:00",6.5,19.78238 N/109.03082 E,152.2°, 0.0 kn,2021-03-21,"Mar 20, 2021 06:54 UTC"
WOODSIDE REES WITHERS,9810367,241669000,Greece,295,46,113822,94732,AU DAM,"Mar 29, 21:00",10.0,34.26085 N/137.07808 E,176.7°, 17.0 kn,2021-03-21,"Mar 20, 2021 07:11 UTC"
FLEX CONSTELLATION,9825427,538008205,Marshall Islands,295,46,113428,95453,AU DAM,"Mar 20, 22:00",9.3,20.587 S/116.76388 E,228.8°, 0.0 kn,2021-03-21,"Mar 21, 2021 10:26 UTC"
TRIPUTRA,9187356,525020429,Indonesia,151,28,20017,12493,ID BXT,"Mar 19, 01:00",5.9,1.41911 N/104.50171 E,51.4°, 12.9 kn,2021-03-21,"Feb 20, 2021 12:49 UTC"
QOGIR,9851787,215524000,Malta,293,46,115345,88000,DARDANELLES FOR ORDE,"Mar 23, 08:00",11.6,36.37172 N/14.98421 E,103.0°, 17.3 kn,2021-03-21,"Mar 21, 2021 10:23 UTC"
ARKAT,9496305,508111131,Brunei,284,43,98490,72800,"LUMUT,BRUNEI","Mar 14, 01:00",9.4,34.57796 N/139.73963 E,160.3°, 20.6 kn,2021-03-21,"Mar 7, 2021 15:00 UTC"
K. JASMINE,9373008,352906000,Panama,285,43,97529,84935,KRHAS > KRCSP,"Mar 14, 00:01",9.5,34.88378 N/129.23958 E,85.0°, 16.2 kn,2021-03-21,"Mar 2, 2021 04:14 UTC"
COOL RACER,9869265,215553000,Malta,-,-,116354,92800,ATLANTIC OCEAN,"Apr 15, 00:00",9.3,6.38703 S/105.19459 E,238.9°, 14.1 kn,2021-03-21,"Mar 6, 2021 03:24 UTC"
PUTERI NILAM,9030826,533035000,Malaysia,274,43,86211,73519,MY BTU,"Mar 15, 00:00",9.3,34.3766 N/137.06272 E,175.8°, 13.7 kn,2021-03-21,"Mar 8, 2021 08:21 UTC"
AL BIDDA,9132741,431207000,Japan,298,46,111124,72462,JP KZU,"Apr 2, 00:45",10.9,15.16533 N/69.39517 E,136.3°, 17.9 kn,2021-03-21,"Mar 18, 2021 23:33 UTC"
ASEEM,9377547,249780000,Malta,285,43,97874,86655,FUJAIRAH,"Mar 20, 08:01",8.9,25.27078 N/56.5236 E,331.0°, 0.1 kn,2021-03-21,"Mar 21, 2021 10:25 UTC"
SK SERENITY,9761803,370025000,Panama,296,46,115610,93167,-,-,9.3,34.8402 N/128.97392 E,269.2°, 14.2 kn,2021-03-21,"Dec 18, 2020 21:34 UTC"
LNG MEGREZ,9834325,477345600,Hong Kong,295,45,114790,97000,"MURMANSK, RUSSIA","Mar 19, 13:00",9.4,70.51177 N/33.33266 E,114.9°, 11.5 kn,2021-03-21,"Mar 19, 2021 14:51 UTC"
PUTERI ZAMRUD,9030838,533130000,Malaysia,274,43,86205,73519,MY BTU,"Mar 25, 00:00",9.5,34.82848 N/128.90564 E,331.0°, 12.5 kn,2021-03-21,"Mar 17, 2021 22:23 UTC"
LNG EBISU,9329291,311004400,Bahamas,290,49,118910,81032,SG SIN,"Mar 7, 22:00",5.9,1.29748 N/103.6773 E,285.0°, 0.0 kn,2021-03-21,"Mar 21, 2021 10:03 UTC"
MARAN GAS PSARA,9844863,241692000,Greece,295,46,113822,96000,FOR ORDERS,"Mar 28, 06:00",10.0,35.01739 N/129.04047 E,133.9°, 0.1 kn,2021-03-21,"Mar 6, 2021 03:59 UTC"
METHANE ALISON VICTORIA,9321768,310540000,Bermuda,283,43,95753,79058,F0R ORDERS,"Mar 18, 05:30",9.6,11.40527 N/96.96873 E,23.8°, 10.7 kn,2021-03-21,"Mar 17, 2021 14:41 UTC"
MARAN GAS HECTOR,9682605,241425000,Greece,290,46,113502,92640,POINT FORTIN,"Mar 22, 10:00",9.6,10.61296 N/61.65287 W,41.2°, 0.0 kn,2021-03-21,"Mar 21, 2021 10:26 UTC"
CESI TIANJIN,9694749,477010900,Hong Kong,290,46,113397,95628,AUS GLT,"Mar 23, 21:00",9.3,21.17689 N/109.36712 E,251.7°, 11.7 kn,2021-03-21,"Mar 12, 2021 09:31 UTC"
HELLAS DIANA,9872987,215685000,Malta,-,-,112000,83000,-,-,10.0,33.50473 N/125.99778 E,347.0°, 13.2 kn,2021-03-21,"Jan 29, 2021 16:41 UTC"
DAPENG MOON,9308481,477058900,Hong Kong,292,43,97871,82645,CN SZ,"Mar 25, 02:00",11.4,20.10485 S/116.81151 E,14.3°, 16.8 kn,2021-03-21,"Mar 18, 2021 07:19 UTC"
TANGGUH FOJA,9349007,370168000,Panama,285,43,97897,82338,ID BIT,"Mar 15, 10:00",9.0,31.7667 N/122.66704 E,94.2°, 16.4 kn,2021-03-21,"Mar 5, 2021 06:59 UTC"
DAEWOO 2507,9892717,232000000,Greece,-,-,111000,96000,-,-,,12.65333 N/100.87905 E,31.2°, 0.0 kn,2021-03-21,"Jan 7, 2021 06:58 UTC"
BW LESMES,9873840,563121700,Singapore,-,-,114000,92800,DSME-2496 GAS TRIAL,"Mar 17, 14:00",9.0,34.80488 N/129.19446 E,47.7°, 3.6 kn,2021-03-21,"Mar 15, 2021 17:10 UTC"
LNGSHIPS ATHENA,9872949,215762000,Malta,-,-,115139,93534,HHI-3112 GAS TRIAL,"Mar 8, 10:00",9.0,35.5288 N/129.44389 E,358.6°, 0.0 kn,2021-03-21,"Mar 21, 2021 06:10 UTC"
AMAN SENDAI,9134323,533209000,Malaysia,130,26,16336,10957,MYBTU,"Mar 24, 10:00",6.0,34.24665 N/140.00084 E,195.5°, 14.6 kn,2021-03-21,"Mar 16, 2021 21:09 UTC"
FLEX VOLUNTEER,9862463,538009058,Marshall Islands,297,46,116430,81950,FOR ORDERS,"Mar 30, 16:00",9.6,36.8473 N/6.87601 W,-, 0.2 kn,2021-03-21,"Mar 21, 2021 10:24 UTC"
BW HELIOS,9873852,202000000,Singapore,-,-,114000,95000,-,-,,35.49346 N/129.40794 E,0.0°, 0.0 kn,2021-03-21,"Jan 21, 2021 04:12 UTC"
RAVENNA KNUTSEN,9874040,224625000,Spain,-,-,27100,18433,ORDERS,"Mar 8, 07:00",7.0,13.66327 N/97.53743 E,330.1°, 12.1 kn,2021-03-21,"Mar 21, 2021 09:24 UTC"
LNG ADVENTURE,9870159,228391700,France,-,-,115000,87900,-,-,6.0,34.66938 N/129.00998 E,30.9°, 1.3 kn,2021-03-21,"Mar 1, 2021 21:06 UTC"
PUTERI DELIMA SATU,9211872,533735000,Malaysia,276,43,94430,75929,MY BTU,"Mar 19, 04:00",9.7,11.2397 N/101.64112 E,171.6°, 15.8 kn,2021-03-21,"Feb 28, 2021 07:06 UTC"
PAN ASIA,9750220,477096200,Hong Kong,290,47,114996,88613,FOR  ORDERS,"Mar 8, 20:00",9.9,38.12763 N/137.66208 E,180.3°, 5.2 kn,2021-03-21,"Feb 24, 2021 12:53 UTC"
GRAND ELENA,9332054,209407000,Cyprus,288,49,122239,74127,RU PGN,"Mar 7, 22:00",9.7,35.35327 N/129.80314 E,43.3°, 14.5 kn,2021-03-21,"Feb 18, 2021 00:43 UTC"
ENSHU MARU,9749609,357121000,Panama,293,49,127088,83708,POM PNG,"Mar 25, 20:00",10.0,33.88222 N/134.94233 E,184.8°, 15.5 kn,2021-03-21,"Mar 13, 2021 06:02 UTC"
LNG PIONEER,9256602,311906000,Bahamas,277,43,93786,77712,CN YPG,"Mar 21, 22:00",10.5,19.55859 N/108.26471 E,28.2°, 15.3 kn,2021-03-21,"Mar 20, 2021 03:24 UTC"
LNG MALEO,8701791,431015000,Japan,272,47,106717,66892,JPTBT ZL00C 2ND Z,"Mar 23, 00:00",10.9,21.81867 N/120.13194 E,151.1°, 16.1 kn,2021-03-21,"Mar 4, 2021 10:27 UTC"
AL DEEBEL,9307176,308031000,Bahamas,283,43,95824,78594,TAICHUNG,"Apr 4, 22:00",11.5,26.14216 N/55.07476 E,98.1°, 17.8 kn,2021-03-21,"Mar 21, 2021 03:25 UTC"
PUTERI MUTIARA SATU,9261205,533920000,Malaysia,276,43,94446,76229,MY BTU,"Mar 12, 01:00",9.1,37.32738 N/126.52934 E,85.4°, 7.5 kn,2021-03-21,"Feb 21, 2021 03:14 UTC"
GASLOG WALES,9853137,310786000,Bermuda,297,47,120859,98000,FOR ORDERS,"Apr 1, 06:00",11.7,26.2815 N/79.25521 W,66.3°, 15.1 kn,2021-03-21,"Mar 16, 2021 16:18 UTC"
LNGSHIP MANHATTAN,9872901,215755000,Malta,-,-,114000,93200,HHI-3039 SEA TRIAL,"Mar 8, 09:00",,35.51213 N/129.43331 E,18.5°, 0.0 kn,2021-03-21,"Mar 21, 2021 10:25 UTC"
GOLAR ARCTIC,9253105,538002656,Marshall Islands,280,43,94934,74894,-,-,9.4,1.36693 N/104.41162 E,47.5°, 11.4 kn,2021-03-21,"Mar 15, 2021 07:54 UTC"
SERI ALAM,9293832,533925000,Malaysia,283,43,95729,83482,MYBTU,"Mar 31, 00:00",9.5,22.06489 N/122.11719 E,205.7°, 11.5 kn,2021-03-21,"Feb 25, 2021 04:22 UTC"
ENERGY INNOVATOR,9758832,431048000,Japan,300,49,121981,88668,US COVE POINT,"Mar 31, 00:01",9.8,37.49496 N/28.89531 W,247.4°, 19.5 kn,2021-03-21,"Mar 20, 2021 18:17 UTC"
DOHA,9085637,431213000,Japan,298,46,111184,72337,JP HIM,"Mar 20, 22:00",11.0,34.76349 N/134.68992 E,75.4°, 0.0 kn,2021-03-21,"Mar 21, 2021 10:23 UTC"
NIZWA LNG,9294264,371381000,Panama,290,49,118608,77252,PSQ OMAN,"Mar 20, 08:00",9.9,20.77256 N/68.36341 E,288.1°, 15.1 kn,2021-03-21,"Mar 18, 2021 09:03 UTC"
7413232,Not in Service since 2020,538001390,LNG Tanker,72650,285,,95084,-,-,6.6,21.7907 N/72.14358 E,100.1°, 0.0 kn,2021-03-21,"Jun 8, 2020 13:28 UTC"
MARAN GAS ALEXANDRIA,9650054,241353000,Greece,289,46,105773,90494,FR DKK,"Mar 21, 04:00",10.6,51.01656 N/1.73206 E,122.1°, 0.1 kn,2021-03-21,"Mar 21, 2021 10:26 UTC"
LNG ROSENROT,9877133,538008979,Marshall Islands,298,48,119891,99000,FREEPORT USA.,"Apr 1, 06:00",9.7,48.8984 N/7.92141 W,228.0°, 15.1 kn,2021-03-21,"Mar 20, 2021 09:10 UTC"
LNG AQUARIUS,7390181,525001084,Indonesia,285,44,95084,72622,ID TPP,"Mar 14, 03:00",10.9,5.88343 S/106.81129 E,218.2°, 4.9 kn,2021-03-21,"Mar 21, 2021 10:28 UTC"
BONITO LNG,9845788,215532000,Malta,299,46,116542,93200,-,"Mar 24, 07:00",11.6,28.64169 N/93.25752 W,143.2°, 17.5 kn,2021-03-21,"Mar 19, 2021 13:50 UTC"
ARISTIDIS I,9862906,215669000,Malta,299,46,116581,92789,USFPO,"Mar 20, 13:00",9.4,28.88622 N/95.18657 W,0.6°, 0.0 kn,2021-03-21,"Mar 21, 2021 10:26 UTC"
SOLARIS,9634098,310679000,Bermuda,285,43,98075,81853,-,-,11.2,31.65633 N/80.19675 W,120.9°, 17.3 kn,2021-03-21,"Mar 9, 2021 15:13 UTC"
FLEX VIGILANT,9862475,538009179,Marshall Islands,-,-,112000,81950,HSHI 8013 GAS TRIAL,"Mar 15, 09:00",9.0,34.17289 N/125.12932 E,216.1°, 1.3 kn,2021-03-21,"Mar 8, 2021 20:11 UTC"
AL WAKRAH,9086746,431061000,Japan,298,46,111124,72453,>QA RLF,"Mar 21, 09:00",9.1,25.93337 N/51.59922 E,242.9°, 0.1 kn,2021-03-21,"Mar 21, 2021 10:22 UTC"
KUMUL,9613161,477588600,Hong Kong,290,47,114166,96311,KR YOS>CN TAO,"Mar 22, 01:30",11.5,35.16188 N/120.90902 E,93.6°, 15.3 kn,2021-03-21,"Feb 21, 2021 09:31 UTC"
HL MUSCAT,9155078,441229000,Korea,280,43,93765,75463,KRPTK->OMQAL,"Mar 4, 12:00",10.0,37.01823 N/126.19243 E,241.1°, 15.7 kn,2021-03-21,"Mar 21, 2021 01:09 UTC"
LNG JUNO,9774628,311000583,Bahamas,298,49,149367,97917,PA CTB,"Mar 22, 03:00",11.8,25.8529 N/90.96763 W,118.5°, 13.3 kn,2021-03-21,"Mar 18, 2021 00:12 UTC"
METHANE NILE EAGLE,9321770,310551000,Bermuda,283,43,95753,79006,EUROPEAN REGION,"Mar 24, 04:00",9.5,37.54434 N/10.75538 E,275.0°, 12.8 kn,2021-03-21,"Mar 21, 2021 10:25 UTC"
BROOG,9085651,431870000,Japan,298,46,111123,72339,JP SGM,"Mar 28, 00:30",11.0,1.41636 N/104.48337 E,49.0°, 15.1 kn,2021-03-21,"Mar 19, 2021 03:06 UTC"
BRITISH SPONSOR,9766580,232006295,Isle of Man,295,46,115366,94360,IL HAD,"Mar 17, 04:00",11.0,32.42204 N/34.78769 E,16.6°, 1.2 kn,2021-03-21,"Mar 19, 2021 14:16 UTC"
