Nom Bateau,IMO,MMSI,Pavillon,Longueur,Largeur,GT,DWT,Destination,Destination2,ETA,Tirant d'eau actuel,Coordonnees,Direction,Vitesse,Statut,Date scraping,Date position
AL SAMRIYA,9388821,538003295,Marshall Islands,345,55,168189,154900,EUROPE,EUROPE,2021-04-15-18:00,12.1,35.39225 S/23.29971 E,250.6°,19.9 kn,-,2021-04-05,2021-04-04-08:26
LIJMILIYA,9388819,538003294,Marshall Islands,345,55,168189,155159,PERSIAN GULF,Soroosh,2021-04-10-06:06,9.1,18.26426 N/39.66748 E,135.9°,2.5 kn,-,2021-04-05,2021-04-04-15:49
AL GHUWAIRIYA,9372743,538003293,Marshall Islands,345,55,168189,154940,ZHOUSHAN ANCHORAGE,ZHOUSHAN ANCHORAGE,2021-04-03-04:04,9.4,29.81412 N/122.43416 E,285.3°,0.2 kn,At anchor,2021-04-05,2021-04-05-12:26
ZARGA,9431214,538003346,Marshall Islands,345,54,163922,130211,-,-,-,9.5,25.78549 N/51.89633 E,18.8°,0.1 kn,At anchor,2021-04-05,2021-04-05-10:34
SHAGRA,9418365,538003348,Marshall Islands,345,54,163922,130102,INDIAN OCEAN,INDIAN OCEAN,2021-04-20-09:09,9.4,7.22832 N/15.44744 W,144.2°,20.1 kn,-,2021-04-05,2021-04-01-12:21
AL DAFNA,9443683,538003355,Marshall Islands,345,54,163922,130157,PGBG SINGAPORE,Singapore,2021-04-05-02:02,9.4,1.17364 N/103.70216 E,359.6°,0.0 kn,At anchor,2021-04-05,2021-04-05-12:33
AL MAYEDA,9397298,538003356,Marshall Islands,345,54,163922,130298,PORT SAID,PortSaid,2021-04-04-18:18,9.5,31.39443 N/32.27129 E,159.4°,0.2 kn,At anchor,2021-04-05,2021-04-05-12:30
AL MAFYAR,9397315,538003357,Marshall Islands,345,54,163922,130441,PORT ELIZABETH,PortElizabeth,2021-04-05-07:07,12.0,33.88118 S/25.67464 E,37.6°,0.0 kn,At anchor,2021-04-05,2021-04-05-12:31
AAMIRA,9443401,538003354,Marshall Islands,345,54,163922,130026,SOUTH KOREA,SOUTH KOREA,2021-04-15-21:21,12.1,7.44395 N/76.32508 E,128.4°,19.6 kn,-,2021-04-05,2021-04-04-17:18
BU SAMRA,9388833,538003301,Marshall Islands,345,54,163922,130442,QATAR,Doha,2021-04-05-21:21,9.2,25.80584 N/51.83035 E,245.7°,3.5 kn,-,2021-04-05,2021-04-04-21:51
MOZAH,9337755,538003212,Marshall Islands,345,54,163922,130102,QATAR,Doha,2021-04-10-12:00,9.6,3.81982 N/100.11971 E,323.0°,17.2 kn,-,2021-04-05,2021-04-02-18:29
RASHEEDA,9443413,538003362,Marshall Islands,345,54,163922,130208,GB IOG,Grain,2021-04-08-22:01,12.1,38.5365 N/9.89563 W,346.3°,15.9 kn,Under way,2021-04-05,2021-04-05-12:33
MEKAINES,9397303,538003365,Marshall Islands,345,54,163922,130171,PORT SAID,PortSaid,2021-04-09-12:12,9.4,37.50295 N/3.39379 E,86.0°,16.0 kn,Under way,2021-04-05,2021-04-05-11:01
NOHSHU MARU,9796781,311000579,Bahamas,298,49,149367,97902,JP KWS>US FPO,Freeport,2021-04-19-10:00,9.5,34.95231 S/16.85167 E,287.8°,13.9 kn,-,2021-04-05,2021-03-29-16:49
BUSHU MARU,9796793,311000846,Bahamas,298,49,149367,97955,TANGSHAN,Jintang,2021-04-24-03:00,11.5,8.37489 N/79.4636 W,180.4°,19.8 kn,-,2021-04-05,2021-04-03-00:17
PACIFIC BREEZE,9698123,538007670,Marshall Islands,300,52,144978,92830,AU DRW,Darwin,2021-04-04-21:30,10.0,12.50874 S/130.91402 E,328.8°,0.0 kn,Moored,2021-04-05,2021-04-05-12:32
DIAMOND GAS SAKURA,9810020,311000771,Bahamas,294,49,144828,87494,PA_CTB>JP_CTA,PA_CTB>JP_CTA,2021-04-07-21:15,11.5,8.38108 N/79.44932 W,180.4°,16.4 kn,-,2021-04-05,2021-03-17-01:17
DIAMOND GAS ROSE,9779238,311000770,Bahamas,294,49,144828,94145,PA BLB,Balboa,2021-04-20-19:00,10.0,34.3931 N/139.41111 E,199.3°,19.8 kn,-,2021-04-05,2021-02-26-15:37
GRACE DAHLIA,9540716,432935000,Japan,300,52,141671,86512,KEPPEL SHIPYARD,KEPPEL SHIPYARD,2021-04-02-04:00,6.0,1.29859 N/103.67634 E,222.0°,0.0 kn,-,2021-04-05,2021-04-03-01:58
ENERGY HORIZON,9483877,432807000,Japan,300,52,141136,87257,>AU DAM,Dampier,2021-04-10-21:00,9.7,34.43659 N/139.54375 E,219.1°,14.1 kn,-,2021-04-05,2021-03-26-11:04
MARVEL HERON,9770440,374022000,Panama,298,49,139050,92659,FOR ORDER,FOR ORDER,2021-04-23-21:00,11.7,8.42554 N/79.46242 W,181.2°,15.8 kn,-,2021-04-05,2021-03-30-00:09
MARVEL CRANE,9770438,563073300,Singapore,298,49,139049,92799,BALBOA,Balboa,2021-04-20-03:00,10.1,34.70372 N/141.13971 E,98.4°,15.2 kn,-,2021-04-05,2021-03-25-12:16
AL RUWAIS,9337951,309904000,Bahamas,315,50,137535,121823,QA RLF,RasLaffan,2021-04-04-21:01,9.4,25.87109 N/51.79468 E,73.1°,0.7 kn,At anchor,2021-04-05,2021-04-05-06:35
AL SAFLIYA,9337963,308171000,Bahamas,315,50,137535,121963,RAS LAFFAN,RasLaffan,2021-04-02-18:41,9.8,3.70552 N/100.12842 E,305.0°,16.9 kn,-,2021-04-05,2021-04-03-12:15
AL GHARIYA,9337987,308248000,Bahamas,315,50,137535,121730,SUEZ,AsSuways/SuezPort,2021-04-04-10:00,12.0,29.71051 N/32.59205 E,36.6°,0.0 kn,At anchor,2021-04-05,2021-04-05-12:32
DUHAIL,9337975,309599000,Bahamas,315,50,137535,121639,FOR ORDERS,FOR ORDERS,2021-04-05-16:00,10.9,34.369 N/137.05108 E,163.5°,16.6 kn,-,2021-04-05,2021-03-30-11:06
AL SHEEHANIYA,9360831,538003364,Marshall Islands,315,50,136980,122006,QATAR,Doha,2021-04-11-10:00,9.4,19.76207 N/38.81452 E,152.5°,14.0 kn,-,2021-04-05,2021-04-04-21:10
AL BAHIYA,9431147,538003349,Marshall Islands,315,50,136980,121957,QA RLF,RasLaffan,2021-04-20-09:00,9.3,7.78079 N/16.6532 W,143.1°,19.5 kn,-,2021-04-05,2021-03-31-18:05
AL KHATTIYA,9431111,538003350,Marshall Islands,315,50,136980,121946,-,-,-,12.1,25.8596 N/51.85918 E,254.3°,1.0 kn,At anchor,2021-04-05,2021-04-05-11:03
AL NUAMAN,9431135,538003351,Marshall Islands,315,50,136980,121910,QATAR,Doha,2021-04-22-09:03,9.6,8.91947 N/16.50797 W,140.8°,19.2 kn,-,2021-04-05,2021-04-02-06:52
AL KARAANA,9431123,538003358,Marshall Islands,315,50,136980,122052,SUEZ,AsSuways/SuezPort,2021-04-13-18:00,12.2,26.25311 N/53.61631 E,98.4°,16.0 kn,Under way,2021-04-05,2021-04-05-11:47
ONAIZA,9397353,538003363,Marshall Islands,315,50,136980,121939,SUEZ,AsSuways/SuezPort,2021-04-05-10:10,12.2,29.76347 N/32.61701 E,232.8°,0.0 kn,At anchor,2021-04-05,2021-04-05-12:32
AL SADD,9397341,538003361,Marshall Islands,315,50,136980,121913,QATAR,Doha,2021-04-09-00:00,9.3,12.11684 N/44.3348 E,114.1°,18.1 kn,-,2021-04-05,2021-04-04-18:02
SEISHU MARU,9666558,311000261,Bahamas,288,49,136740,86414,AU_DRW,Darwin,2021-04-12-22:30,9.5,34.40011 N/139.66518 E,174.9°,12.9 kn,-,2021-04-05,2021-04-02-11:59
ESSHU MARU,9666560,311000285,Bahamas,288,49,136740,86455,ASHBURTON AU,ASHBURTON AU,2021-04-07-22:00,10.6,34.39854 N/137.06248 E,181.7°,14.3 kn,-,2021-04-05,2021-03-26-04:14
LNG SATURN,9696149,311000439,Bahamas,288,49,136739,86044,JP ISI,IshikariwanShinko,2021-04-17-22:00,11.8,12.32998 S/130.70495 E,312.9°,10.5 kn,-,2021-04-05,2021-04-04-06:19
LNG JUROJIN,9666998,311000420,Bahamas,288,49,136739,86121,AU GLT,Gladstone,2021-04-21-14:01,9.9,19.97273 N/114.04522 E,141.5°,12.0 kn,-,2021-04-05,2021-04-02-20:01
PACIFIC MIMOSA,9743875,431778000,Japan,288,49,136716,86497,JP KWS,Kawasaki,2021-04-07-00:45,11.2,12.33329 S/130.70927 E,309.8°,9.8 kn,-,2021-04-05,2021-03-26-01:34
LNG MARS,9645748,431177000,Japan,288,49,136710,86161,PGCAU-001,PGCAU-001,2021-04-16-21:00,9.7,34.72868 N/123.21742 E,99.9°,10.6 kn,-,2021-04-05,2021-03-22-15:16
FRAIHA,9360817,538003101,Marshall Islands,306,50,136685,121914,SINGAPORE,Singapore,2021-04-05-22:30,9.9,1.26407 N/104.06413 E,258.0°,10.7 kn,Under way,2021-04-05,2021-04-05-12:33
MURWAB,9360805,538003100,Marshall Islands,315,50,136685,121843,EG SUZ,AsSuways/SuezPort,2021-04-08-08:30,12.3,24.83772 N/57.33487 E,131.0°,16.6 kn,-,2021-04-05,2021-04-01-15:31
UMM AL AMAD,9360829,538003073,Marshall Islands,315,50,136685,121730,GBMLF,MilfordHaven,2021-04-09-23:01,10.0,50.09118 N/2.37435 W,253.0°,15.0 kn,Under way,2021-04-05,2021-04-05-12:33
AL AAMRIYA,9338266,538003099,Marshall Islands,315,50,136685,121935,RAS LAFFAN,RasLaffan,2021-04-11-18:00,9.4,20.09806 N/38.84335 E,151.4°,19.8 kn,Under way,2021-04-05,2021-04-05-10:00
AL ORAIQ,9360790,538003072,Marshall Islands,315,50,136685,122079,RAS LAFFAN,RasLaffan,2021-04-08-21:00,9.1,7.80105 N/76.56777 E,330.0°,19.0 kn,-,2021-04-05,2021-04-04-18:23
AL GHARRAFA,9337717,538002920,Marshall Islands,315,50,136410,106898,TH MAT,MabTapud,2021-04-07-00:01,12.2,3.91601 N/104.4396 E,336.0°,15.1 kn,-,2021-04-05,2021-04-05-10:35
TEMBEK,9337731,538002921,Marshall Islands,315,50,136410,106896,>CN GUT,NGUT,2021-04-09-22:22,12.0,1.42719 N/104.49657 E,56.6°,12.4 kn,-,2021-04-05,2021-04-04-05:58
AL GATTARA,9337705,538002917,Marshall Islands,315,50,136410,106898,EGYPT/SUEZ,EGYPT/SUEZ,2021-04-03-16:16,12.3,29.77104 N/32.5822 E,296.0°,0.0 kn,-,2021-04-05,2021-04-05-12:31
AL HAMLA,9337743,538002922,Marshall Islands,315,50,136410,106983,MT MLA,Valletta,2021-04-10-16:00,9.7,50.18627 N/1.86906 W,253.8°,16.1 kn,Under way,2021-04-05,2021-04-05-12:33
AL UTOURIYA,9360867,538003020,Marshall Islands,315,50,136355,104561,JP HIM>SG SIN,Singapore,2021-04-05-03:03,9.4,1.16041 N/103.71842 E,321.7°,0.3 kn,At anchor,2021-04-05,2021-04-05-12:33
AL SAHLA,9360855,538003019,Marshall Islands,315,50,136355,104666,QA RLF>CN ZOS,Zhoushan,2021-04-05-00:15,12.2,30.10607 N/122.28097 E,130.3°,0.0 kn,Moored,2021-04-05,2021-04-05-12:26
AL THUMAMA,9360843,538003018,Marshall Islands,315,50,136355,104701,KW MEA>QA RLF,RasLaffan,2021-04-05-03:03,9.2,29.07289 N/48.16098 E,173.3°,0.0 kn,Moored,2021-04-05,2021-04-05-12:33
MESAIMEER,9337729,538003360,Marshall Islands,315,50,136168,107160,POB,POB,2021-04-02-15:15,10.6,25.83831 N/51.89695 E,60.8°,0.2 kn,-,2021-04-05,2021-04-04-21:21
AL REKAYYAT,9397339,538003347,Marshall Islands,315,50,136168,107160,ARABIAN SEA,ARABIAN SEA,2021-04-11-20:00,9.5,20.04678 N/38.28465 E,149.6°,16.1 kn,Under way,2021-04-05,2021-04-05-12:34
AL KHARAITIYAT,9397327,538003352,Marshall Islands,315,50,136168,107153,BANGLADESH,BANGLADESH,2021-04-07-00:01,11.6,7.98938 N/83.41947 E,353.3°,12.8 kn,-,2021-04-05,2021-04-03-01:51
LNG SAKURA,9774135,311000760,Bahamas,300,49,135977,82137,KEPPEL SHIPYARD,KEPPEL SHIPYARD,2021-03-25-19:00,6.0,1.30085 N/103.67421 E,320.0°,0.0 kn,-,2021-04-05,2021-04-05-12:23
SOHSHU MARU,9791212,311000580,Bahamas,300,49,135951,82254,"US CRP   ""ISTI","US CRP   ""ISTI",2021-04-04-22:00,9.7,27.88069 N/97.27105 W,57.8°,0.0 kn,Moored,2021-04-05,2021-04-05-12:25
SHINSHU MARU,9791200,311000845,Bahamas,300,49,135951,82287,CN SCX,CN SCX,2021-04-08-22:00,11.7,15.19897 S/119.84287 E,29.4°,18.4 kn,-,2021-04-05,2021-04-01-04:47
AL KHUWAIR,9360908,311000140,Bahamas,315,50,135848,109555,QA RLF,RasLaffan,2021-04-12-17:00,9.3,31.08051 N/32.30852 E,179.4°,8.0 kn,Under way,2021-04-05,2021-04-05-12:30
AL KHARSAAH,9360881,309333000,Bahamas,315,50,135848,109484,RAS LAFFAN,RasLaffan,2021-03-19-16:00,9.5,25.76861 N/51.81451 E,67.6°,1.0 kn,At anchor,2021-04-05,2021-04-05-06:57
AL HUWAILA,9360879,309255000,Bahamas,315,50,135848,109503,CN TNG,CN TNG,2021-04-22-22:00,12.0,24.51822 N/58.01653 E,132.0°,16.7 kn,Under way,2021-04-05,2021-04-05-06:34
AL SHAMAL,9360893,309781000,Bahamas,315,50,135848,109662,MAP TA PHUT,MabTapud,2021-04-16-04:00,12.2,24.60254 N/58.02098 E,149.1°,14.4 kn,-,2021-04-05,2021-04-04-22:46
SERI CAMAR,9714305,533130687,Malaysia,290,49,133948,84295,MY BKI,KotaKinabalu,2021-04-04-10:00,9.7,6.0962 N/116.05095 E,130.2°,0.0 kn,At anchor,2021-04-05,2021-04-05-12:32
SERI CEMARA,9756389,533130753,Malaysia,290,49,133948,84291,JP NIH,JP NIH,2021-04-11-00:00,11.7,6.10514 N/115.84277 E,276.4°,12.8 kn,-,2021-04-05,2021-04-01-03:15
SERI CAMELLIA,9714276,533130463,Malaysia,290,46,133948,84333,KR BOR,Boryeong,2021-04-09-04:00,11.4,6.19271 N/115.76527 E,287.9°,12.0 kn,-,2021-04-05,2021-04-01-02:32
SERI CENDERAWASIH,9714288,533180210,Malaysia,290,46,133948,84303,AU GLT,Gladstone,2021-04-05-08:45,9.6,23.78359 S/151.20128 E,271.4°,0.0 kn,Moored,2021-04-05,2021-04-05-12:33
SERI CEMPAKA,9714290,533130607,Malaysia,290,49,133948,84311,KR BOR,Boryeong,2021-04-07-02:00,11.2,27.03626 N/124.86484 E,26.9°,17.4 kn,Under way,2021-04-05,2021-04-05-11:00
RUDOLF SAMOYLOVICH,9750713,311000627,Bahamas,299,50,128975,96703,RUSAB-RUMKK,RUSAB-RUMKK,2021-04-06-10:00,12.0,72.12269 N/29.328 E,59.5°,19.8 kn,-,2021-04-05,2021-03-27-19:58
EDUARD TOLL,9750696,311000548,Bahamas,299,50,128975,96840,RUSAB,Sabetta,2021-04-11-19:01,11.1,54.30522 N/7.09594 E,5.0°,14.1 kn,-,2021-04-05,2021-04-05-07:54
NIKOLAY YEVGENOV,9750725,311000631,Bahamas,299,50,128969,96821,FRMTX,Montoir,2021-04-05-09:00,12.0,47.29906 N/2.14238 W,-,0.0 kn,-,2021-04-05,2021-04-05-12:12
YAKOV GAKKEL,9750672,311000634,Bahamas,299,50,128969,96839,RUSAB,Sabetta,2021-04-03-19:00,10.8,72.21498 N/25.17449 E,45.7°,18.9 kn,-,2021-04-05,2021-03-30-04:39
GEORGIY USHAKOV,9750749,311000633,Bahamas,299,50,128969,96796,BEZEE,Zeebrugge,2021-04-09-13:00,11.9,71.41869 N/32.29724 E,97.5°,17.6 kn,-,2021-04-05,2021-03-12-19:28
VLADIMIR VORONIN,9750737,311000632,Bahamas,299,50,128969,96840,FR DKK,Dunkerque,2021-04-05-07:00,11.9,51.00686 N/1.72196 E,327.1°,0.1 kn,At anchor,2021-04-05,2021-04-05-12:28
MARVEL EAGLE,9759240,374375000,Panama,300,49,128917,83571,FOR ORDERS,FOR ORDERS,2021-04-10-04:00,11.2,26.27429 N/79.3044 W,45.6°,18.6 kn,-,2021-04-05,2021-03-30-09:24
MARVEL PELICAN,9759252,356051000,Panama,300,49,128917,83636,...,...,2021-04-10-00:01,9.5,33.72662 N/17.29342 W,260.2°,12.9 kn,-,2021-04-05,2021-03-13-11:45
VLADIMIR RUSANOV,9750701,477150100,Hong Kong,299,50,128806,96844,RUSAB,Sabetta,2021-04-06-00:01,11.0,71.77878 N/21.19438 E,44.3°,19.5 kn,-,2021-04-05,2021-04-01-16:17
CHRISTOPHE DE MARGERIE,9737187,212611000,Cyprus,299,50,128806,96779,GB IOG,Grain,2021-04-08-00:30,12.0,71.55008 N/22.42973 E,256.1°,19.9 kn,Under way,2021-04-05,2021-04-05-12:33
FEDOR LITKE,9768370,212660000,Cyprus,299,50,128806,96839,RUSAB,Sabetta,2021-04-07-20:00,11.0,72.21123 N/27.42955 E,60.4°,19.0 kn,-,2021-04-05,2021-04-04-08:33
GEORGIY BRUSILOV,9768382,212770000,Cyprus,299,50,128806,96847,FRDKK,Dunkerque,2021-04-11-22:00,12.0,72.2399 N/26.08056 E,63.2°,18.7 kn,-,2021-04-05,2021-03-30-16:46
VLADIMIR VIZE,9750658,477194200,Hong Kong,299,50,128806,96851,ESFER,ESFER,2021-04-08-22:01,12.0,59.64828 N/4.0289 E,180.8°,14.0 kn,Sailing,2021-04-05,2021-04-05-12:34
BORIS VILKITSKY,9768368,212654000,Cyprus,299,50,128806,96958,RUSAB,Sabetta,2021-04-08-06:00,10.5,72.22618 N/26.97766 E,60.5°,18.7 kn,-,2021-04-05,2021-04-04-18:59
LNG FUKUROKUJU,9666986,311000365,Bahamas,293,49,127242,83809,EGPSZ,EGPSZ,2021-04-18-20:00,10.9,13.28941 N/86.83506 E,31.8°,16.4 kn,-,2021-04-05,2021-03-31-08:43
CASTILLO DE CALDELAS,9742819,248720000,Malta,297,49,126004,93241,CRISTOBAL,Cristobal,2021-04-04-05:30,12.0,8.84301 N/79.5041 W,226.0°,0.1 kn,At anchor,2021-04-05,2021-04-05-12:32
CASTILLO DE MERIDA,9742807,248516000,Malta,287,49,126004,93241,IN DAH,Dahej,2021-04-22-18:30,11.6,34.8379 S/18.18367 E,123.2°,11.8 kn,Under way,2021-04-05,2021-04-05-12:07
PACIFIC ARCADIA,9621077,311072200,Bahamas,288,49,123005,78311,PG POM,PortMoresby,2021-04-10-20:00,9.6,35.97033 N/124.30185 E,178.0°,17.4 kn,-,2021-04-05,2021-04-01-06:58
NIKOLAY ZUBOV,9768526,209351000,Cyprus,299,50,122806,96865,RUSAB,Sabetta,2021-04-10-01:00,10.4,61.44623 N/4.13367 E,355.3°,10.3 kn,Under way,2021-04-05,2021-04-05-12:34
BORIS DAVYDOV,9768394,209356000,Cyprus,299,50,122806,96765,DKODE,Odense,2021-04-06-13:00,10.7,55.39088 N/5.75452 E,40.0°,12.4 kn,Under way,2021-04-05,2021-04-05-09:50
CYGNUS PASSAGE,9376294,309739000,Bahamas,288,49,122444,79555,KR YOS,Yeosu,2021-04-05-06:00,11.3,34.3412 N/140.49013 E,118.0°,11.9 kn,-,2021-04-05,2021-03-20-09:35
ALTO ACRUX,9343106,308592000,Bahamas,288,49,122361,80229,MY BTU,"Bintulu,Sarawak",2021-05-04-00:00,9.3,32.59712 N/127.77392 E,187.0°,13.4 kn,-,2021-04-05,2021-03-30-22:59
ADRIANO KNUTSEN,9831220,224983000,Spain,299,48,122261,96354,US CRP,CorpusChristi,2021-04-14-06:00,9.6,34.83656 S/21.49116 E,258.6°,18.0 kn,-,2021-04-05,2021-03-26-03:10
TRAIANO KNUTSEN,9854765,257575000,Norway,299,48,122261,95870,BRRIO,RiodeJaneiro,2021-04-04-09:00,11.6,25.65776 N/92.10556 W,116.2°,14.9 kn,-,2021-04-05,2021-03-21-05:33
GRAND ANIVA,9338955,212883000,Cyprus,288,49,122239,74044,TW YAN,YungAn,2021-04-05-23:00,11.4,22.11366 N/121.35257 E,218.5°,12.9 kn,Under way,2021-04-05,2021-04-05-04:06
PRISM BRILLIANCE,9810551,371086000,Panama,299,48,122166,97494,USFPO,Freeport,2021-04-23-05:00,9.7,34.37183 S/17.02016 E,289.0°,15.2 kn,-,2021-04-05,2021-04-03-03:10
PRISM AGILITY,9810549,372487000,Panama,299,48,122166,97494,TWYAN,YungAn,2021-05-10-03:00,11.2,24.00339 N/87.1087 W,110.0°,14.3 kn,-,2021-04-05,2021-04-02-16:32
ENERGY UNIVERSE,9758844,354114000,Panama,300,49,122142,88700,PACIFIC FOR ORDERS,PACIFIC FOR ORDERS,2021-04-10-00:01,11.4,8.4215 N/79.42991 W,174.4°,19.5 kn,-,2021-04-05,2021-03-21-01:19
ENERGY LIBERTY,9736092,431540000,Japan,300,49,121982,88676,MY PGG,Pengerang,2021-04-10-08:00,9.7,32.89283 N/125.19716 E,134.8°,15.7 kn,-,2021-04-05,2021-03-30-20:03
ENERGY GLORY,9752565,431776000,Japan,300,49,121981,88677,AU DAM,Dampier,2021-05-03-00:01,9.5,34.28647 N/140.07765 E,153.7°,11.0 kn,-,2021-04-05,2021-04-03-22:52
LNG JUPITER,9341689,311019200,Bahamas,290,49,121675,81950,AU BWB,BarrowIsland,2021-04-13-00:01,10.1,5.83792 S/106.94002 E,3.3°,11.3 kn,-,2021-04-05,2021-03-29-03:13
ARCTIC PRINCESS,9271248,257739000,Norway,288,49,121597,84878,ESFRO,Ferrol,2021-04-12-05:00,10.0,30.19816 N/32.56673 E,346.7°,8.2 kn,Under way,2021-04-05,2021-04-05-12:34
ARCTIC LADY,9284192,257742000,Norway,288,49,121597,84878,MOHESHKHALI,MOHESHKHALI,2021-04-14-12:00,11.3,20.07577 N/38.72105 E,149.0°,18.9 kn,Under way,2021-04-05,2021-04-05-09:23
LNG BARKA,9341299,308579000,Bahamas,290,49,121514,82308,JP KIN,Kinwan,2021-04-11-22:00,11.9,17.06006 S/118.72308 E,29.7°,13.3 kn,-,2021-04-05,2021-04-02-15:12
ENERGY CONFIDENCE,9405588,432694000,Japan,290,49,121413,75891,AU DAM,Dampier,2021-04-12-23:00,9.7,34.40549 N/139.42387 E,203.3°,16.7 kn,-,2021-04-05,2021-04-03-08:00
GASLOG WARSAW,9816763,241662000,Greece,297,47,120859,92996,ATLANTIC BASIN,ATLANTIC BASIN,2021-03-26-15:00,10.7,35.93124 N/5.495 W,71.6°,14.9 kn,Under way,2021-04-05,2021-04-05-12:33
GASLOG WINDSOR,9819650,310787000,Bermuda,297,47,120709,98000,BRARB,Aratu,2021-04-06-12:00,11.0,29.07041 N/93.61924 W,149.1°,14.7 kn,-,2021-04-05,2021-03-23-03:35
GRAND MEREYA,9338929,209856000,Cyprus,290,49,120525,74497,RU PGN,Prigorodnoye,2021-04-17-00:00,9.7,31.3589 N/127.87286 E,355.3°,7.8 kn,-,2021-04-05,2021-03-17-05:25
GAIL BHUWAN,9877145,209997000,Cyprus,-,-,119891,98300,IN DAH,Dahej,2021-04-22-00:01,11.6,36.85606 N/75.8633 W,120.3°,10.0 kn,-,2021-04-05,2021-03-25-08:28
LNG SCHNEEWEISSCHEN,9771913,357315000,Panama,298,48,119660,98747,USHOU,Houston,2021-04-10-00:01,9.4,36.81894 N/12.74241 W,197.5°,19.5 kn,-,2021-04-05,2021-03-28-05:49
ENERGY FRONTIER,9245720,432420000,Japan,290,49,119393,73795,RU PGN,Prigorodnoye,2021-04-04-06:00,9.8,36.10196 N/140.932 E,348.6°,9.4 kn,-,2021-04-05,2021-03-22-19:46
ENERGY ADVANCE,9269180,432495000,Japan,290,49,119233,73739,AU DRW,Darwin,2021-04-07-20:30,9.6,33.80569 N/139.16058 E,196.9°,13.6 kn,-,2021-04-05,2021-03-30-10:11
LNG DREAM,9277620,309065000,Bahamas,290,49,118876,80889,AU DAM,Dampier,2021-04-09-23:00,9.8,33.78129 N/134.87552 E,183.7°,13.6 kn,-,2021-04-05,2021-03-27-11:48
ENERGY NAVIGATOR,9355264,432634000,Japan,290,49,118842,73640,JP HIJ,Hiroshima,2021-04-07-17:10,9.7,34.50439 N/139.80829 E,179.0°,9.6 kn,-,2021-04-05,2021-04-04-09:44
TAITAR NO. 4,9403657,351767000,Panama,290,49,118634,77053,QA RLF>TW TXG,Taichung,2021-04-06-22:00,11.3,1.4254 N/104.49704 E,50.0°,16.6 kn,-,2021-04-05,2021-04-02-04:33
TAITAR NO. 1,9403669,371846000,Panama,290,49,118634,77089,RAS LAFFAN,RasLaffan,2021-04-17-21:00,9.7,21.76548 N/119.71905 E,207.6°,19.0 kn,-,2021-04-05,2021-04-04-07:44
TAITAR NO. 3,9403671,372195000,Panama,290,49,118634,77089,RAS LAFFAN,RasLaffan,2021-04-07-21:01,9.9,6.39458 N/78.55863 E,297.0°,15.2 kn,-,2021-04-05,2021-04-02-14:56
TAITAR NO. 2,9403645,372307000,Panama,290,49,118634,77089,TAICHUNG TAIWAN,Taichung,2021-04-14-22:00,11.6,24.5693 N/57.9689 E,127.3°,19.2 kn,-,2021-04-05,2021-04-03-09:37
IBRI LNG,9317315,355580000,Panama,290,49,118608,77282,EG SUZ,AsSuways/SuezPort,2021-04-07-18:00,10.0,2.91041 N/100.93013 E,342.7°,14.8 kn,-,2021-04-05,2021-03-16-12:42
ARCTIC VOYAGER,9275335,309998000,Bahamas,290,49,118571,75485,ESBIO,Bilbao,2021-04-22-06:00,10.8,26.1207 N/78.50243 W,98.9°,10.5 kn,-,2021-04-05,2021-04-02-01:27
ARCTIC DISCOVERER,9276389,309481000,Bahamas,290,49,118571,75485,ESLPA,LasPalmas,2021-04-04-06:00,9.7,36.57021 N/12.48626 W,196.1°,20.3 kn,Under way,2021-04-05,2021-04-05-09:35
LALLA FATMA N'SOUMER,9275347,311775000,Bahamas,290,49,118363,80920,FOS CAVAOU FRANCE,FOS CAVAOU FRANCE,2021-04-04-07:00,10.0,35.81425 N/0.2292 W,193.0°,0.1 kn,Moored,2021-04-05,2021-04-05-10:59
ELISA LARUS,9852975,228385600,France,297,46,118286,82244,US FPO,Freeport,2021-04-07-06:00,9.7,28.84917 N/95.11497 W,300.6°,0.0 kn,At anchor,2021-04-05,2021-04-05-12:32
FUJI LNG,9275359,229443000,Malta,290,49,118219,77351,-,-,-,11.4,29.74372 N/93.87117 W,16.9°,0.0 kn,Moored,2021-04-05,2021-04-05-12:31
SYMPHONIC BREEZE,9330745,309839000,Bahamas,290,49,117895,77163,NIPAH,NIPAH,2021-03-15-06:00,10.0,1.1061 N/103.61947 E,79.9°,0.0 kn,At anchor,2021-04-05,2021-04-05-12:32
DIAMOND GAS METROPOLIS,9862487,311000968,Bahamas,297,46,117564,81950,US LCH,LakeCharles,2021-04-09-11:00,9.8,9.82145 N/79.95771 W,11.8°,13.7 kn,-,2021-04-05,2021-04-03-23:18
YAMAL SPIRIT,9781920,311000666,Bahamas,294,48,117162,91610,BEZEE,Zeebrugge,2021-04-08-05:00,9.2,38.73109 N/9.93579 W,355.9°,16.2 kn,Under way,2021-04-05,2021-04-05-12:34
SK AUDACE,9693161,373808000,Panama,292,48,117031,94665,FRFOS,Fossurmer,2021-04-14-04:00,11.1,26.15829 N/78.60418 W,108.4°,15.3 kn,-,2021-04-05,2021-04-03-15:02
SK RESOLUTE,9693173,354184000,Panama,292,48,117031,94665,TWYAN,YungAn,2021-04-20-16:00,11.2,34.7131 S/18.23183 E,120.2°,17.0 kn,-,2021-04-05,2021-04-02-14:24
SCF LA PEROUSE,9849887,636019530,Liberia,299,46,116779,81855,USSAB,Sabine,2021-04-16-11:00,9.6,35.71128 N/8.42886 W,263.0°,15.8 kn,-,2021-04-05,2021-04-03-22:02
SCF BARENTS,9864746,636019878,Liberia,299,46,116779,81855,-,-,-,9.6,3.82482 N/100.01844 E,311.0°,16.2 kn,-,2021-04-05,2021-04-02-04:03
SCF TIMMERMAN,9870525,636020078,Liberia,299,46,116779,81855,FOR ORDER,FOR ORDER,2021-04-15-11:00,9.6,33.75901 S/17.50748 E,277.7°,17.2 kn,-,2021-04-05,2021-03-27-17:07
UMM AL ASHTAN,9074652,636010647,Liberia,290,48,116703,73100,JP KZU>AE DAS,DasIsland,2021-04-04-03:03,9.9,25.08288 N/52.96442 E,59.7°,0.1 kn,At anchor,2021-04-05,2021-04-05-12:21
AL HAMRA,9074640,636010544,Liberia,289,48,116703,72990,AE DAS,DasIsland,2021-04-07-06:30,9.6,17.55857 N/72.95873 E,281.9°,4.5 kn,-,2021-04-05,2021-04-01-18:51
MUBARAZ,9074626,636010373,Liberia,290,48,116703,72950,AE DAS>IN DHJ,AE DAS>IN DHJ,2021-04-08-18:18,11.6,24.41614 N/59.70441 E,293.4°,15.9 kn,Under way,2021-04-05,2021-04-05-12:04
MRAWEH,9074638,636010457,Liberia,290,48,116703,73040,AE DAS>CN ZUH,Zhuhai,2021-04-04-20:20,11.5,21.88943 N/113.21208 E,358.3°,5.4 kn,Under way,2021-04-05,2021-04-05-03:43
LNG ABALAMABIE,9690171,310731000,Bermuda,292,48,116568,86925,NGBON,Bonny,2021-03-19-12:00,9.1,14.90072 N/20.96497 W,184.1°,18.9 kn,Under way,2021-04-05,2021-04-05-12:34
LNG FINIMA II,9690145,310722000,Bermuda,292,48,116568,86867,CAPE TOWN,CapeTown,2021-04-07-05:00,9.6,6.5149 S/104.47091 E,270.7°,17.0 kn,-,2021-04-05,2021-03-23-10:59
LNG ABUJA II,9690169,310730000,Bermuda,292,48,116568,87147,NG BON,Bonny,2021-04-13-12:30,9.5,9.73678 N/17.83146 W,155.0°,12.8 kn,-,2021-04-05,2021-04-02-22:31
LNG PORT-HARCOURT II,9690157,310719000,Bermuda,292,48,116568,87139,"BONNY,NIGERIA",Bonny,2021-03-18-03:00,9.4,4.25078 N/73.60793 E,111.9°,15.1 kn,-,2021-04-05,2021-03-31-14:58
LA SEINE,9845764,215503000,Malta,299,46,116542,93200,"CAMERON,USA","CAMERON,USA",2021-04-05-18:00,9.6,29.60709 N/93.30495 W,321.4°,12.7 kn,Under way,2021-04-05,2021-04-05-12:34
FLEX AURORA,9857365,538008764,Marshall Islands,297,46,116430,83000,FOR ORDERS,FOR ORDERS,2021-04-08-00:00,9.3,26.22018 N/79.35395 W,38.5°,16.5 kn,-,2021-04-05,2021-03-15-16:30
COOL DISCOVERER,9861031,215567000,Malta,299,46,116354,92800,FOR ORDERS,FOR ORDERS,2021-04-15-16:00,11.3,26.1056 N/92.4544 W,108.0°,18.9 kn,-,2021-04-05,2021-04-05-12:15
LA MANCHA KNUTSEN,9721724,224444000,Spain,284,46,116246,92802,SINGAPORE,Singapore,2021-04-15-00:01,11.7,34.46228 N/137.05683 E,146.1°,11.9 kn,-,2021-04-05,2021-03-27-04:33
RIOJA KNUTSEN,9721736,224451000,Spain,290,46,116246,92782,PRPSE,Ponce,2021-04-04-10:00,9.9,10.79054 N/61.76261 W,349.7°,14.8 kn,-,2021-04-05,2021-04-01-18:14
LNG LAGOS II,9692014,310721000,Bermuda,300,46,115995,99025,"MAPTA PHUT, THAILAND","MAPTA PHUT, THAILAND",2021-04-27-21:00,11.7,9.39536 N/19.15201 W,85.5°,14.7 kn,-,2021-04-05,2021-03-23-11:01
LNG BONNY II,9692002,310720000,Bermuda,300,46,115995,98954,MARMARA TURKEY,Marmara,2021-04-12-04:00,11.8,28.4122 N/14.75452 W,36.2°,18.4 kn,Under way,2021-04-05,2021-04-05-12:35
LNG CROSS RIVER,9262223,310478000,Bermuda,288,48,115993,79591,-,-,-,,20.74005 S/54.372 E,257.7°,12.2 kn,-,2021-04-05,2021-03-25-10:28
LNG RIVER NIGER,9262235,310479000,Bermuda,288,48,115993,79541,SINES,Sines,2021-04-12-06:00,11.4,8.10543 N/16.25235 W,138.4°,13.9 kn,-,2021-04-05,2021-03-26-06:54
LNG ADAMAWA,9262211,310469000,Bermuda,289,48,115993,79566,ESSCT,SantaCruzdeTenerife,2021-04-06-09:00,10.3,34.1541 N/9.1173 W,225.8°,15.1 kn,Under way,2021-04-05,2021-04-05-01:58
LNG AKWA IBOM,9262209,310453000,Bermuda,289,48,115993,79633,ESSCT>NGBON,Bonny,2021-04-05-16:00,10.3,7.41835 N/17.67097 W,146.6°,15.1 kn,-,2021-04-05,2021-03-31-13:39
SM EAGLE,9761827,370895000,Panama,295,46,115716,97975,KRJSP,KRJSP,2021-04-03-16:00,9.3,32.34718 N/141.47771 E,262.6°,17.9 kn,-,2021-04-05,2021-03-30-14:36
GASLOG GEORGETOWN,9864916,310800000,Bermuda,293,46,115636,89000,-,-,2021-04-08-11:00,9.4,37.69379 N/29.4389 W,244.3°,13.5 kn,-,2021-04-05,2021-03-29-14:36
HYUNDAI PEACEPIA,9761853,374816000,Panama,296,46,115541,98344,PACTB>KRTYG,Tongyeong,2021-04-16-02:00,11.3,7.13987 N/80.05567 W,227.1°,19.9 kn,-,2021-04-05,2021-03-25-05:25
BRITISH CONTRIBUTOR,9766554,232006298,Isle of Man,295,46,115366,94558,HR OMI,Omisalj,2021-04-09-04:00,11.3,36.73487 N/0.51158 E,74.0°,20.0 kn,-,2021-04-05,2021-04-04-03:42
BRITISH MENTOR,9766578,232006296,Isle of Man,295,46,115366,94528,US FPO,Freeport,2021-05-05-08:00,9.9,6.01357 S/105.71043 E,220.4°,15.5 kn,Under way,2021-04-05,2021-04-05-12:29
BRITISH LISTENER,9766566,232006297,Isle of Man,295,46,115366,94494,BR RIO,RiodeJaneiro,2021-04-15-09:00,10.7,25.32765 N/88.93548 W,128.0°,17.4 kn,-,2021-04-05,2021-04-01-09:38
BRITISH PARTNER,9766530,232006301,Isle of Man,295,46,115366,94442,IL HAD,Hadera,2021-04-20-18:00,10.6,25.60195 N/91.5723 W,106.3°,19.3 kn,Under way,2021-04-05,2021-04-05-12:34
PEARL LNG,9862346,215573000,Malta,293,46,115345,88000,S ATLANTIC,S ATLANTIC,2021-04-28-04:00,11.6,19.147 N/64.93382 W,97.7°,16.2 kn,-,2021-04-05,2021-04-03-18:06
FLEX RANGER,9709025,538007621,Marshall Islands,293,46,115174,88684,FOR ORDER,FOR ORDER,2021-04-09-06:00,11.2,32.69587 N/29.71478 E,288.1°,17.2 kn,Under way,2021-04-05,2021-04-05-12:33
FLEX RAINBOW,9709037,538007620,Marshall Islands,293,46,115174,88684,FOR ORDERS,FOR ORDERS,2021-04-15-07:45,9.5,34.55574 N/139.7519 E,166.9°,15.6 kn,-,2021-04-05,2021-04-02-06:19
GASLOG GLADSTONE,9744025,310779000,Bermuda,293,46,115024,87955,FOR ORERS,FOR ORERS,2021-04-14-22:00,9.3,29.01774 N/123.17315 E,133.8°,14.5 kn,-,2021-04-05,2021-04-04-13:46
PAN EUROPE,9750244,477157300,Hong Kong,290,47,114996,88613,FOR ORDERS,FOR ORDERS,2021-04-15-06:00,11.4,23.49363 S/13.41445 E,205.6°,18.9 kn,-,2021-04-05,2021-03-23-15:12
PAN AMERICAS,9750232,477142700,Hong Kong,290,47,114996,88425,FOR ORDERS,FOR ORDERS,2021-04-18-06:00,11.5,26.06673 N/79.37037 W,33.3°,19.5 kn,-,2021-04-05,2021-03-19-17:52
PAN AFRICA,9750256,477168300,Hong Kong,290,47,114996,88438,FOR ORDERS,FOR ORDERS,2021-04-16-02:00,9.5,17.38547 N/66.82482 E,195.7°,15.6 kn,-,2021-04-05,2021-03-24-07:14
LNG PHECDA,9834313,477345700,Hong Kong,295,45,114790,97000,PORT SAID EGYPT,PortSaid,2021-04-05-12:00,11.5,31.44017 N/32.32216 E,154.0°,0.1 kn,At anchor,2021-04-05,2021-04-05-12:34
LNG DUBHE,9834296,477327900,Hong Kong,295,45,114790,91588,BE ZEE,Zeebrugge,2021-05-04-23:01,9.5,19.09728 N/119.80865 E,227.2°,17.1 kn,-,2021-04-05,2021-04-02-16:24
LNG MERAK,9834301,477345800,Hong Kong,295,45,114790,91451,EGSUZ,AsSuways/SuezPort,2021-04-22-10:00,9.9,37.61976 N/123.32435 E,116.4°,13.9 kn,-,2021-04-05,2021-04-03-02:22
PATRIS,9766889,636018010,Liberia,295,46,114758,95743,TTPTF,PointFortin,2021-04-08-09:30,9.7,30.33635 N/19.81979 W,242.0°,19.0 kn,-,2021-04-05,2021-04-01-22:37
KINISIS,9785158,636018011,Liberia,295,46,114758,95673,FOR ORDERS,FOR ORDERS,2021-04-27-08:00,9.1,2.93439 N/100.89416 E,314.3°,19.7 kn,-,2021-04-05,2021-03-29-05:17
BW MAGNOLIA,9850666,563092200,Singapore,295,46,114622,95547,USFPO,Freeport,2021-04-04-08:00,9.9,28.92794 N/95.28803 W,317.6°,7.8 kn,Under way,2021-04-05,2021-04-05-12:35
GASLOG HONG KONG,9748904,310773000,Bermuda,290,46,114470,92266,FRFOS,Fossurmer,2021-04-06-04:00,11.3,40.3109 N/2.10609 E,38.0°,16.0 kn,Under way,2021-04-05,2021-04-05-12:35
FLEX RESOLUTE,9851646,538008815,Marshall Islands,295,46,114380,95500,GOM FO,GOM FO,2021-04-08-06:00,9.0,37.69753 N/28.97091 W,271.2°,15.1 kn,-,2021-04-05,2021-03-30-09:52
FLEX FREEDOM,9862308,538008814,Marshall Islands,295,46,114380,95500,AU DRW,Darwin,2021-04-20-14:31,9.6,14.4312 N/120.61858 E,241.5°,12.9 kn,-,2021-04-05,2021-04-03-12:35
BW LILAC,9758076,248587000,Malta,295,46,114364,95978,INDHP,DabholPort,2021-04-21-00:01,11.3,26.28138 N/91.57458 W,153.8°,15.5 kn,-,2021-04-05,2021-03-21-13:47
BW TULIP,9758064,563041600,Singapore,295,46,114364,95785,SABINE PASS USA,SABINE PASS USA,2021-04-09-12:00,9.4,9.81437 N/80.05382 W,18.6°,13.6 kn,Under way,2021-04-05,2021-04-05-01:31
BW PAVILION ARANDA,9792606,563082400,Singapore,295,46,114355,95876,FOS CAVAOU FRANCE,FOS CAVAOU FRANCE,2021-04-18-06:00,11.5,27.35889 N/92.19759 W,143.6°,16.4 kn,-,2021-04-05,2021-04-04-15:06
LNG SOKOTO,9216303,310378000,Bermuda,289,48,114354,79822,NGBON,Bonny,2021-04-07-21:00,10.0,10.40265 N/19.15574 W,147.7°,14.3 kn,-,2021-04-05,2021-03-27-18:29
LNG RIVERS,9216298,310370000,Bermuda,289,48,114354,79885,IN HZR,Hazira,2021-04-14-00:00,11.2,34.76451 S/17.49334 E,129.4°,18.1 kn,-,2021-04-05,2021-03-30-05:06
LNG BAYELSA,9241267,310381000,Bermuda,289,48,114354,79822,WEST AFRICA,WEST AFRICA,2021-04-14-08:00,10.4,22.74912 S/11.42745 E,342.1°,13.2 kn,-,2021-04-05,2021-04-03-05:10
GIGIRA LAITEBO,9360922,309415000,Bahamas,298,46,114277,87194,PORT MORESBY,PortMoresby,2021-04-07-05:00,9.7,22.13877 N/119.89363 E,183.0°,19.8 kn,-,2021-04-05,2021-03-27-02:50
SPIRIT OF HELA,9361639,311013700,Bahamas,298,46,114277,87130,CN QDG,Qingdao,2021-04-08-21:00,11.9,1.4132 N/104.49242 E,52.0°,17.2 kn,-,2021-04-05,2021-03-09-15:36
ENERGY ENDEAVOUR,9854624,538008879,Marshall Islands,295,46,114195,93500,FOR ORDERS,FOR ORDERS,2021-04-19-00:01,11.6,8.3813 N/79.44797 W,180.1°,17.9 kn,-,2021-04-05,2021-03-28-00:50
ENERGY PACIFIC,9854612,538008878,Marshall Islands,295,46,114195,95000,FOR ORDERS,FOR ORDERS,2021-03-13-00:25,9.8,33.74584 S/17.85608 E,288.2°,17.4 kn,-,2021-04-05,2021-03-31-13:43
PAPUA,9613135,477518900,Hong Kong,290,47,114166,96319,CN TAO>PG POM,PortMoresby,2021-04-12-19:00,9.4,35.15225 N/120.86728 E,98.0°,20.5 kn,-,2021-04-05,2021-04-04-07:03
MARVEL KITE,9760782,563069500,Singapore,293,46,114084,89266,...,...,2021-04-15-16:00,11.6,31.51205 N/124.7162 W,305.5°,15.4 kn,-,2021-04-05,2021-03-30-05:52
MARVEL HAWK,9760770,563063200,Singapore,293,46,114084,89432,-,-,2021-04-05-15:00,9.2,28.95701 N/93.24765 W,314.6°,0.4 kn,At anchor,2021-04-05,2021-04-05-12:32
MARVEL FALCON,9760768,563048500,Singapore,293,46,114084,89431,GB ISLE OF GRAIN,GB ISLE OF GRAIN,2021-04-18-00:01,11.5,26.60462 N/79.58686 W,13.3°,17.8 kn,-,2021-04-05,2021-04-04-07:30
MINERVA KALYMNOS,9869942,215890000,Malta,-,-,115635,89000,AU BWB,BarrowIsland,2021-04-07-19:00,9.2,30.81626 N/125.49214 E,179.1°,19.1 kn,-,2021-04-05,2021-03-30-23:34
HYUNDAI TECHNOPIA,9155145,441231000,Korea,289,48,113998,77584,QARLF=>KRINC,Incheon,2021-04-12-02:00,11.4,1.7541 N/102.49853 E,114.0°,17.6 kn,-,2021-04-05,2021-04-05-12:25
HYUNDAI COSMOPIA,9155157,441260000,Korea,289,48,113998,77591,KRINC,Incheon,2021-04-05-02:00,11.3,37.32507 N/126.49826 E,83.1°,9.6 kn,Under way,2021-04-05,2021-04-05-03:17
PSKOV,9630028,636016229,Liberia,300,46,113876,93152,ATLANTIC FOR ORDERS,ATLANTIC FOR ORDERS,2021-04-09-22:59,9.4,33.86798 S/18.19201 E,261.6°,12.1 kn,-,2021-04-05,2021-03-31-12:44
SCF MITRE,9654880,636016378,Liberia,300,46,113876,93585,FOR ORDERS,FOR ORDERS,2021-04-30-00:01,9.7,33.83987 N/134.95269 E,188.9°,18.0 kn,-,2021-04-05,2021-04-02-08:07
SCF MELAMPUS,9654878,636016376,Liberia,300,46,113876,93508,GLADSTONE / AUGLT,GLADSTONE / AUGLT,2021-04-17-02:00,9.8,34.4501 N/139.79668 E,155.1°,18.7 kn,-,2021-04-05,2021-04-01-15:12
VELIKIY NOVGOROD,9630004,636016219,Liberia,300,46,113876,93486,INDIAN OC. FOR ORDER,INDIAN OC. FOR ORDER,2021-04-13-21:01,11.5,33.80217 S/17.88227 E,274.2°,16.1 kn,-,2021-04-05,2021-03-01-12:55
GLOBAL ENERGY,9845013,538008899,Marshall Islands,295,46,113822,96000,-,-,2021-04-15-06:00,9.4,36.12502 N/25.79867 W,268.7°,15.7 kn,Under way,2021-04-05,2021-04-05-01:23
GLOBAL STAR,9859741,538009028,Marshall Islands,295,46,113822,95000,"GLADSTONE,AU","GLADSTONE,AU",2021-04-04-20:00,9.5,23.84738 S/151.62711 E,28.0°,0.1 kn,At anchor,2021-04-05,2021-04-05-12:33
MINERVA PSARA,9854363,215865000,Malta,295,46,113817,93500,FOR ORDERS,FOR ORDERS,2021-04-07-12:00,11.4,8.37852 N/79.47728 W,180.5°,16.7 kn,-,2021-04-05,2021-03-31-23:17
MARAN GAS ANDROS,9810379,241670000,Greece,295,46,113793,96000,FOR ORDERS,FOR ORDERS,2021-05-07-21:00,11.2,8.37567 N/26.44251 W,134.1°,17.4 kn,-,2021-04-05,2021-03-30-06:27
MARAN GAS SPETSES,9767950,241579000,Greece,295,46,113763,94945,BARROW ISLAND.AUS,BARROW ISLAND.AUS,2021-04-09-06:00,9.6,1.41606 N/104.46592 E,48.4°,18.1 kn,-,2021-04-05,2021-04-03-19:07
MARAN GAS CHIOS,9753014,241636000,Greece,295,46,113763,94945,FOR ORDERS,FOR ORDERS,2021-04-06-10:00,9.9,27.72694 N/92.44562 W,325.0°,13.5 kn,Under way,2021-04-05,2021-04-05-12:34
WOODSIDE CHANEY,9753026,241637000,Greece,295,46,113763,95000,FOR ORDERS,FOR ORDERS,2021-04-01-00:00,10.0,37.7375 N/138.23393 E,265.8°,16.7 kn,-,2021-04-05,2021-04-02-08:33
MARIA ENERGY,9659725,636017445,Liberia,290,46,113664,93301,SETUBAL,Setubal,2021-04-02-13:30,6.4,38.47336 N/8.79571 W,321.3°,0.0 kn,-,2021-04-05,2021-04-03-01:02
MARAN GAS ACHILLES,9682588,241365000,Greece,290,46,113502,92713,FOR ORDERS,FOR ORDERS,2021-04-07-00:30,11.7,34.50499 S/25.9308 E,75.3°,13.7 kn,-,2021-04-05,2021-03-27-16:22
MARAN GAS LETO,9682576,241355000,Greece,290,46,113502,81739,SINGAPORE,Singapore,2021-03-23-08:00,6.0,1.29321 N/103.65322 E,64.8°,0.6 kn,-,2021-04-05,2021-04-03-01:27
MARAN GAS ULYSSES,9709491,241404000,Greece,290,46,113502,92621,FOR ORDERS,FOR ORDERS,2021-04-10-04:00,11.5,10.90897 N/61.60275 W,43.5°,15.4 kn,-,2021-04-05,2021-03-29-19:30
MARAN GAS PERICLES,9709489,241424000,Greece,290,46,113502,92776,FOR ORDERS,FOR ORDERS,2021-04-05-23:01,11.1,38.66585 N/120.79685 E,284.8°,16.5 kn,Under way,2021-04-05,2021-04-05-12:35
MARAN GAS AGAMEMNON,9682590,241405000,Greece,290,46,113502,92762,FOR ORDERS,FOR ORDERS,2021-04-13-22:00,10.9,23.93862 S/152.10914 E,98.9°,14.9 kn,-,2021-04-05,2021-04-04-15:19
FLEX COURAGEOUS,9825439,538008206,Marshall Islands,295,46,113428,95618,FOR ORDERS,FOR ORDERS,2021-04-09-06:00,9.6,9.79924 N/80.08597 W,358.4°,9.9 kn,-,2021-04-05,2021-04-04-08:24
CESI LIANYUNGANG,9672818,477151600,Hong Kong,290,46,113397,95713,TIAN JIN CN,TianjinXingang,2021-04-10-23:00,11.3,23.20346 S/151.66811 E,59.5°,15.3 kn,-,2021-04-05,2021-03-30-12:28
CESI GLADSTONE,9672820,477348600,Hong Kong,290,46,113397,95638,"YD,CHINA","YD,CHINA",2021-04-14-00:00,11.3,23.92957 S/151.98976 E,97.4°,17.0 kn,Under way,2021-04-05,2021-04-05-06:47
CESI QINGDAO,9672832,477584200,Hong Kong,290,46,113397,95641,-,-,-,11.4,23.22463 S/151.62197 E,49.8°,17.5 kn,-,2021-04-05,2021-04-02-14:35
CESI WENZHOU,9694751,477121700,Hong Kong,290,46,113397,95530,GLADSTONE,Gladstone,2021-04-11-13:15,9.2,18.06492 N/111.34544 E,80.6°,20.3 kn,-,2021-04-05,2021-04-02-11:03
CESI BEIHAI,9672844,477884800,Hong Kong,290,46,113397,95599,AU GLT,Gladstone,2021-04-07-00:01,9.3,22.15714 N/115.05296 E,112.2°,16.7 kn,-,2021-04-05,2021-03-26-12:12
BAHRAIN SPIRIT,9771080,408919000,Bahrain,295,46,113274,95289,FOR ORDER,FOR ORDER,2021-04-21-08:00,9.4,35.12676 N/121.53167 E,103.4°,14.6 kn,-,2021-04-05,2021-04-01-14:26
OAK SPIRIT,9681699,311000247,Bahamas,295,46,113263,95452,FOR ORDERS,FOR ORDERS,2021-04-15-18:30,10.9,34.32629 S/27.03721 E,62.4°,16.6 kn,-,2021-04-05,2021-04-04-11:04
MEGARA,9770945,311000478,Bahamas,295,46,113263,95212,-,-,-,11.3,13.41234 N/70.52173 W,266.1°,17.1 kn,Under way,2021-04-05,2021-04-05-01:10
MAGDALA,9770921,311000476,Bahamas,295,46,113263,95449,FOR ORDERS,FOR ORDERS,2021-04-06-10:00,11.1,39.53199 N/4.56001 E,0.0°,3.4 kn,-,2021-04-05,2021-04-05-12:17
TORBEN SPIRIT,9721401,311000520,Bahamas,295,46,113263,95253,QARLF,RasLaffan,2021-04-07-00:01,9.4,26.16755 N/52.9606 E,281.3°,15.0 kn,Under way,2021-04-05,2021-04-05-12:34
MUREX,9705641,311000475,Bahamas,295,46,113263,95235,-,-,-,10.6,23.954 S/152.15864 E,99.3°,18.2 kn,-,2021-04-05,2021-03-31-02:57
MACOMA,9705653,311000472,Bahamas,295,46,113263,95253,FOR ORDERS,FOR ORDERS,2021-04-16-05:00,9.3,6.40836 S/105.14765 E,249.0°,14.3 kn,-,2021-04-05,2021-03-23-10:54
MYRINA,9770933,311000477,Bahamas,295,46,113263,95378,-,-,-,9.3,34.78995 N/128.96903 E,133.2°,16.3 kn,-,2021-04-05,2021-04-02-03:53
FLEX ENDEAVOUR,9762261,215386000,Malta,295,46,113049,95803,FOR ORDER,FOR ORDER,2021-04-20-00:01,9.6,3.77338 N/100.00316 E,315.0°,13.2 kn,-,2021-04-05,2021-04-03-04:53
MARAN GAS VERGINA,9732369,241467000,Greece,295,46,113037,95194,PACIFIC OB,PACIFIC OB,2021-04-06-09:00,9.4,37.12364 N/124.01037 E,174.5°,17.3 kn,Under way,2021-04-05,2021-04-05-02:09
MARAN GAS ROXANA,9701229,241415000,Greece,295,46,113037,95194,FOR ORDERS,FOR ORDERS,2021-04-06-06:00,9.4,33.13082 S/17.26514 E,311.5°,10.1 kn,-,2021-04-05,2021-04-02-19:37
MARAN GAS AMPHIPOLIS,9701217,241414000,Greece,295,46,113037,95194,JP NGO,Nagoya,2021-04-09-06:00,11.5,32.68429 S/71.63541 W,330.6°,11.2 kn,-,2021-04-05,2021-03-08-13:18
TESSALA,9761243,605076060,Algeria,291,46,112867,94575,DZBTA,Arzew,2021-04-08-13:00,9.3,36.02644 N/23.05791 E,242.7°,15.1 kn,Under way,2021-04-05,2021-04-05-10:34
OUGARTA,9761267,605076070,Algeria,291,46,112867,94575,ESFRO,Ferrol,2021-03-22-08:25,9.0,43.47594 N/8.22936 W,65.2°,0.0 kn,-,2021-04-05,2021-03-22-11:37
PRACHI,9723801,563178000,Singapore,295,46,112791,90328, AU BWB >>CN JIANGSU,UBWB>>CNJIANGSU,2021-04-05-01:00,11.7,32.54848 N/121.43073 E,268.5°,0.0 kn,Moored,2021-04-05,2021-04-05-12:07
GASLOG GIBRALTAR,9707510,310757000,Bermuda,291,46,112764,87981,FRDKK>USSAB,Sabine,2021-03-11-10:00,9.3,36.08948 N/25.58996 W,250.9°,15.3 kn,-,2021-04-05,2021-04-01-15:09
GASLOG GENEVA,9707508,310755000,Bermuda,291,46,112764,87760,FOR ORDERS,FOR ORDERS,2021-04-24-06:00,11.6,34.80144 S/26.75775 E,86.2°,16.6 kn,-,2021-04-05,2021-04-04-11:40
GASLOG GREECE,9687019,310732000,Bermuda,291,46,112764,87975,FOR ORDERS,FOR ORDERS,2021-05-01-03:00,11.6,32.87836 S/16.82863 E,331.1°,16.1 kn,-,2021-04-05,2021-03-25-19:41
GASLOG GLASGOW,9687021,310744000,Bermuda,291,46,112764,87889,CARIBBEAN SEA,CARIBBEAN SEA,2021-04-06-18:00,9.5,9.86234 N/79.94703 W,3.3°,16.4 kn,-,2021-04-05,2021-04-02-23:30
LNG JAMAL,9200316,432278000,Japan,290,46,112090,72692,DRIFTING,DRIFTING,2021-04-09-07:00,9.4,18.08216 N/65.25766 E,319.2°,13.2 kn,-,2021-04-05,2021-04-04-02:14
GOLAR MAZO,9165011,636011170,Liberia,290,47,111835,76210,-,-,-,9.0,5.14819 N/115.36451 E,231.0°,0.1 kn,-,2021-04-05,2020-04-17-09:46
CASTILLO DE SANTISTEBAN,9433717,215739000,Malta,300,46,111665,93796,FOR ORDERS,FOR ORDERS,2021-04-08-07:00,11.9,19.35172 S/115.83314 E,355.8°,18.7 kn,-,2021-04-05,2021-04-04-06:21
PACIFIC NOTUS,9247962,311573000,Bahamas,290,46,111553,72490,AU_ASBTN,AU_ASBTN,2021-04-10-00:00,9.6,34.27255 N/139.40577 E,212.0°,11.5 kn,-,2021-04-05,2021-03-26-08:39
PACIFIC EURUS,9264910,308937000,Bahamas,290,46,111539,68541,YUNG AN TW,YUNG AN TW,2021-03-31-00:01,11.0,21.68777 N/120.46672 E,136.0°,12.5 kn,-,2021-04-05,2021-04-01-06:58
ABADI,9210828,508011000,Brunei,290,46,111461,72758,SCS,SCS,2021-04-12-00:00,11.2,1.38907 N/104.44802 E,47.0°,15.2 kn,-,2021-04-05,2021-03-24-06:15
ETYFA PROMETHEAS,9236614,564644000,Cyprus,290,46,111459,72781,FOR ORDERS,FOR ORDERS,2021-08-06-22:00,9.0,31.37452 N/121.69494 E,148.0°,0.0 kn,-,2021-04-05,2021-03-23-01:23
BW TATIANA,9236626,538008991,Marshall Islands,290,46,111459,72781,-,-,-,,1.30362 N/103.65119 E,201.1°,0.1 kn,-,2021-04-05,2020-12-22-03:54
GEMMATA,9253222,563574000,Singapore,290,46,111459,72727,-,-,-,10.1,13.04578 S/38.56159 W,188.1°,11.9 kn,-,2021-04-05,2021-03-27-22:45
SOHAR LNG,9210816,357186000,Panama,298,46,111203,71997,-,-,-,9.6,19.74491 N/57.83238 E,265.7°,0.1 kn,-,2021-04-05,2021-02-25-09:54
DUKHAN,9265500,636012400,Liberia,298,46,111162,72533,JP HIM,Himeji,2021-04-07-21:00,10.8,17.9934 S/118.04903 E,19.0°,16.2 kn,-,2021-04-05,2021-03-29-11:32
AL RAYYAN,9086734,431901000,Japan,298,46,111128,72430,QA_RLF,RasLaffan,2021-03-17-09:00,9.0,25.85298 N/51.79325 E,231.1°,0.3 kn,At anchor,2021-04-05,2021-04-05-10:43
RIBERA DEL DUERO KNUTSEN,9477593,259082000,Norway,290,46,111109,96740,ESSAG,Sagunto,2021-04-11-00:01,11.6,26.7334 N/79.59424 W,6.0°,22.4 kn,-,2021-04-05,2021-04-01-10:45
AL ZUBARAH,9085649,431881000,Japan,298,46,111079,72557,SG SIN,Singapore,2021-04-11-10:00,9.2,37.75355 N/138.22168 E,269.0°,17.9 kn,-,2021-04-05,2021-04-04-06:01
BARCELONA KNUTSEN,9401295,224436000,Spain,290,46,110920,97730,-,-,-,11.1,11.70605 N/68.41934 W,103.3°,16.8 kn,-,2021-04-05,2021-03-25-18:07
SEVILLA KNUTSEN,9414632,224072000,Spain,290,46,110920,97730,ORDERS,ORDERS,2021-04-12-11:00,9.4,36.91495 N/126.06506 E,213.9°,13.8 kn,-,2021-04-05,2021-03-16-10:35
VALENCIA KNUTSEN,9434266,225420000,Spain,290,46,110920,97730,CL QUINTERO,CL QUINTERO,2021-04-15-10:00,11.4,10.91871 N/61.60814 W,55.9°,17.4 kn,-,2021-04-05,2021-03-27-09:30
SHAHAMAH,9035852,636010085,Liberia,293,46,110895,71931,IN DAH>AE DAS,DasIsland,2021-04-23-19:19,11.0,20.29784 N/70.8829 E,273.0°,11.1 kn,-,2021-04-05,2021-04-02-21:49
GHASHA,9038452,636010183,Liberia,293,46,110895,71593,>CN YIU LIAN DD,NYIULIANDD,2021-03-11-05:05,7.5,22.50461 N/113.83815 E,196.0°,0.0 kn,Moored,2021-04-05,2021-04-05-12:33
ISH,9035864,636010329,Liberia,293,46,110895,71564,CN SZX>AE DAS,DasIsland,2021-04-08-02:02,9.8,25.26458 N/56.49819 E,265.4°,0.2 kn,At anchor,2021-04-05,2021-04-05-12:35
AL KHAZNAH,9038440,636010034,Liberia,293,46,110895,71543,IN DAH > AE DAS,DasIsland,2021-04-02-03:03,9.5,25.08131 N/52.94399 E,212.5°,0.2 kn,At anchor,2021-04-05,2021-04-05-09:50
STENA CRYSTAL SKY,9383900,235099946,United Kingdom,298,46,109949,96889,PA BLB,Balboa,2021-04-05-15:00,9.1,23.34827 N/122.37817 E,14.0°,17.5 kn,-,2021-04-05,2021-03-09-22:24
STENA CLEAR SKY,9413327,235100007,United Kingdom,298,46,109949,96811,PA BLB,Balboa,2021-04-03-11:00,9.3,8.82967 N/79.50688 W,244.0°,0.1 kn,At anchor,2021-04-05,2021-04-05-12:35
EKAPUTRA 1,8706155,525022371,Indonesia,290,46,109281,78988,ID BXT,Bontang,2021-04-04-05:00,8.8,5.61741 S/107.29262 E,84.9°,11.3 kn,-,2021-04-05,2021-03-31-14:47
METHANE BECKI ANNE,9516129,310597000,Bermuda,291,45,109004,86269,NGBON,Bonny,2021-04-10-05:00,9.1,33.71819 S/17.44486 E,5.4°,15.3 kn,-,2021-04-05,2021-04-03-21:40
METHANE PATRICIA CAMILA,9425277,310606000,Bermuda,291,45,109004,86272,FOR ORDERS,FOR ORDERS,2021-04-01-22:00,9.5,13.04711 N/144.30026 E,195.6°,16.4 kn,-,2021-04-05,2021-04-01-02:11
METHANE JULIA LOUISE,9412880,310584000,Bermuda,290,45,109004,86125,FOR ORDERS,FOR ORDERS,2021-04-07-16:01,9.1,37.0253 N/126.20649 E,240.5°,12.4 kn,-,2021-04-05,2021-03-27-07:13
SERI BALQIS,9331672,533894000,Malaysia,295,47,107633,91198,GBFLM,GBFLM,2021-03-18-13:00,9.6,50.10827 N/5.04802 W,90.0°,0.6 kn,At anchor,2021-04-05,2021-04-05-12:35
SERI BALHAF,9331660,533868000,Malaysia,295,47,107633,91201,ITALY FOR ORDERS,ITALY FOR ORDERS,2021-04-16-22:01,11.3,36.84242 N/75.81337 W,121.0°,9.8 kn,-,2021-04-05,2021-04-04-00:24
ENERGY ATLANTIC,9649328,256647000,Malta,290,46,106771,89766,-,-,-,9.2,22.05044 N/121.96005 E,194.4°,16.7 kn,-,2021-04-05,2021-03-28-20:42
TORMAN II,9006681,538008702,Marshall Islands,272,47,106151,67554,-,-,-,9.1,1.47083 N/103.82907 E,79.2°,0.0 kn,Moored,2021-04-05,2021-04-05-12:32
ADAM LNG,9501186,538005753,Marshall Islands,289,46,105975,90986,US GLS,Galveston,2021-03-27-12:00,9.1,29.2072 N/94.61574 W,25.9°,0.1 kn,At anchor,2021-04-05,2021-04-05-12:34
BW PAVILION LEEARA,9640645,565515000,Singapore,289,46,105945,91496,CN BHY,Beihai,2021-05-09-22:00,11.5,14.15874 N/60.74128 W,113.6°,13.6 kn,-,2021-04-05,2021-04-04-00:15
BW PAVILION VANDA,9640437,565513000,Singapore,289,46,105945,91515,CORPUS CHRISTI USA,CorpusChristi,2021-04-19-12:00,9.5,34.66084 S/18.17938 E,295.8°,18.5 kn,-,2021-04-05,2021-03-31-15:47
CLEAN VISION,9655456,256245000,Malta,289,46,105943,89863, FOR ORDERS,ORORDERS,2021-04-05-04:53,9.0,25.25258 N/55.27203 E,151.3°,0.0 kn,Moored,2021-04-05,2021-04-05-06:54
CLEAN OCEAN,9637492,538005350,Marshall Islands,289,46,105943,89956,MURMANSK,Murmansk,2021-04-05-23:30,9.1,70.52216 N/33.79671 E,297.7°,8.9 kn,Under way,2021-04-05,2021-04-05-09:53
CLEAN HORIZON,9655444,256083000,Malta,289,46,105943,89831,EG SUZ > RU MMK,Murmansk,2021-04-13-21:01,9.2,36.66669 N/13.74566 E,283.8°,20.6 kn,Under way,2021-04-05,2021-04-05-01:06
CLEAN PLANET,9637507,538005351,Marshall Islands,289,46,105943,89848,CNTAS,Jintang,2021-04-30-13:00,11.3,43.55914 N/10.03941 W,208.0°,16.6 kn,-,2021-04-05,2021-04-05-12:29
GOLAR GLACIER,9654696,538005373,Marshall Islands,289,46,105832,79602,FOR ORDERS,FOR ORDERS,2021-04-15-05:01,9.5,33.46904 S/17.51557 E,300.1°,19.6 kn,-,2021-04-05,2021-03-27-01:30
GOLAR KELVIN,9654701,538005374,Marshall Islands,289,46,105832,90607,FOR ORDERS,FOR ORDERS,2021-04-11-00:00,11.2,26.54024 N/79.76358 W,2.8°,18.4 kn,-,2021-04-05,2021-04-01-12:39
MARAN GAS APOLLONIA,9633422,241275000,Greece,289,46,105773,90434,FOR ORDERS,FOR ORDERS,2021-05-01-00:01,11.3,27.46591 N/96.37925 W,118.0°,17.7 kn,-,2021-04-05,2021-03-22-12:07
MARAN GAS POSIDONIA,9633434,241290000,Greece,289,46,105773,90349,"CAMERON, USA","CAMERON, USA",2021-04-19-05:01,9.2,34.49036 S/18.04891 E,309.3°,15.3 kn,-,2021-04-05,2021-03-28-06:22
MARAN GAS SPARTA,9650042,241289000,Greece,289,46,105773,90392,FOR ORDERS,FOR ORDERS,2021-04-13-22:00,9.4,35.00905 N/124.34661 E,180.8°,12.6 kn,-,2021-04-05,2021-03-31-18:00
LNG VESTA,9020766,431642000,Liberia,272,47,105708,68522,-,-,-,5.4,1.29651 N/103.65775 E,177.9°,0.1 kn,-,2021-04-05,2020-05-08-06:36
SERI BAKTI,9331634,533380000,Malaysia,290,47,105335,90065,KR HAN,KR HAN,2021-04-05-21:00,11.0,18.97841 S/115.55204 E,39.7°,14.9 kn,-,2021-04-05,2021-03-25-15:42
SERI BEGAWAN,9331646,533016000,Malaysia,290,47,105335,89902,MYPGG,Pengerang,2021-04-06-00:01,10.6,21.72317 S/153.20659 E,16.6°,17.1 kn,-,2021-04-05,2021-03-26-19:54
NORTHWEST SANDPIPER,8913150,503002000,Australia,272,47,105010,66768,SG SBW,SG SBW,2021-04-04-01:00,8.0,1.46533 N/103.82547 E,253.0°,0.0 kn,-,2021-04-05,2021-04-05-12:24
KARMOL LNGT POWERSHIP AFRICA,9043677,636019705,Liberia,272,47,104968,70593,RAFFLES ANCHORAGE,RAFFLES ANCHORAGE,2021-03-19-08:00,10.1,1.17478 N/103.75837 E,315.0°,0.1 kn,At anchor,2021-04-05,2021-04-05-12:33
SERI BIJAKSANA,9331658,533051000,Malaysia,290,47,104881,89953,AU GLT,Gladstone,2021-04-14-22:00,9.4,0.14128 S/106.72444 E,138.6°,15.2 kn,-,2021-04-05,2021-03-31-19:00
SONANGOL SAMBIZANGA,9475600,311027900,Bahamas,291,43,104537,87104,AO SZA>IN DHP,DabholPort,2021-04-09-18:30,11.9,34.73211 S/18.24136 E,124.2°,15.5 kn,-,2021-04-05,2021-03-28-08:09
SONANGOL ETOSHA,9482299,311027800,Bahamas,291,43,104537,87294,PK BQM >AO SZA,Soyo,2021-04-23-05:05,9.6,20.0708 N/66.37814 E,182.5°,16.2 kn,-,2021-04-05,2021-04-03-23:56
SONANGOL BENGUELA,9482304,311038100,Bahamas,291,43,104537,87169,AO SZA>CN ZUH,Zhuhai,2021-04-24-15:01,11.8,33.7765 S/17.45083 E,153.5°,13.5 kn,-,2021-04-05,2021-04-02-19:45
ARWA SPIRIT,9339260,538003267,Marshall Islands,285,43,104169,82187,FOR ORDERS,FOR ORDERS,2021-04-15-06:00,11.6,24.00848 N/85.16584 W,103.0°,19.5 kn,-,2021-04-05,2021-04-05-01:39
MERIDIAN SPIRIT,9369904,219061000,Denmark,285,43,104169,81929,SWINOUJSCIE,Swinoujscie,2021-04-10-06:00,11.6,49.62189 N/7.17908 W,90.5°,18.4 kn,Under way,2021-04-05,2021-04-05-12:34
MARIB SPIRIT,9336749,538001576,Marshall Islands,285,43,104169,81400,FOR ORDERS,FOR ORDERS,2021-04-07-12:00,9.8,39.24969 N/28.72748 W,271.5°,14.1 kn,-,2021-04-05,2021-03-30-07:42
WOODSIDE DONALDSON,9369899,564629000,Singapore,285,43,104169,82085,HIGASHI OHGISHIMA,HIGASHI OHGISHIMA,2021-04-13-06:00,12.1,18.78257 S/117.69965 E,28.6°,19.1 kn,-,2021-04-05,2021-04-04-11:05
MAGELLAN SPIRIT,9342487,220636000,Denmark,285,43,104169,82265,CORPUS CHRISTI,CorpusChristi,2021-03-31-16:00,9.3,27.81136 N/96.90749 W,158.6°,0.1 kn,At anchor,2021-04-05,2021-04-05-12:29
METHANE SPIRIT,9336737,311000135,Bahamas,285,43,104169,82115,FOR ORDERS,FOR ORDERS,2021-04-09-07:00,9.4,34.37643 N/138.55122 E,181.6°,19.2 kn,-,2021-04-05,2021-03-24-07:52
MARAN GAS EFESSOS,9627497,241291000,Greece,294,44,103928,89711,FOR ORDERS,FOR ORDERS,2021-04-20-00:00,11.7,32.68304 S/71.66342 W,315.6°,14.7 kn,-,2021-04-05,2021-03-19-16:51
WOODSIDE GOODE,9633161,241276000,Greece,294,44,103928,90125,ORDERS,ORDERS,2021-04-15-21:00,9.8,35.00733 N/129.04809 E,300.8°,0.1 kn,-,2021-04-05,2021-03-26-05:46
MARAN GAS DELPHI,9633173,241287000,Greece,294,44,103928,89670,PACIFIC OCEAN,PACIFIC OCEAN,2021-04-22-00:00,9.5,20.73281 N/120.83823 E,231.9°,9.8 kn,-,2021-04-05,2021-03-30-23:09
CORCOVADO LNG,9636711,229471000,Malta,294,44,103905,89624,FOR ORDERS,FOR ORDERS,2021-04-07-07:01,11.1,37.97512 N/9.72601 W,346.0°,16.8 kn,Under way,2021-04-05,2021-04-05-12:36
KITA LNG,9636723,229581000,Malta,294,44,103902,89752,FOR ORDERS,FOR ORDERS,2021-04-08-12:00,9.5,21.15999 N/119.2666 E,207.8°,15.2 kn,-,2021-04-05,2021-04-03-19:23
MARAN GAS MYSTRAS,9658238,241350000,Greece,294,44,103893,89269,CAMERON LNG,CAMERON LNG,2021-04-02-16:00,9.5,27.10308 N/91.92318 W,139.1°,14.5 kn,Under way,2021-04-05,2021-04-05-10:06
MARAN GAS TROY,9658240,241352000,Greece,294,44,103893,89240,FOR ORDERS,FOR ORDERS,2021-05-15-00:01,6.5,36.81813 N/0.66846 E,74.0°,4.5 kn,Under way,2021-04-05,2021-04-05-12:30
PALU LNG,9636735,229582000,Malta,294,44,103885,89874,FOR ORDERS,FOR ORDERS,2021-05-09-12:00,9.5,20.87439 N/72.11827 E,198.3°,14.3 kn,-,2021-04-05,2021-03-31-13:16
YARI LNG,9636747,229583000,Malta,294,44,103885,89804,YUNG AN,YungAn,2021-04-06-22:00,11.2,12.22959 S/130.67447 E,320.1°,0.1 kn,-,2021-04-05,2021-03-26-10:26
YK SOVEREIGN,9038816,441498000,Korea,274,47,103764,72020,AUGLT,Gladstone,2021-04-08-22:45,9.9,37.03867 N/126.23617 E,244.1°,12.7 kn,-,2021-04-05,2021-03-28-05:16
HYUNDAI UTOPIA,9018555,441223000,Korea,274,47,103764,71909,KRTYG=>IDLUW,Luwuk,2021-04-09-00:00,9.4,34.78452 N/128.9497 E,343.0°,13.7 kn,-,2021-04-05,2021-03-14-00:43
BW BRUSSELS,9368314,563089400,Singapore,295,43,103670,89452,MOHESHKHALI,MOHESHKHALI,2021-05-02-06:00,11.7,29.39848 N/93.6718 W,180.9°,10.0 kn,-,2021-04-05,2021-04-02-03:26
NORTH ENERGY,8014409,538007753,Marshall Islands,283,45,102390,67055,-,-,-,6.7,31.71652 N/121.11564 E,18.8°,0.2 kn,-,2021-04-05,2020-03-12-06:58
8110203,Not in Service since 2018,538007892,LNG Tanker,67219,283,,102390,-,-,-,9.6,2.36672 N/101.91351 E,318.0°,0.0 kn,-,2021-04-05,2021-04-05-12:30
WILFORCE,9627954,258702000,Norway,290,44,102315,87750,AUGLT,Gladstone,2021-04-11-14:01,9.5,29.03811 N/123.78326 E,163.2°,16.9 kn,-,2021-04-05,2021-03-29-11:29
WILPRIDE,9627966,258703000,Norway,290,44,102315,87677,OPEN SEA FOR ORDER,OPEN SEA FOR ORDER,2021-04-12-22:00,11.4,34.36454 S/26.31836 E,73.6°,13.5 kn,-,2021-04-05,2021-03-29-11:36
GOLAR ICE,9637325,538004976,Marshall Islands,281,43,102200,81534,FOR ORDERS,FOR ORDERS,2021-04-05-07:00,9.3,29.7389 N/32.60474 E,228.1°,0.0 kn,At anchor,2021-04-05,2021-04-05-12:34
GOLAR SNOW,9635315,538004981,Marshall Islands,281,43,102200,82200,FOR ORDERS,FOR ORDERS,2021-04-05-00:01,9.2,29.24608 N/93.68448 W,44.7°,3.7 kn,Under way,2021-04-05,2021-04-05-12:35
GOLAR CRYSTAL,9624926,538004985,Marshall Islands,286,43,102100,82058,FOR ORDERS,FOR ORDERS,2021-03-31-00:01,10.0,35.88038 N/14.89059 E,330.9°,0.1 kn,At anchor,2021-04-05,2021-04-05-12:32
GOLAR FROST,9655042,538004975,Marshall Islands,281,43,102100,82005,FOR ORDERS,FOR ORDERS,2021-04-30-20:01,9.5,4.57249 N/104.06971 E,161.9°,13.4 kn,-,2021-04-05,2021-04-04-19:04
GOLAR SEAL,9624914,538004980,Marshall Islands,281,43,102100,82048,PACIFIC FOR ORDER,PACIFIC FOR ORDER,2021-04-13-16:00,11.2,7.36011 N/76.63071 E,113.4°,19.0 kn,-,2021-04-05,2021-04-04-04:43
GOLAR CELSIUS,9626027,538004984,Marshall Islands,281,43,102100,82029,FOR ORDERS,FOR ORDERS,2021-04-12-12:00,11.7,26.24053 N/79.37779 W,45.4°,20.4 kn,-,2021-04-05,2021-03-31-07:19
GOLAR BEAR,9626039,538004983,Marshall Islands,281,43,102100,82017,PACIFIC-FOR ORDERS,PACIFIC-FOR ORDERS,2021-03-06-20:00,11.5,9.28385 N/79.91441 W,169.6°,0.7 kn,At anchor,2021-04-05,2021-04-05-12:34
GOLAR PENGUIN,9624938,538004979,Marshall Islands,280,43,102100,82181,ROTTERDAM FOR ORDERS,Rotterdam,2021-03-25-00:01,11.6,26.63383 N/79.5582 W,9.4°,21.8 kn,-,2021-04-05,2021-03-29-08:44
COOL VOYAGER,9636785,229553000,Malta,281,43,102097,81890,FOR ORDERS,FOR ORDERS,2021-04-20-12:00,11.7,21.02865 N/38.34752 E,150.9°,18.3 kn,Under way,2021-04-05,2021-04-05-12:36
COOL RUNNER,9636797,229673000,Malta,281,43,102097,81891,FPOUS,FPOUS,2021-04-21-01:00,9.4,42.6665 N/14.80032 W,252.0°,11.5 kn,Under way,2021-04-05,2021-04-05-12:34
COOL EXPLORER,9640023,229796000,Malta,281,43,102097,81893,FUJAIRAH FOR ORDERS,Fujairah,2021-04-06-08:00,8.9,26.40978 N/55.66941 E,254.4°,15.4 kn,Under way,2021-04-05,2021-04-05-12:25
TRISTAR RUBY,9333606,636092943,Liberia,288,44,102064,84491,TW YAN,YungAn,2021-04-09-00:01,11.3,16.44579 S/116.56807 E,0.5°,19.8 kn,-,2021-04-05,2021-04-02-23:19
KMARIN EMERALD,9333591,235050369,Isle of Man,288,44,102064,84303,FOR ORDER,FOR ORDER,2021-04-20-11:00,11.4,19.43994 N/65.21771 W,94.9°,15.8 kn,-,2021-04-05,2021-03-24-04:12
BRITISH SAPPHIRE,9333618,235060454,Isle of Man,288,44,102064,84455,US FPO,Freeport,2021-04-11-11:00,9.5,33.88473 N/17.12638 W,256.0°,18.5 kn,-,2021-04-05,2021-03-30-12:24
KMARIN DIAMOND,9333620,235060455,Isle of Man,288,44,102064,84553,CNTNJ,TianjinXingang,2021-04-11-22:00,11.5,34.45692 N/139.49241 E,209.9°,18.3 kn,-,2021-04-05,2021-03-20-05:04
TANGGUH HIRI,9333632,309787000,Bahamas,288,44,101957,84467,-,-,-,9.5,3.68846 S/128.13665 E,168.6°,0.2 kn,-,2021-04-05,2021-03-26-05:20
TANGGUH SAGO,9361990,308741000,Bahamas,288,44,101957,84484,ID NTI,Bintuni,2021-03-26-01:00,9.8,37.83974 N/122.72175 E,93.8°,18.5 kn,-,2021-04-05,2021-01-01-20:38
ASIA INTEGRITY,9680188,311000227,Bahamas,285,43,101427,82636,AU WNB,WithnellBay,2021-04-08-22:00,9.2,19.20839 S/117.43671 E,29.0°,18.0 kn,-,2021-04-05,2021-03-15-14:46
ASIA VISION,9606948,311000182,Bahamas,285,43,101427,82487,CN ZOS,Zhoushan,2021-04-06-22:00,11.5,19.48747 S/115.83334 E,358.4°,18.7 kn,-,2021-04-05,2021-03-27-01:32
ASIA VENTURE,9680190,311000228,Bahamas,285,43,101427,82564,"BARROW ISLAND, AUS","BARROW ISLAND, AUS",2021-04-13-16:00,9.3,33.63758 N/141.43695 E,19.2°,11.9 kn,-,2021-04-05,2021-03-30-01:24
ASIA ENDEAVOUR,9610779,311000185,Bahamas,285,43,101427,82434,AU BWI,Bulwer,2021-04-05-04:00,9.2,20.81933 S/115.496 E,322.0°,1.1 kn,Under way,2021-04-05,2021-04-05-05:07
ASIA ENERGY,9606950,311000183,Bahamas,285,43,101427,82424,KR KAN,Gwangyang,2021-04-10-21:00,11.7,17.75074 S/118.29684 E,28.7°,17.2 kn,-,2021-04-05,2021-04-01-14:29
ASIA EXCELLENCE,9610767,311000184,Bahamas,285,43,101427,82721,AUS ONS,AUS ONS,2021-04-04-14:15,9.2,21.45967 S/115.07838 E,222.0°,3.5 kn,-,2021-04-05,2021-04-04-14:38
POINT FORTIN,9375721,370833000,Panama,290,45,101129,79592,"FREEPORT,USA","FREEPORT,USA",2021-04-08-01:00,9.8,35.38166 N/10.413 W,261.3°,15.2 kn,-,2021-04-05,2021-03-26-17:45
TRINITY GLORY,9350927,370668000,Panama,290,45,101126,79605,AUDRW,Darwin,2021-04-12-19:30,9.7,36.25532 N/124.66376 E,205.5°,15.2 kn,-,2021-04-05,2021-03-19-14:48
TRINITY ARROW,9319404,353392000,Panama,290,45,101094,79556,EGDAM,Dumyat,2021-04-13-19:00,9.5,24.64448 N/57.90872 E,123.0°,18.0 kn,-,2021-04-05,2021-04-04-13:41
MALANJE,9490959,311038600,Bahamas,285,43,100723,82729,SOYO- ANGOLA,Soyo,2021-04-22-06:00,9.2,3.41113 N/100.41702 E,321.0°,19.9 kn,-,2021-04-05,2021-04-05-12:32
CUBAL,9491812,311038400,Bahamas,285,43,100723,82834,SOYO,Soyo,2021-04-11-05:00,9.6,7.1469 S/10.81442 E,18.4°,12.5 kn,Under way,2021-04-05,2021-04-05-08:38
SOYO,9475208,311038500,Bahamas,285,43,100723,82858,FOR ORDER,FOR ORDER,2021-04-07-07:00,9.5,6.42333 S/104.78744 E,74.4°,18.9 kn,-,2021-04-05,2021-03-23-02:11
LOBITO,9490961,311038700,Bahamas,285,43,100723,82929,FOR ORDERS,FOR ORDERS,2021-04-05-05:00,9.6,6.94691 S/10.89362 E,54.9°,10.0 kn,-,2021-04-05,2021-04-04-17:41
HYUNDAI ECOPIA,9372999,370983000,Panama,288,44,100545,83959,"HOSAN, KOREA",Hosan,2021-04-07-01:00,11.4,34.80183 N/128.96337 E,90.0°,17.1 kn,-,2021-04-05,2021-03-30-04:50
GRACE COSMOS,9323675,311191000,Bahamas,288,44,100481,85224,SG EAST OPL,SG EAST OPL,2021-04-10-04:00,11.5,22.24652 N/114.56042 E,156.5°,13.8 kn,-,2021-04-05,2021-04-04-10:10
GASLOG CHELSEA,9390185,310670000,Bermuda,289,44,100374,86353,"DAHEJ, INDIA",Dahej,2021-04-18-00:01,11.3,29.70004 N/32.60638 E,97.8°,0.0 kn,At anchor,2021-04-05,2021-04-05-12:35
GRACE ACACIA,9315707,308136000,Bahamas,288,44,100341,85214,CN QID,Qidong,2021-04-07-00:01,11.1,23.26271 S/151.61596 E,16.7°,18.4 kn,-,2021-04-05,2021-03-28-09:10
GRACE BARLERIA,9315719,431115000,Japan,288,44,100256,84812,JP KZU,Kisarazu,2021-04-06-22:00,11.3,34.56834 N/139.72459 E,169.8°,10.9 kn,-,2021-04-05,2021-02-19-16:06
NEO ENERGY,9324277,636013234,Liberia,288,44,100253,85602,RAS LAFFAN QATAR,RasLaffan,2021-04-02-20:30,9.0,25.83469 N/51.79752 E,71.1°,0.6 kn,-,2021-04-05,2021-04-04-20:24
OB RIVER,9315692,538002846,Marshall Islands,288,44,100244,84682,-,-,-,9.4,34.5559 N/137.00937 E,135.1°,12.3 kn,-,2021-04-05,2021-02-25-02:56
CLEAN ENERGY,9323687,538002742,Marshall Islands,288,44,100244,85513,ATLANTIC FOR ORDERS,ATLANTIC FOR ORDERS,2021-04-28-23:59,9.5,33.81067 S/18.15018 E,306.6°,13.3 kn,Under way,2021-04-05,2021-04-05-08:04
ARCTIC AURORA,9645970,229767000,Malta,288,44,100236,84604,LT KLJ,Klaipeda,2021-04-17-08:00,11.0,31.99945 N/80.78929 W,144.2°,10.0 kn,-,2021-04-05,2021-04-04-04:10
YENISEI RIVER,9629586,538005072,Marshall Islands,288,44,100236,84565,ZA_CPT-->US_NSS,ZA_CPT-->US_NSS,2021-04-23-05:01,9.4,33.83492 S/18.10762 E,290.3°,17.7 kn,Under way,2021-04-05,2021-04-05-08:50
LENA RIVER,9629598,538005073,Marshall Islands,288,44,100236,84585,DALIAN CHINA,Dalian,2021-04-07-16:00,11.5,1.41518 N/104.49263 E,67.0°,16.6 kn,-,2021-04-05,2021-04-01-11:48
K. MUGUNGWHA,9373010,370612000,Panama,288,43,99151,87442,KR PTK,Pyeongtaek,2021-04-07-02:00,11.3,8.47021 N/79.43832 W,177.0°,18.6 kn,-,2021-04-05,2021-03-16-01:15
AL AREESH,9325697,311038000,Bahamas,288,43,99106,90617,EG PSD,PortSaid,2021-04-08-20:00,9.3,44.64677 N/13.53281 E,146.2°,17.8 kn,Under way,2021-04-05,2021-04-05-12:37
AL MARROUNA,9325685,311468000,Bahamas,288,43,99106,90617,QA RLF,RasLaffan,2021-04-11-05:00,9.8,21.3113 N/91.74924 E,220.6°,13.7 kn,-,2021-04-05,2021-04-02-17:37
AL DAAYEN,9325702,311133000,Bahamas,288,43,99106,90617,FOR ORDERS,FOR ORDERS,2021-04-08-14:00,11.4,29.90561 N/32.54558 E,9.0°,8.1 kn,Under way,2021-04-05,2021-04-05-12:37
LNG LOKOJA,9269960,310519000,Bermuda,288,43,98798,83965,BONNY NIGERIA,Bonny,2021-04-01-12:00,9.4,10.34587 N/17.22951 W,318.8°,16.0 kn,Under way,2021-04-05,2021-04-05-12:35
LNG IMO,9311581,310565000,Bermuda,288,43,98798,83688,BONNY,Bonny,2021-04-25-07:00,9.6,6.65574 S/104.22093 E,242.4°,16.5 kn,Under way,2021-04-05,2021-04-05-09:21
LNG ONDO,9311579,310550000,Bermuda,288,43,98798,83688,"BONNY, NIGERIA.",Bonny,2021-04-13-09:00,9.5,21.09122 N/19.83359 W,204.1°,11.9 kn,Under way,2021-04-05,2021-04-05-03:51
LNG KANO,9311567,310534000,Bermuda,288,43,98798,83961,ES SCT>NG BON,Bonny,2021-04-04-14:30,9.2,13.42417 N/19.26525 W,179.8°,18.3 kn,-,2021-04-05,2021-03-28-19:29
AMALI,9496317,508111132,Brunei,284,43,98490,72800,-,-,-,9.5,34.10205 N/139.25299 E,212.5°,16.3 kn,-,2021-04-05,2021-03-21-22:26
GASLOG SKAGEN,9626285,310664000,Bermuda,285,43,98451,81847,-,-,-,11.3,29.72828 N/32.56252 E,97.9°,0.1 kn,At anchor,2021-04-05,2021-04-05-12:31
GASLOG SANTIAGO,9600530,310652000,Bermuda,285,43,98451,82178,FOR ORDERS,FOR ORDERS,2021-04-13-16:00,9.5,20.51787 N/71.78575 E,242.9°,12.9 kn,Under way,2021-04-05,2021-04-05-11:37
GASLOG SYDNEY,9626273,310657000,Bermuda,285,43,98451,82010,CNTSN>KRYOS,Yeosu,2021-04-06-00:00,8.9,38.04152 N/123.02432 E,109.6°,13.2 kn,-,2021-04-05,2021-04-03-20:35
GASLOG SEATTLE,9634086,310669000,Bermuda,285,43,98075,81982,CNNGB,Ningbo,2021-04-09-22:00,11.1,23.95996 S/152.1412 E,98.6°,18.1 kn,-,2021-04-05,2021-04-01-21:43
GASLOG SHANGHAI,9600528,310644000,Bermuda,285,43,98075,82104,PAKISTAN FOR ORDERS,PAKISTAN FOR ORDERS,2021-04-16-00:01,11.2,34.69354 S/18.2292 E,131.8°,17.5 kn,-,2021-04-05,2021-04-02-13:44
GASLOG SARATOGA,9638903,310696000,Bermuda,285,45,98075,81855,QA RLF,RasLaffan,2021-04-06-09:00,9.3,26.31697 N/56.01538 E,229.2°,12.8 kn,Under way,2021-04-05,2021-04-05-06:37
GASLOG SALEM,9638915,310699000,Bermuda,285,43,98075,82023,SABINE PASS,SABINE PASS,2021-04-23-06:00,9.3,33.16263 S/16.95181 E,300.8°,12.5 kn,-,2021-04-05,2021-03-29-16:00
SHEN HAI,9583677,477413600,Hong Kong,290,43,98068,82625,CN YANGSHAN>MY BTU,"Bintulu,Sarawak",2021-04-06-22:45,11.9,24.67219 N/122.66757 E,180.2°,16.7 kn,-,2021-04-05,2021-03-28-03:43
TANGGUH JAYA,9349019,370502000,Panama,285,43,97897,82313,AU GLT,Gladstone,2021-04-13-14:00,9.1,33.97839 N/134.92004 E,182.6°,16.6 kn,-,2021-04-05,2021-04-03-11:15
TANGGUH PALUNG,9355379,370766000,Panama,285,43,97897,82407,CN NBO,Ningbo,2021-04-07-22:00,11.2,29.45429 N/122.87026 E,107.5°,11.7 kn,-,2021-04-05,2021-02-19-12:33
LNG BORNO,9322803,310543000,Bermuda,285,43,97874,82030,MUNDRA INDIA,Mundra,2021-04-05-09:30,11.4,22.20603 N/68.60516 E,57.2°,16.0 kn,Under way,2021-04-05,2021-04-05-03:00
LNG OGUN,9322815,310542000,Bermuda,285,43,97874,81997,MONTOIR FRANCE,Montoir,2021-04-06-12:00,11.4,41.8021 N/10.20644 W,33.0°,14.7 kn,-,2021-04-05,2021-04-05-12:31
DAPENG SUN,9308479,477985700,Hong Kong,292,43,97871,83050,AU DAM>CN DPG,Dapeng,2021-04-12-02:00,11.4,18.88991 S/116.81276 E,355.1°,19.2 kn,Under way,2021-04-05,2021-04-05-12:37
DAPENG STAR,9369473,477614400,Hong Kong,292,43,97871,82428,DAPENG CHINA,Dapeng,2021-04-07-02:00,11.6,18.59566 S/116.80549 E,356.3°,17.8 kn,-,2021-04-05,2021-03-31-08:31
GASLOG SAVANNAH,9352860,310583000,Bermuda,285,43,97818,82291,RED SEA,Jeddah,2021-04-08-18:00,11.0,24.29701 N/58.47845 E,127.0°,19.2 kn,-,2021-04-05,2021-04-02-04:55
GASLOG SINGAPORE,9355604,310594000,Bermuda,285,43,97818,82339,EAST CHINA SEA,EAST CHINA SEA,2021-04-06-04:00,11.3,8.41074 N/79.45482 W,179.4°,19.7 kn,-,2021-04-05,2021-03-18-01:23
STENA BLUE SKY,9315393,235116537,United Kingdom,285,43,97754,84362,-,-,-,9.0,32.39332 N/122.30303 E,116.0°,14.0 kn,-,2021-04-05,2021-03-10-07:01
LNG UNITY,9306495,228337700,France,290,43,97741,86385,MQ FDF,FortdeFrance,2021-03-30-00:30,11.0,14.57427 N/61.10101 W,337.1°,0.1 kn,-,2021-04-05,2021-03-31-11:54
LNG ALLIANCE,9320075,228333700,France,290,43,97741,86385,COLON,Colon,2021-03-29-12:00,11.1,9.34001 N/79.91141 W,97.4°,0.0 kn,Moored,2021-04-05,2021-04-05-12:36
LNG OYO,9267003,310487000,Bermuda,285,43,97561,83068,NG BON,Bonny,2021-04-27-11:30,9.5,21.66853 N/72.50958 E,14.1°,0.0 kn,-,2021-04-05,2021-03-27-04:14
LNG RIVER ORASHI,9266982,310447000,Bermuda,285,43,97561,83068,TW KHH > NG BON,Bonny,2021-05-03-11:00,9.3,22.18597 N/119.44228 E,208.5°,15.9 kn,-,2021-04-05,2021-04-04-04:39
LNG BENUE,9267015,310495000,Bermuda,285,43,97561,82971,JOHOR ANCHORAGE,JOHOR ANCHORAGE,2021-03-31-09:00,8.2,1.45438 N/103.87683 E,182.6°,0.0 kn,Moored,2021-04-05,2021-04-05-12:36
LNG ENUGU,9266994,310482000,Bermuda,285,43,97561,83160,BONNY NIGERIA,Bonny,2021-04-09-08:00,9.2,11.55622 N/18.07546 W,182.0°,12.7 kn,-,2021-04-05,2021-04-02-21:37
MARAN GAS ASCLEPIUS,9302499,240386000,Greece,285,43,97496,84659,FPR ORDERS,FPR ORDERS,2021-03-25-21:01,9.2,25.84092 N/51.86043 E,241.0°,0.6 kn,-,2021-04-05,2021-04-04-22:43
UMM BAB,9308431,240411000,Greece,285,43,97496,84659,FOR ORDERS,FOR ORDERS,2021-04-10-06:00,9.3,8.08978 N/76.68103 E,313.0°,17.0 kn,Under way,2021-04-05,2021-04-05-12:36
SIMAISMA,9320386,240486000,Greece,285,43,97496,84863,FOR ORDERS,FOR ORDERS,2021-04-21-22:00,11.2,26.44038 N/56.62005 E,162.0°,15.8 kn,Under way,2021-04-05,2021-04-05-11:03
AL JASSASIYA,9324435,240615000,Greece,285,43,97496,84554,ORDERS,ORDERS,2021-04-06-01:00,11.0,24.49042 N/65.03658 E,3.0°,12.2 kn,-,2021-04-05,2021-04-04-09:36
GOLAR MARIA,9320374,538002609,Marshall Islands,277,43,97491,84823,-,-,-,9.9,6.27713 S/105.39888 E,234.0°,14.6 kn,-,2021-04-05,2021-03-14-20:14
MARAN GAS CORONIS,9331048,240639000,Greece,285,43,97491,84776,PNG FOR ORDERS,PNG FOR ORDERS,2021-04-07-00:00,9.5,32.1904 N/122.31303 E,127.3°,11.1 kn,-,2021-04-05,2021-03-23-10:27
SALALAH LNG,9300817,371561000,Panama,285,43,96671,81035,QAL OMN,QAL OMN,2021-06-04-08:00,9.2,12.79628 N/71.94422 E,311.0°,17.8 kn,-,2021-04-05,2021-04-02-15:58
IBRA LNG,9326689,357734000,Panama,285,43,96671,81057,OMQAL,Qalhat,2021-04-14-04:00,9.0,1.29732 N/103.32045 E,312.0°,10.2 kn,Under way,2021-04-05,2021-04-05-08:33
MILAHA QATAR,9321732,229129000,Malta,283,43,96508,77803,RAS LAFFAN,RasLaffan,2021-04-03-03:00,9.1,25.83331 N/51.81252 E,249.1°,0.8 kn,-,2021-04-05,2021-04-04-20:36
AL THAKHIRA,9298399,309975000,Bahamas,283,43,95824,78542,FOR ORDERS,FOR ORDERS,2021-04-06-15:00,9.4,32.18838 N/32.90313 E,256.3°,0.9 kn,Under way,2021-04-05,2021-04-05-12:36
EJNAN,9334076,309201000,Bahamas,283,43,95824,78403,QA RLF,RasLaffan,2021-03-23-22:00,9.3,25.85174 N/51.81166 E,250.5°,0.9 kn,At anchor,2021-04-05,2021-04-05-04:17
LUSAIL,9285952,311628000,Bahamas,283,43,95824,78489,PK BQM,PortQasim,2021-04-05-01:00,11.4,24.88805 N/57.97546 E,123.2°,16.0 kn,-,2021-04-05,2021-04-03-16:18
METHANE LYDON VOLNEY,9307205,310514000,Bermuda,283,43,95753,78957,CARTAGENA,Cartagena,2021-04-11-08:00,9.7,37.55352 N/1.02653 W,238.0°,9.5 kn,Under way,2021-04-05,2021-04-05-12:36
METHANE HEATHER SALLY,9321744,310528000,Bermuda,283,43,95753,79084,"KALAMATA,GREECE",Kalamata,2021-04-03-07:00,9.7,35.9419 N/18.92079 E,78.0°,12.0 kn,-,2021-04-05,2021-04-02-11:06
METHANE RITA ANDREA,9307188,310499000,Bermuda,283,43,95753,79046,-,-,-,,1.46857 N/103.83173 E,64.1°,0.0 kn,-,2021-04-05,2021-04-05-00:41
METHANE SHIRLEY ELISABETH,9321756,310535000,Bermuda,283,43,95753,78997,PH MNL,Manila,2021-04-07-08:00,11.6,12.39513 S/130.75491 E,319.3°,12.7 kn,-,2021-04-05,2021-04-02-05:14
METHANE JANE ELIZABETH,9307190,310510000,Bermuda,283,43,95753,78984,FOR ORDERS,FOR ORDERS,2021-05-08-06:00,11.4,11.83777 N/68.50538 W,99.6°,15.8 kn,-,2021-04-05,2021-04-01-23:20
SERI ANGKASA,9321665,533957000,Malaysia,283,43,95729,71500,MY MKZ,MY MKZ,2021-04-10-08:00,11.2,23.93305 S/151.9963 E,97.0°,16.3 kn,-,2021-04-05,2021-03-30-12:58
SERI ANGGUN,9321653,533953000,Malaysia,283,43,95729,83395,BTU MY,BTU MY,2021-04-02-06:00,9.1,34.50955 N/139.62694 E,284.5°,10.3 kn,-,2021-04-05,2021-03-23-07:25
K. FREESIA,9186584,441278000,Korea,277,43,95381,76022,QARLF,RasLaffan,2021-04-16-21:01,9.9,34.86841 N/129.12535 E,251.3°,12.7 kn,-,2021-04-05,2021-03-30-21:58
K. ACACIA,9157636,441259000,Korea,277,43,95376,75768,OM QAL,Qalhat,2021-04-20-04:00,11.5,36.99872 N/126.78225 E,158.5°,0.0 kn,Moored,2021-04-05,2021-04-05-12:11
GULF ENERGY,7390143,538001388,Marshall Islands,285,44,95016,72472,-,-,-,6.5,59.35898 N/5.30056 E,306.7°,0.4 kn,Moored,2021-04-05,2021-04-05-12:35
BERING ENERGY,7390155,538001389,Marshall Islands,285,44,95016,72555,-,-,-,9.9,43.47308 N/8.22339 W,329.4°,0.0 kn,-,2021-04-05,2020-08-29-21:47
GALICIA SPIRIT,9247364,224482000,Spain,280,43,94822,79166,FOR ORDERS,FOR ORDERS,2021-04-10-00:00,9.3,1.3834 N/104.4475 E,56.0°,11.9 kn,-,2021-04-05,2021-04-04-13:31
HISPANIA SPIRIT,9230048,224985000,Spain,280,43,94822,79363,FOR ORDERS,FOR ORDERS,2021-04-09-06:00,9.4,39.64021 N/28.06197 W,251.6°,15.2 kn,-,2021-04-05,2021-04-01-21:09
PORTOVYY,9246621,273211890,Russia,277,43,94499,77773,-,-,-,9.2,57.41566 N/10.66837 E,206.8°,0.0 kn,At anchor,2021-04-05,2021-04-05-12:35
PUTERI NILAM SATU,9229647,533747000,Malaysia,276,43,94446,76124,JP SMA,Souma,2021-04-08-01:00,11.3,22.30021 N/122.18164 E,200.8°,15.9 kn,-,2021-04-05,2021-03-27-00:20
DISHA,9250713,215533000,Malta,277,43,94058,81097,"DAHEJ,INDIA",Dahej,2021-05-04-09:46,11.8,21.66867 N/72.50957 E,285.0°,0.0 kn,Moored,2021-04-05,2021-04-05-12:36
IBERICA KNUTSEN,9326603,257990000,Norway,277,43,93915,77541,FR DKK,Dunkerque,2021-04-07-13:00,11.3,47.48921 N/15.48668 W,69.0°,19.1 kn,Under way,2021-04-05,2021-04-05-12:34
METHANE PRINCESS,9253715,538004164,Marshall Islands,277,43,93899,77707,FOR ORDER,FOR ORDER,2021-04-11-08:00,9.6,49.1894 N/8.09496 W,273.3°,20.3 kn,-,2021-04-05,2021-03-31-11:53
BW EVERETT,9243148,564988000,Singapore,277,43,93844,77410,"BONTANG, IND","BONTANG, IND",2021-04-01-22:45,9.6,1.27444 N/104.23717 E,78.7°,10.7 kn,-,2021-04-05,2021-03-27-11:42
BW BOSTON,9230062,258617000,Norway,277,43,93844,77410,OPEN SEA FOR ORDERS,OPEN SEA FOR ORDERS,2021-04-07-22:00,11.0,1.43342 N/104.49967 E,45.8°,15.3 kn,-,2021-04-05,2021-04-02-11:04
BERGE ARZEW,9256597,311745000,Bahamas,277,43,93844,77470,ESCAR>TRMRA,Marmara,2021-04-07-05:00,11.4,36.32197 N/16.39643 E,94.0°,15.7 kn,Under way,2021-04-05,2021-04-05-10:54
EXCALIBUR,9230050,205421000,Belgium,277,43,93786,77822,PORT LOUIS,PortLouis,2021-04-12-00:01,9.1,2.9233 N/100.91792 E,316.2°,17.3 kn,-,2021-04-05,2021-04-03-19:54
HL SUR,9176010,440130000,Korea,280,43,93769,75159,OMQAL>KRPTK,Pyeongtaek,2021-04-11-21:00,12.1,1.41936 N/104.49675 E,55.0°,15.9 kn,-,2021-04-05,2021-04-05-09:23
SINGAPORE ENERGY,9238040,538007985,Marshall Islands,279,43,93498,75074,AW AUA,Aruba,2021-04-07-10:00,9.6,25.86227 N/90.53848 W,139.0°,15.1 kn,-,2021-04-05,2021-04-01-15:29
TRADER,9238038,235496000,Isle of Man,279,43,93498,75109,AU DAM>JP CTA,AU DAM>JP CTA,2021-04-05-21:40,11.6,19.04083 S/117.53832 E,30.7°,11.0 kn,-,2021-04-05,2021-03-25-13:26
MERCHANT,9250191,538008352,Marshall Islands,279,42,93498,75059,-,-,-,8.9,1.21664 N/103.87938 E,212.4°,0.8 kn,-,2021-04-05,2021-04-03-02:17
METHANE KARI ELIN,9256793,310440000,Bermuda,279,43,93410,73989,TT PTF,PointFortin,2021-05-04-02:00,9.2,10.23732 N/61.72966 W,161.6°,8.0 kn,Under way,2021-04-05,2021-04-05-09:45
FUWAIRIT,9256200,311605000,Bahamas,279,43,93227,74067,ARMED GUARDS ONBOARD,ARMED GUARDS ONBOARD,2021-04-09-01:00,9.5,20.09207 N/38.82054 E,151.9°,19.4 kn,-,2021-04-05,2021-04-03-09:17
MILAHA RAS LAFFAN,9255854,229130000,Malta,279,43,93226,73705,QA RLF>EG SUZ,AsSuways/SuezPort,2021-04-03-18:18,11.8,29.71906 N/32.59937 E,212.2°,0.1 kn,At anchor,2021-04-05,2021-04-05-12:37
SK SUNRISE,9247194,354159000,Panama,279,43,92927,75249,QA RLF,RasLaffan,2021-04-07-21:00,9.7,3.75312 N/100.03182 E,311.0°,21.0 kn,-,2021-04-05,2021-03-30-14:14
SK SUPREME,9157739,441768000,Korea,279,43,92866,75319,KR INC,Incheon,2021-04-15-20:00,11.5,7.71744 N/76.47583 E,141.5°,18.4 kn,Under way,2021-04-05,2021-04-05-03:37
SK STELLAR,9180243,441237000,Korea,279,43,92866,75135,"SUK,KR","SUK,KR",2021-04-18-01:00,11.6,21.73034 N/65.27158 E,142.8°,19.4 kn,Under way,2021-04-05,2021-04-05-03:34
CATALUNYA SPIRIT,9236420,224941000,Spain,284,43,90835,77204,USSAB,Sabine,2021-04-06-15:00,9.6,26.794 N/90.98158 W,307.0°,10.6 kn,-,2021-04-05,2021-04-05-12:32
CADIZ KNUTSEN,9246578,224263000,Spain,284,43,90835,77228,-,-,-,9.7,25.77192 N/91.93228 W,113.9°,16.7 kn,-,2021-04-05,2021-03-20-21:29
CASTILLO DE VILLALBA,9236418,224383000,Spain,284,43,90835,77217,-,-,-,11.1,10.58222 N/61.79375 W,180.7°,15.2 kn,-,2021-04-05,2021-02-23-14:40
BILBAO KNUTSEN,9236432,224606000,Spain,284,43,90835,77217,-,-,2021-04-09-00:01,11.2,35.92131 N/9.10791 W,270.0°,19.3 kn,-,2021-04-05,2021-04-03-18:38
MADRID SPIRIT,9259276,224152000,Spain,284,43,90835,77213,MALTA,Valletta,2021-04-21-04:00,11.3,24.00178 N/84.30352 W,110.0°,18.1 kn,-,2021-04-05,2021-04-05-03:32
SESTAO KNUTSEN,9338797,225372000,Spain,284,43,90478,77204,-,-,-,11.5,37.05291 N/126.67105 E,314.7°,14.2 kn,-,2021-04-05,2021-02-18-09:35
HL PYEONGTAEK,9061928,441563000,Korea,264,43,89956,71041,AUGLT,Gladstone,2021-04-18-04:30,9.9,36.91797 N/126.05028 E,211.1°,17.2 kn,Under way,2021-04-05,2021-04-05-04:40
OCEAN QUEST,7391214,257991000,Norway,289,41,88919,64991,-,-,-,9.4,1.5745 N/104.4055 E,241.0°,0.1 kn,-,2021-04-05,2021-04-05-12:32
PUTERI DELIMA,9030814,533022000,Malaysia,274,43,86205,73519,MY BTU,"Bintulu,Sarawak",2021-04-06-00:00,9.6,12.02472 N/101.13207 E,197.0°,15.3 kn,-,2021-04-05,2021-03-28-03:32
RAMDANE ABANE,7411961,605076080,Algeria,274,42,81265,83296,-,-,-,9.5,35.81648 N/0.25806 W,101.0°,0.0 kn,Moored,2021-04-05,2021-04-05-10:44
ARCTIC SPIRIT,9001784,311118000,Bahamas,239,40,66174,48857,MY BTU,"Bintulu,Sarawak",2021-04-07-00:01,8.4,22.39415 N/122.05635 E,199.1°,15.0 kn,-,2021-04-05,2021-03-21-23:41
POLAR SPIRIT,9001772,311153000,Bahamas,239,40,66174,48817,MY BTU,"Bintulu,Sarawak",2021-04-04-22:00,9.0,22.06987 N/122.1011 E,194.0°,17.1 kn,-,2021-04-05,2021-04-01-21:25
CHEIKH BOUAMAMA,9324344,311006300,Bahamas,220,35,52855,39520,ESSAG,Sagunto,2021-04-07-19:00,9.7,38.95046 N/6.4524 E,166.0°,14.7 kn,-,2021-04-05,2021-04-03-09:30
CHEIKH EL MOKRANI,9324332,309979000,Bahamas,220,35,52855,39520,DZSKI>ITSPE,LaSpezia,2021-04-03-06:05,9.1,44.07655 N/9.83502 E,284.5°,0.0 kn,Moored,2021-04-05,2021-04-05-12:35
GLOBAL ENERGY,9269207,226308000,France,220,35,48923,34800,IT SPE,LaSpezia,2021-04-05-07:00,9.3,43.94891 N/9.86449 E,358.1°,0.0 kn,At anchor,2021-04-05,2021-04-05-12:37
PORTOVENERE,9064073,563075400,Singapore,216,34,46555,35760,-,-,2021-04-01-00:01,8.0,22.17804 N/114.66552 E,124.9°,10.8 kn,-,2021-04-05,2021-03-24-10:34
LERICI,9064085,563074500,Singapore,216,34,46555,35760,-,-,-,5.6,1.29556 N/103.67996 E,253.2°,0.0 kn,Restricted,2021-04-05,2021-04-05-12:37
SAGA DAWN,9769855,563070400,Singapore,195,30,32158,31712,DONG GUAN,Dongguan,2021-04-05-22:00,7.8,20.23394 N/110.64649 E,94.3°,9.9 kn,Under way,2021-04-05,2021-04-05-05:28
SUN ARROWS,9349942,309296000,Bahamas,151,28,20620,11142,MYBTU,"Bintulu,Sarawak",2021-04-25-00:01,5.9,5.18849 N/114.06249 E,228.6°,7.1 kn,-,2021-04-05,2021-02-25-07:04
SURYA AKI,9060534,309521000,Bahamas,151,28,20519,11612,"BATAM,ID","BATAM,ID",2021-03-13-13:00,5.1,1.09839 N/103.91072 E,-,0.0 kn,-,2021-04-05,2021-03-31-06:16
LUCIA AMBITION,9016492,372255000,Panama,130,26,16399,11001,CN MCN,CN MCN,2021-04-05-04:00,6.8,19.98135 N/110.05514 E,224.0°,0.0 kn,Moored,2021-04-05,2021-04-05-10:16
PELITA ENERGY,9161510,525300941,Indonesia,130,26,16336,10951,-,-,-,6.9,1.26513 N/104.49367 E,77.0°,11.8 kn,-,2021-04-05,2021-01-14-07:17
CORAL ENERGICE,9783124,244090097,Netherlands,164,25,16100,9125,RU VYS,Vysotsk,2021-04-05-07:00,6.8,60.57278 N/28.36655 E,-,0.1 kn,At anchor,2021-04-05,2021-04-05-12:37
CORAL ENERGY,9617698,246878000,Netherlands,156,23,13501,12344,SELYS,Lysekil,2021-04-04-21:00,7.5,58.35459 N/11.43276 E,100.0°,0.0 kn,-,2021-04-05,2021-04-05-12:32
KAKUYU MARU,9675200,431004914,Japan,89,15,3031,1865,>JP ISW OFF,PISWOFF,2021-04-06-12:00,4.3,35.82478 N/140.98512 E,11.3°,11.2 kn,-,2021-04-05,2020-09-19-19:56
KAKUREI MARU,9469235,431000792,Japan,86,15,2952,1801,>JP AFG OFF,PAFGOFF,2021-04-06-11:00,4.7,35.45577 N/140.75968 E,36.0°,12.9 kn,-,2021-04-05,2020-09-04-07:02
PIONEER KNUTSEN,9275074,259393000,Norway,69,12,1687,817,KOLLSNES,Kollsnes,2021-04-05-06:00,3.6,60.55291 N/4.88422 E,270.8°,0.1 kn,Moored,2021-04-05,2021-04-05-12:38
PUTERI INTAN,9030802,533009000,Malaysia,274,43,86205,73519,"MP SC40 JH""  ""","MP SC40 JH""  """,2021-04-05-00:03,13.0,33.53617 N/134.91969 E,178.1°,16.1 kn,-,2021-04-05,2021-03-07-16:23
HYUNDAI AQUAPIA,9179581,441268000,Korea,289,48,113998,77564,KRINC->OMQAL,Qalhat,2021-04-16-04:00,10.0,37.1687 N/126.17769 E,210.6°,14.7 kn,-,2021-04-05,2021-04-02-07:01
SK SUMMIT,9157624,441456000,Korea,277,43,95378,76064,"RLF,QA","RLF,QA",2021-04-14-21:00,9.8,19.19798 N/119.72135 E,219.4°,17.5 kn,-,2021-04-05,2021-04-02-18:55
NORTHWEST SNIPE,8608884,503000051,Australia,272,47,105010,66695,AU DAM,Dampier,2021-04-10-23:00,9.4,20.19558 S/116.82672 E,34.7°,12.2 kn,-,2021-04-05,2021-03-19-01:50
GASLOG HOUSTON,9748899,310772000,Bermuda,290,46,114240,92345,CN YPG,Yangpu,2021-03-06-22:00,11.6,19.68762 S/115.83596 E,0.6°,15.9 kn,-,2021-04-05,2021-03-29-07:31
PUTERI ZAMRUD SATU,9245031,533754000,Malaysia,276,43,94446,76144,MY BTU,"Bintulu,Sarawak",2021-04-13-06:00,9.7,17.0512 N/113.23337 E,187.9°,14.7 kn,-,2021-04-05,2021-04-03-08:52
RIAS BAIXAS KNUTSEN,9825568,224989000,Spain,299,48,122261,96354,US CP6,CovePoint,2021-04-12-04:01,9.6,47.51249 N/16.58776 W,255.0°,17.2 kn,-,2021-04-05,2021-04-04-02:15
AMADI,9682552,508111182,Brunei,288,44,102585,85466,>JP ANE,Anegasaki,2021-04-05-23:00,11.5,34.57602 N/139.75009 E,163.3°,11.5 kn,Under way,2021-04-05,2021-04-05-10:16
PUTERI FIRUS SATU,9248502,533808000,Malaysia,276,43,94446,76197,MY BTU,"Bintulu,Sarawak",2021-04-11-01:00,9.5,29.97999 N/123.79005 E,123.4°,15.0 kn,-,2021-04-05,2021-03-30-13:19
AL KHOR,9085613,431894000,Japan,298,46,111083,72176,JP KWS HO,JP KWS HO,2021-04-15-00:45,11.2,25.04727 N/57.59499 E,120.3°,18.2 kn,-,2021-04-05,2021-03-30-14:48
NORTH PIONEER,9317200,431301776,Japan,89,15,3056,1938, >JP KUH OFF,JPKUHOFF,2021-04-05-05:45,4.5,41.77905 N/140.67988 E,221.0°,0.1 kn,-,2021-04-05,2020-06-21-09:59
ZEKREET,9132818,431325000,Japan,298,46,111124,72316,RL_QATAR,RL_QATAR,2021-04-09-10:00,9.1,8.48605 N/74.03335 E,304.5°,18.1 kn,Under way,2021-04-05,2021-04-05-12:38
GASLOG GALVESTON,9864928,310806000,Bermuda,293,46,115636,89000,ATLANTIC BASIN,ATLANTIC BASIN,2021-04-13-00:01,11.1,26.19157 N/79.27989 W,33.7°,17.7 kn,-,2021-04-05,2021-03-31-12:49
BEIDOU STAR,9613159,477314400,Hong Kong,290,47,114166,96355,PORT ELIZABETH,PortElizabeth,2021-04-06-06:00,9.8,20.10952 N/38.89907 E,148.8°,18.6 kn,-,2021-04-05,2021-03-13-03:30
SHINJU MARU NO. 2,9433884,431000767,Japan,86,15,2930,1781,JP MYJ OFF,Matsuyama,2021-04-06-03:00,4.2,34.58958 N/134.22342 E,248.0°,12.8 kn,Under way,2021-04-05,2021-04-05-10:25
MARVEL SWAN,9880192,219028242,Denmark,-,-,114931,89000,SHI-2310 GAS TRIAL,SHI-2310 GAS TRIAL,2021-03-20-10:00,9.5,34.82969 N/129.18269 E,38.3°,19.0 kn,-,2021-04-05,2021-02-24-15:18
COBIA LNG,9869306,215583000,Malta,-,-,116542,93200,.,.,2021-04-16-11:00,9.0,33.57042 S/17.48157 E,288.8°,15.1 kn,-,2021-04-05,2021-03-28-19:22
LNG VENUS,9645736,432994000,Japan,288,49,136710,86241,JP SBK,Sakaisenboku,2021-04-06-23:30,11.7,1.42049 N/104.49746 E,47.4°,16.5 kn,-,2021-04-05,2021-03-31-06:35
DIAMOND GAS ORCHID,9779226,311000769,Bahamas,294,49,144828,94028,PA BLB,Balboa,2021-04-22-11:00,9.6,35.07435 N/141.8392 E,78.2°,16.7 kn,-,2021-04-05,2021-03-30-16:14
FLEX AMBER,9857377,538008881,Marshall Islands,297,46,116430,83000,FOR ORDERS,FOR ORDERS,2021-04-06-02:00,11.9,15.58801 S/118.01646 E,28.5°,17.2 kn,-,2021-04-05,2021-04-03-05:33
WOODSIDE ROGERS,9627485,241254000,Greece,294,44,103928,90327,FOR ORDERS,FOR ORDERS,2021-04-14-22:00,11.4,18.01487 S/116.76058 E,354.3°,19.5 kn,-,2021-04-05,2021-04-03-13:12
HYUNDAI GREENPIA,9075333,441659000,Korea,274,47,103764,71684,MYBTU>KRINC,Incheon,2021-04-06-02:00,10.9,36.91753 N/126.05538 E,204.5°,14.9 kn,-,2021-04-05,2021-03-22-02:40
CELSIUS COPENHAGEN,9864784,538009022,Marshall Islands,299,46,119338,98000,WEST AFRICA,WEST AFRICA,2021-04-05-06:00,9.5,33.30829 S/17.34573 E,294.6°,13.2 kn,-,2021-04-05,2021-03-27-16:04
CNTIC VPOWER GLOBAL,9696735,477468400,Hong Kong,177,28,23516,15996,SINGAPORE EAST OPL,Singapore,2021-03-31-22:00,6.0,1.28398 N/104.33483 E,58.6°,12.8 kn,-,2021-04-05,2021-04-02-07:09
SERI AMANAH,9293844,533937000,Malaysia,283,43,95729,83400,SG TUAS,SG TUAS,2021-03-22-03:00,6.0,1.29763 N/103.6566 E,203.0°,0.0 kn,-,2021-04-05,2021-03-25-02:06
UMM SLAL,9372731,538003300,Marshall Islands,345,54,163922,130059,"QATAR TO JIANGSU, CH","QATAR TO JIANGSU, CH",2021-04-16-22:22,12.2,24.64595 N/58.09801 E,121.6°,18.6 kn,-,2021-04-05,2021-04-03-08:41
LNG KOLT,9372963,370799000,Panama,289,44,100189,86778,"INCHEON, S.KOREA","INCHEON, S.KOREA",2021-04-13-22:30,11.0,23.23113 S/151.63263 E,32.0°,15.4 kn,-,2021-04-05,2021-04-03-03:54
CORAL ENCANTO,9693719,538008666,Marshall Islands,181,28,26166,18637,PR SJU,SanJuan,2021-04-10-10:30,8.3,18.95571 N/65.61354 W,1.2°,10.7 kn,-,2021-04-05,2021-04-04-11:29
AMBERJACK LNG,9845776,215534000,Malta,299,46,116542,93535,OPEN SEA FOR ORDER,OPEN SEA FOR ORDER,2021-04-07-10:00,9.8,34.77984 S/18.13756 E,295.3°,14.5 kn,-,2021-04-05,2021-03-20-14:01
VIVIT AMERICAS LNG,9864667,215574000,Malta,299,46,116542,93200,IDKU,IDKU,2021-04-07-00:01,9.3,31.45791 N/30.22612 E,157.6°,0.0 kn,At anchor,2021-04-05,2021-04-05-12:35
NORTHWEST SANDERLING,8608872,503000050,Australia,272,47,105010,66810,JP SMN,Sakaiminato,2021-04-12-22:30,11.0,16.63965 S/118.9665 E,35.3°,13.6 kn,-,2021-04-05,2021-04-01-05:06
AMUR RIVER,9317999,538003001,Marshall Islands,288,44,100244,84598,-,-,-,9.3,33.97135 N/134.96092 E,174.8°,16.2 kn,-,2021-04-05,2021-02-27-05:58
ENERGY PROGRESS,9274226,309463000,Bahamas,290,49,119100,79983,AU BWB,BarrowIsland,2021-04-24-22:30,10.0,34.39461 N/139.50299 E,213.0°,9.0 kn,-,2021-04-05,2021-03-22-08:06
AKEBONO MARU,9554729,431003094,Japan,99,17,4505,2528,JP TMK 2N,JP TMK 2N,2021-04-06-08:15,4.6,38.03768 N/141.12334 E,213.9°,13.1 kn,-,2021-04-05,2021-01-19-22:50
GASLOG GENOA,9744013,310774000,Bermuda,293,46,115024,88016,PACIFIC BASIN,PACIFIC BASIN,2021-04-06-23:00,9.4,21.22732 N/113.76212 E,99.3°,18.3 kn,-,2021-04-05,2021-03-28-12:35
WOODSIDE CHARLES ALLEN,9859753,241712000,Greece,295,46,113822,96000,FOR ORDERS,FOR ORDERS,2021-04-15-16:01,11.1,20.23786 N/38.57179 E,149.7°,18.9 kn,-,2021-04-05,2021-04-02-04:56
GOLAR GRAND,9303560,538003804,Marshall Islands,277,43,97491,84894,FOR_ORDERS,FOR_ORDERS,2021-03-30-20:21,9.4,20.35836 S/116.48555 E,212.6°,0.1 kn,At anchor,2021-04-05,2021-04-05-12:37
TANGGUH TOWUTI,9325893,563214000,Singapore,285,43,97432,84992,ID NTI,Bintuni,2021-04-06-18:00,9.0,1.37052 N/104.44302 E,68.0°,13.9 kn,-,2021-04-05,2021-04-02-07:19
TANGGUH BATUR,9334284,564090000,Singapore,285,43,97432,84980,ID TPP,TanjungPriok,2021-04-05-00:00,10.9,5.97492 S/106.79873 E,110.0°,0.0 kn,Under way,2021-04-05,2021-04-05-02:01
CREOLE SPIRIT,9681687,311000246,Bahamas,295,46,113263,95452,FOR ORDERS,FOR ORDERS,2021-04-06-05:00,9.4,33.89137 S/17.62145 E,325.8°,20.4 kn,-,2021-04-05,2021-03-31-01:31
NORTHWEST STORMPETREL,9045132,503009000,Australia,274,47,105010,66875,AU DAM,Dampier,2021-04-05-06:30,9.1,20.58705 S/116.7638 E,230.1°,0.0 kn,Moored,2021-04-05,2021-04-05-12:36
HYUNDAI OCEANPIA,9183269,441291000,Korea,289,48,113998,77512,KRINC=>OMQAL,Qalhat,2021-04-08-04:00,10.1,9.17382 N/75.45036 E,329.3°,18.1 kn,-,2021-04-05,2021-04-04-14:13
JAYANTI BARUNA,9762039,525112002,Indonesia,-,-,6205,1280,-,-,-,5.0,32.12054 N/119.89957 E,0.0°,0.0 kn,-,2021-04-05,2021-02-10-00:19
BISHU MARU,9691137,374216000,Panama,293,49,127088,83752,JP_YUR,"Yura,Wakayama",2021-03-15-01:00,10.2,33.94496 N/135.05628 E,83.7°,7.6 kn,-,2021-04-05,2021-03-14-23:01
MARAN GAS OLYMPIAS,9732371,241452000,Greece,292,46,113037,95194,FOR ORDERS,FOR ORDERS,2021-04-07-22:00,9.5,38.19338 N/123.33005 E,106.5°,17.3 kn,-,2021-04-05,2021-03-26-17:11
DORADO LNG,9863182,215578000,Malta,293,46,115345,88000,ATLANTIC OCEAN,ATLANTIC OCEAN,2021-04-30-05:01,9.6,3.75996 N/100.15688 E,316.3°,18.5 kn,-,2021-04-05,2021-03-29-15:49
SEAN SPIRIT,9781918,311000665,Bahamas,294,48,117162,91546,JP FTS,JP FTS,2021-04-15-06:00,11.7,6.9648 N/80.99245 W,270.3°,17.0 kn,-,2021-04-05,2021-03-24-14:51
MARAN GAS LINDOS,9627502,241351000,Greece,294,44,103893,89343,FOR ORDERS,FOR ORDERS,2021-04-18-11:00,9.9,35.00569 N/129.05086 E,338.9°,0.1 kn,-,2021-04-05,2021-03-22-10:41
OCEANIC BREEZE,9698111,538007671,Marshall Islands,288,49,136894,79883,JP NAO,Naoetsu,2021-04-07-01:00,11.6,12.32989 S/130.70688 E,314.7°,9.6 kn,-,2021-04-05,2021-03-29-11:18
PUTERI INTAN SATU,9213416,533730000,Malaysia,276,43,94430,75849,MY BTU,"Bintulu,Sarawak",2021-04-06-09:00,9.5,33.49675 N/138.71291 E,221.1°,14.7 kn,-,2021-04-05,2021-03-30-11:54
MIN RONG,9305116,477141800,Hong Kong,292,43,97871,82359,YD!TGH,YD!TGH,2021-04-03-23:00,9.5,21.23549 N/119.73409 E,186.8°,14.9 kn,-,2021-04-05,2021-03-28-17:55
AL GHASHAMIYA,9397286,538003353,Marshall Islands,315,50,135423,108988,SUEZ,AsSuways/SuezPort,2021-04-05-17:00,12.0,29.03931 N/32.86265 E,340.0°,18.1 kn,-,2021-04-05,2021-04-05-12:33
NIKOLAY URVANTSEV,9750660,477327300,Hong Kong,299,50,128806,96779,GBIOG,Grain,2021-04-07-02:40,12.0,51.90323 N/1.68225 E,77.2°,0.5 kn,At anchor,2021-04-05,2021-04-05-12:36
ARISTOS I,9862891,215668000,Malta,299,46,116581,92789,MORESBY,MORESBY,2021-04-23-14:01,9.3,34.80933 N/129.04363 E,274.8°,15.2 kn,-,2021-04-05,2021-03-29-20:42
RAAHI,9253703,215718000,Malta,277,43,94058,81237,IN DAH>QA RASLAFFAN,IN DAH>QA RASLAFFAN,2021-04-03-21:01,9.2,25.90918 N/51.77837 E,57.0°,0.3 kn,At anchor,2021-04-05,2021-04-05-11:49
BW PAVILION ARANTHERA,9850678,563104600,Singapore,295,46,114622,95000,JIANGSU,Yangkou,2021-04-06-22:00,11.5,18.23969 S/116.17521 E,40.1°,16.9 kn,-,2021-04-05,2021-03-28-22:08
HONGKONG ENERGY,9250725,538008396,Marshall Islands,287,43,96165,73659,SINGAPORE,Singapore,2021-04-10-06:00,9.2,33.79925 N/139.03328 E,204.0°,14.1 kn,-,2021-04-05,2021-03-30-12:50
SK SPLENDOR,9180231,440514000,Korea,279,43,92866,75154,TYG KR,TYG KR,2021-03-14-06:00,11.9,5.52205 N/81.11012 E,94.4°,17.2 kn,-,2021-04-05,2021-04-04-13:40
GRACE ENERGY,8702941,355998000,Panama,272,47,107146,67024,-,-,-,9.8,2.37764 N/101.89979 E,322.0°,0.0 kn,-,2021-04-05,2021-04-05-12:32
METHANE MICKIE HARPER,9520376,310609000,Bermuda,291,45,109004,86170,-,-,-,11.3,20.45425 S/11.73864 E,162.5°,17.9 kn,-,2021-04-05,2021-04-03-18:15
AL WAJBAH,9085625,431908000,Japan,298,46,111161,72348,>QA RLF,RasLaffan,2021-04-20-19:00,9.5,2.94839 N/100.89082 E,318.8°,17.7 kn,-,2021-04-05,2021-04-04-23:22
AL JASRA,9132791,431104000,Japan,298,46,111168,72218,SG SIN,Singapore,2021-04-13-04:00,9.5,34.40208 N/139.45648 E,210.6°,13.1 kn,-,2021-04-05,2021-04-04-07:51
AMANI,9661869,508111181,Brunei,288,44,102585,85466,PGBG,PGBG,2021-04-05-09:30,9.4,1.16573 N/103.71211 E,119.8°,0.1 kn,At anchor,2021-04-05,2021-04-05-12:34
SHINJU MARU NO. 1,9260603,431101044,Japan,86,15,2936,1781,JP HIM OFF,Himeji,2021-04-05-08:20,3.8,34.758 N/134.72577 E,123.0°,0.1 kn,At anchor,2021-04-05,2021-04-05-12:37
SOUTHERN CROSS,9613147,477476100,Hong Kong,290,47,114166,96319,AU BWB>CN TAS,Jintang,2021-04-13-00:00,11.3,19.09207 S/115.84503 E,1.0°,17.0 kn,-,2021-04-05,2021-04-03-01:47
FLEX ENTERPRISE,9762273,215385000,Malta,295,46,113049,95889,FOR ORDERS,FOR ORDERS,2021-04-20-21:00,11.7,18.06855 S/117.07154 E,59.7°,15.7 kn,Under way,2021-04-05,2021-04-05-08:39
HL RAS LAFFAN,9176008,441292000,Korea,280,43,93769,75079,KRCSP>QARLF,RasLaffan,2021-04-10-21:00,10.0,3.91121 N/100.04009 E,323.0°,17.7 kn,-,2021-04-05,2021-04-02-01:42
GASLOG WESTMINSTER,9855812,310795000,Bermuda,297,47,120709,92800,CORPUS CHRISTI,CorpusChristi,2021-04-10-05:01,9.4,46.84724 N/14.83029 W,250.1°,18.0 kn,-,2021-04-05,2021-03-30-19:17
SM SEAHAWK,9761839,355658000,Panama,295,46,115716,98064,US NSS,US NSS,2021-04-10-05:01,9.8,9.81712 N/80.02185 W,338.5°,17.1 kn,-,2021-04-05,2021-03-28-21:30
CELSIUS CANBERRA,9864796,538009123,Marshall Islands,299,46,119338,98000,OUT AT SEA FOR ORDER,OUT AT SEA FOR ORDER,2021-03-25-20:00,11.0,24.38122 N/87.12995 W,104.0°,15.5 kn,-,2021-04-05,2021-03-27-02:50
MARAN GAS HYDRA,9767962,241638000,Greece,295,46,113763,94945,FOR ORDERS,FOR ORDERS,2021-05-01-05:01,9.6,2.86173 N/100.9709 E,311.6°,16.4 kn,-,2021-04-05,2021-03-24-10:13
PACIFIC ENLIGHTEN,9351971,308078000,Bahamas,288,49,122361,80023,CN DPG,Dapeng,2021-04-05-02:00,11.2,22.57475 N/114.43183 E,253.0°,0.0 kn,Under way,2021-04-05,2021-04-05-04:48
HYUNDAI PRINCEPIA,9761841,374219000,Panama,295,46,115541,98344,PABLB -> USSAB,Sabine,2021-04-04-11:00,9.5,29.74294 N/93.86954 W,180.7°,0.0 kn,Moored,2021-04-05,2021-04-05-12:35
SERI AYU,9329679,533942000,Malaysia,283,43,95729,83365,MY BTU,"Bintulu,Sarawak",2021-04-05-00:00,9.0,34.53419 N/137.03063 E,138.3°,9.3 kn,-,2021-04-05,2021-03-25-06:26
MIN LU,9305128,477264500,Hong Kong,292,43,97871,82598,TANGGUG INDONESIA,TANGGUG INDONESIA,2021-03-29-21:00,9.5,21.71397 N/119.98449 E,178.2°,14.8 kn,-,2021-04-05,2021-03-24-22:46
BRITISH ACHIEVER,9766542,232006300,Isle of Man,295,46,115366,94303,FOR ORDERS,FOR ORDERS,2021-04-21-12:00,11.7,24.31948 N/86.11041 W,104.0°,15.9 kn,-,2021-04-05,2021-04-05-04:49
FLEX ARTEMIS,9851634,538008816,Marshall Islands,295,46,114380,95500,FOR ORDERS,FOR ORDERS,2021-05-15-12:00,9.1,21.4083 N/72.38623 E,233.7°,11.4 kn,-,2021-04-05,2021-03-30-08:41
HAI YANG SHI YOU 301,9696266,413481620,China,185,28,25309,16405,YP,YP,2021-04-04-12:00,6.7,20.9717 N/108.34724 E,155.8°,11.3 kn,-,2021-04-05,2021-04-04-05:09
WOODSIDE REES WITHERS,9810367,241669000,Greece,295,46,113822,94732,AU DAM,Dampier,2021-04-04-23:00,10.0,20.60476 S/116.75511 E,12.6°,0.0 kn,Moored,2021-04-05,2021-04-05-12:38
FLEX CONSTELLATION,9825427,538008205,Marshall Islands,295,46,113428,95453,FOR ORDERS,FOR ORDERS,2021-04-14-00:01,9.4,34.58235 N/139.09324 E,196.2°,11.6 kn,-,2021-04-05,2021-04-04-17:01
TRIPUTRA,9187356,525020429,Indonesia,151,28,20017,12493,ID BOA,Benoa,2021-04-07-01:00,6.8,1.41911 N/104.50171 E,51.4°,12.9 kn,-,2021-04-05,2021-02-20-12:49
QOGIR,9851787,215524000,Malta,293,46,115345,88000,CAMERON USA,CAMERON USA,2021-04-10-11:00,9.7,35.94524 N/10.80111 W,270.0°,16.8 kn,-,2021-04-05,2021-03-30-08:04
ARKAT,9496305,508111131,Brunei,284,43,98490,72800,SUDONG SG,SUDONG SG,2021-03-07-02:09,9.7,37.52699 N/123.57893 E,113.2°,15.8 kn,-,2021-04-05,2021-03-31-01:05
K. JASMINE,9373008,352906000,Panama,285,43,97529,84935,KRCSP > KRCSP,KRCSP > KRCSP,2021-03-29-04:00,9.5,34.88378 N/129.23958 E,85.0°,16.2 kn,-,2021-04-05,2021-03-02-04:14
COOL RACER,9869265,215553000,Malta,-,-,116354,92800,ATLANTIC OCEAN,ATLANTIC OCEAN,2021-04-15-00:00,9.5,33.58438 S/17.33036 E,293.5°,14.0 kn,-,2021-04-05,2021-03-22-12:49
PUTERI NILAM,9030826,533035000,Malaysia,274,43,86211,73519,MY BTU,"Bintulu,Sarawak",2021-04-12-00:01,9.3,34.34669 N/137.076 E,165.5°,13.1 kn,-,2021-04-05,2021-04-04-03:58
AL BIDDA,9132741,431207000,Japan,298,46,111124,72462,SIN_PGBG,SIN_PGBG,2021-04-11-12:00,9.2,34.35384 N/139.48116 E,217.9°,18.1 kn,-,2021-04-05,2021-04-04-06:49
ASEEM,9377547,249780000,Malta,285,43,97874,86655,RASLAFFAN,RasLaffan,2021-04-04-21:01,8.9,25.85083 N/51.87953 E,254.0°,0.2 kn,At anchor,2021-04-05,2021-04-05-06:21
SK SERENITY,9761803,370025000,Panama,296,46,115610,93167,-,-,-,9.3,34.8402 N/128.97392 E,269.2°,14.2 kn,-,2021-04-05,2020-12-18-21:34
LNG MEGREZ,9834325,477345600,Hong Kong,295,45,114790,97000,PORT SAID,PortSaid,2021-04-09-16:00,11.4,36.26063 N/3.32133 W,89.9°,17.0 kn,Under way,2021-04-05,2021-04-05-05:36
PUTERI ZAMRUD,9030838,533130000,Malaysia,274,43,86205,73519,MY BTU,"Bintulu,Sarawak",2021-04-09-00:00,9.4,36.91248 N/125.93926 E,224.1°,13.7 kn,-,2021-04-05,2021-04-03-03:57
LNG EBISU,9329291,311004400,Bahamas,290,49,118910,81032,SG SIN,Singapore,2021-03-07-22:00,5.9,1.29747 N/103.6784 E,258.0°,0.0 kn,Moored,2021-04-05,2021-04-05-11:59
MARAN GAS PSARA,9844863,241692000,Greece,295,46,113822,96000,FOR ORDERS,FOR ORDERS,2021-04-10-22:00,11.5,15.79867 S/119.44685 E,29.0°,17.6 kn,-,2021-04-05,2021-03-30-04:11
METHANE ALISON VICTORIA,9321768,310540000,Bermuda,283,43,95753,79058,F0R ORDERS,F0R ORDERS,2021-04-06-03:00,9.5,1.33577 N/104.38745 E,37.4°,12.4 kn,-,2021-04-05,2021-04-03-20:32
MARAN GAS HECTOR,9682605,241425000,Greece,290,46,113502,92640,NLRTM,Rotterdam,2021-04-05-04:00,11.5,52.0133 N/3.47255 E,62.7°,0.7 kn,At anchor,2021-04-05,2021-04-05-12:33
CESI TIANJIN,9694749,477010900,Hong Kong,290,46,113397,95628,CN SZX,Shenzhen,2021-04-05-04:30,11.3,22.58927 N/114.42986 E,38.5°,0.0 kn,Under way,2021-04-05,2021-04-05-06:37
HELLAS DIANA,9872987,215685000,Malta,-,-,112000,83000,SINGAPORE,Singapore,2021-04-11-16:00,9.5,33.50473 N/125.99778 E,347.0°,13.2 kn,-,2021-04-05,2021-01-29-16:41
DAPENG MOON,9308481,477058900,Hong Kong,292,43,97871,82645,AU DAM,Dampier,2021-04-11-23:00,9.6,1.41292 N/104.48999 E,56.0°,12.0 kn,-,2021-04-05,2021-04-02-10:11
TANGGUH FOJA,9349007,370168000,Panama,285,43,97897,82338,ID NTI,Bintuni,2021-04-09-10:00,9.0,31.7667 N/122.66704 E,94.2°,16.4 kn,-,2021-04-05,2021-03-05-06:59
DAEWOO 2507,9892717,232000000,Greece,-,-,111000,96000,-,-,-,,12.65333 N/100.87905 E,31.2°,0.0 kn,-,2021-04-05,2021-01-07-06:58
BW LESMES,9873840,563121700,Singapore,-,-,114000,92800,DARWIN,Darwin,2021-04-05-19:30,9.2,34.80488 N/129.19446 E,47.7°,3.6 kn,-,2021-04-05,2021-03-15-17:10
LNGSHIPS ATHENA,9872949,215762000,Malta,-,-,115139,93534,-,-,2021-03-30-10:00,9.0,34.84594 N/129.18328 E,236.2°,12.6 kn,-,2021-04-05,2021-03-31-13:15
AMAN SENDAI,9134323,533209000,Malaysia,130,26,16336,10957,MYBTU,"Bintulu,Sarawak",2021-04-11-03:00,6.7,33.51812 N/139.51485 E,223.3°,13.1 kn,-,2021-04-05,2021-04-04-00:41
FLEX VOLUNTEER,9862463,538009058,Marshall Islands,297,46,116430,81950, FOR ORDERS,ORORDERS,2021-04-30-23:31,9.5,33.47924 N/17.87804 W,261.7°,11.7 kn,-,2021-04-05,2021-04-03-07:47
BW HELIOS,9873852,202000000,Singapore,-,-,114000,95000,-,-,-,,35.49346 N/129.40794 E,0.0°,0.0 kn,-,2021-04-05,2021-01-21-04:12
RAVENNA KNUTSEN,9874040,224625000,Spain,-,-,27100,18433,ORDERS,ORDERS,2021-03-24-07:00,6.7,15.1445 N/95.89188 E,230.0°,11.3 kn,-,2021-04-05,2021-03-30-05:01
LNG ADVENTURE,9870159,228391700,France,-,-,115000,87900,SHI >>> PA BLB,Balboa,2021-04-23-06:00,6.0,34.66938 N/129.00998 E,30.9°,1.3 kn,-,2021-04-05,2021-03-01-21:06
PUTERI DELIMA SATU,9211872,533735000,Malaysia,276,43,94430,75929,MY BTU,"Bintulu,Sarawak",2021-04-11-01:00,9.4,34.43752 N/139.58671 E,217.2°,19.7 kn,Under way,2021-04-05,2021-04-05-09:20
PAN ASIA,9750220,477096200,Hong Kong,290,47,114996,88613,FOR  ORDERS,FOR  ORDERS,2021-04-01-06:00,9.5,29.40549 N/93.69007 W,6.0°,0.0 kn,-,2021-04-05,2021-04-05-12:34
GRAND ELENA,9332054,209407000,Cyprus,288,49,122239,74127,-,-,-,9.7,35.35327 N/129.80314 E,43.3°,14.5 kn,-,2021-04-05,2021-02-18-00:43
ENSHU MARU,9749609,357121000,Panama,293,49,127088,83708,JP NGO S1,JP NGO S1,2021-04-04-21:00,11.9,34.85651 N/136.71488 E,25.0°,0.1 kn,At anchor,2021-04-05,2021-04-05-12:32
LNG PIONEER,9256602,311906000,Bahamas,277,43,93786,77712,BINTULU  MALAYSIA,BINTULU  MALAYSIA,2021-04-04-12:00,9.2,1.30107 N/104.34759 E,48.9°,10.8 kn,-,2021-04-05,2021-04-02-12:34
LNG MALEO,8701791,431015000,Japan,272,47,106717,66892,TW TXG,Taichung,2021-04-09-22:00,10.9,21.81867 N/120.13194 E,151.1°,16.1 kn,-,2021-04-05,2021-03-04-10:27
AL DEEBEL,9307176,308031000,Bahamas,283,43,95824,78594,TAICHUNG,Taichung,2021-04-04-21:30,11.5,24.39433 N/120.33649 E,186.7°,8.2 kn,Under way,2021-04-05,2021-04-05-12:38
PUTERI MUTIARA SATU,9261205,533920000,Malaysia,276,43,94446,76229,BTU MY,BTU MY,2021-04-13-01:00,9.2,33.92508 N/134.94929 E,190.0°,15.1 kn,-,2021-04-05,2021-04-02-07:32
GASLOG WALES,9853137,310786000,Bermuda,297,47,120859,98000,FOR ORDERS,FOR ORDERS,2021-04-25-12:00,9.7,37.39194 N/11.36273 E,295.0°,12.3 kn,Under way,2021-04-05,2021-04-05-12:37
LNGSHIP MANHATTAN,9872901,215755000,Malta,-,-,114000,93200,HHI-3039 SEA TRIAL,HHI-3039 SEA TRIAL,2021-04-07-09:00,9.3,35.62927 N/129.73797 E,10.9°,12.0 kn,-,2021-04-05,2021-04-04-20:53
GOLAR ARCTIC,9253105,538002656,Marshall Islands,280,43,94934,74894,-,-,-,9.3,21.15065 S/54.58033 E,238.7°,13.1 kn,-,2021-04-05,2021-04-03-09:36
SERI ALAM,9293832,533925000,Malaysia,283,43,95729,83482,CNBHY,Beihai,2021-04-09-00:00,11.5,22.06489 N/122.11719 E,205.7°,11.5 kn,-,2021-04-05,2021-02-25-04:22
ENERGY INNOVATOR,9758832,431048000,Japan,300,49,121981,88668,JP YOK,Yokohama,2021-05-10-00:01,11.8,36.81331 N/75.777 W,129.1°,10.3 kn,-,2021-04-05,2021-04-01-05:51
DOHA,9085637,431213000,Japan,298,46,111184,72337,QA RLF,RasLaffan,2021-04-09-09:00,9.1,9.6928 N/74.66053 E,328.1°,14.8 kn,-,2021-04-05,2021-04-04-18:19
NIZWA LNG,9294264,371381000,Panama,290,49,118608,77252,PSQ OMAN,PSQ OMAN,2021-03-20-08:00,9.9,20.77256 N/68.36341 E,288.1°,15.1 kn,-,2021-04-05,2021-03-18-09:03
7413232,Not in Service since 2020,538001390,LNG Tanker,72650,285,,95084,-,-,-,6.6,21.7907 N/72.14358 E,100.1°,0.0 kn,-,2021-04-05,2020-06-08-13:28
MARAN GAS ALEXANDRIA,9650054,241353000,Greece,289,46,105773,90494,ATLANTIC OCEAN,ATLANTIC OCEAN,2021-04-12-06:00,10.0,48.77832 N/7.31177 W,242.0°,15.8 kn,-,2021-04-05,2021-03-23-21:10
LNG ROSENROT,9877133,538008979,Marshall Islands,298,48,119891,99000,"FREEPORT, USA","FREEPORT, USA",2021-04-02-10:00,9.7,28.85995 N/95.16105 W,162.6°,0.0 kn,At anchor,2021-04-05,2021-04-05-12:38
LNG AQUARIUS,7390181,525001084,Indonesia,285,44,95084,72622,ID BXT,Bontang,2021-04-07-04:00,10.9,5.68564 S/106.97795 E,41.2°,11.9 kn,-,2021-04-05,2021-04-03-06:34
BONITO LNG,9845788,215532000,Malta,299,46,116542,93200,-,-,2021-03-26-13:00,11.5,8.44398 N/79.45487 W,179.9°,14.3 kn,-,2021-04-05,2021-03-27-01:04
ARISTIDIS I,9862906,215669000,Malta,299,46,116581,92789,BRRIO,RiodeJaneiro,2021-04-07-10:00,11.7,13.5815 N/61.20342 W,109.6°,17.0 kn,-,2021-04-05,2021-03-30-16:04
SOLARIS,9634098,310679000,Bermuda,285,43,98075,81853,FOR ORDERS,FOR ORDERS,2021-04-22-22:00,10.0,33.69481 S/72.95596 W,204.6°,15.7 kn,-,2021-04-05,2021-04-03-02:15
FLEX VIGILANT,9862475,538009179,Marshall Islands,-,-,112000,81950,-,-,-,9.0,34.17289 N/125.12932 E,216.1°,1.3 kn,-,2021-04-05,2021-03-08-20:11
AL WAKRAH,9086746,431061000,Japan,298,46,111124,72453,>JP_YOK,Yokohama,2021-04-15-00:30,10.9,1.30131 N/104.35829 E,50.5°,14.5 kn,-,2021-04-05,2021-04-01-10:59
KUMUL,9613161,477588600,Hong Kong,290,47,114166,96311,PG POM>TW KHH,Kaohsiung,2021-04-11-23:00,11.6,34.80337 N/122.15219 E,122.8°,18.8 kn,-,2021-04-05,2021-03-24-08:16
HL MUSCAT,9155078,441229000,Korea,280,43,93765,75463,-,-,-,9.7,3.83163 N/100.11202 E,320.0°,20.1 kn,-,2021-04-05,2021-03-27-23:36
LNG JUNO,9774628,311000583,Bahamas,298,49,149367,97917,JP_SBK,Sakaisenboku,2021-04-12-22:00,11.9,6.967 N/81.25412 W,269.7°,16.4 kn,-,2021-04-05,2021-03-24-09:44
METHANE NILE EAGLE,9321770,310551000,Bermuda,283,43,95753,79006,ES HUV,Huelva,2021-03-24-11:00,9.4,36.91339 N/6.92842 W,329.0°,0.1 kn,At anchor,2021-04-05,2021-04-05-12:06
BROOG,9085651,431870000,Japan,298,46,111123,72339,QA RLF,RasLaffan,2021-04-15-15:00,9.3,34.00522 N/139.10071 E,226.8°,18.1 kn,-,2021-04-05,2021-03-29-22:47
BRITISH SPONSOR,9766580,232006295,Isle of Man,295,46,115366,94360,DO AES,DO AES,2021-04-06-10:00,10.4,29.37229 N/22.02784 W,240.0°,18.3 kn,-,2021-04-05,2021-03-30-03:09
