Atime,D_EU,D_NA,D_AS,A_EU,A_NA,A_AS,Eur_Spot_12,Eur_Spot_9,Eur_Spot_6,Eur_Spot_3,Eur_Spot_0,Eur_Spot_-3,Eur_Spot_-6,Eur_Spot_-9,Eur_Spot_-12,Eur_Spot_-15,Eur_Spot_-18,Eur_Spot_-21,US_Spot_12,US_Spot_9,US_Spot_6,US_Spot_3,US_Spot_0,US_Spot_-3,US_Spot_-6,US_Spot_-9,US_Spot_-12,US_Spot_-15,US_Spot_-18,US_Spot_-21,Eur_Fut_12,Eur_Fut_9,Eur_Fut_6,Eur_Fut_3,Eur_Fut_0,Eur_Fut_-3,Eur_Fut_-6,Eur_Fut_-9,Eur_Fut_-12,Eur_Fut_-15,Eur_Fut_-18,Eur_Fut_-21
2021-02-12,0,1,2,0,1,2,16.3243333333333,16.5053333333333,16.279,16.5063333333333,16.903,18.0976666666667,17.7806666666667,17.7153333333333,18.9703333333333,18.9906666666667,18.5093333333333,18.154,2.71333333333333,2.91666666666667,4.69333333333333,5.60666666666667,4,5.02333333333333,6.59,6.81666666666667,4.11666666666667,3.33666666666667,3.01333333333333,2.77333333333333,16.5486666666667,16.077,16.212,16.3236666666667,16.492,17.4793333333333,17.759,18.148,18.955,19.6316666666667,20.157,20.157
2021-02-13,1,1,2,1,1,1,17.28825,17.4375,17.77075,18.052,18.09475,19.45175,18.51675,18.4025,18.49475,19.062,18.54,18.44925,2.795,2.9575,5.6775,7.0125,4.415,3.09,4.505,4.945,3.6,2.8475,2.8325,2.6075,17.56675,17.0905,17.928,17.449,17.944,18.4605,19.15325,19.169,19.268,19.5975,19.729,19.7085
2021-02-14,0,2,0,0,2,0,16.3345,16.466,16.603,16.311,16.8365,18.208,17.765,17.6725,18.205,19.6235,18.5905,18.3705,2.695,2.94,3.915,6.99,4.46,3.46,5.98,7.155,4.5,3.015,3.11,2.73,16.0295,16.1705,16.221,16.205,16.976,17.277,18.7565,18.3625,18.878,19.633,20.157,20.157
2021-02-15,1,1,3,1,1,3,16.8413333333333,16.7046666666667,16.9028333333333,17.1003333333333,17.2841666666667,18.1295,17.6945,18.4338333333333,17.8163333333333,17.739,17.8426666666667,18.0206666666667,2.70166666666667,2.75833333333333,4.03666666666667,7.78333333333333,5.78833333333333,6.32833333333333,4.09166666666667,3.13,3.16,3.19,4.27333333333333,3.61333333333333,16.6953333333333,16.599,17.1361666666667,16.6506666666667,17.2835,17.0215,17.9883333333333,18.3323333333333,18.7751666666667,18.8473333333333,18.8815,19.1298333333333
2021-02-16,0,2,4,0,2,4,16.0453333333333,16.0005,16.5865,16.5455,17.2436666666667,18.2528333333333,19.3533333333333,18.4143333333333,18.1953333333333,18.8038333333333,18.4595,18.3861666666667,2.66833333333333,2.82,3.71166666666667,12.0766666666667,8.16666666666667,5.75333333333333,4.30333333333333,4.78,3.60166666666667,2.89166666666667,2.87166666666667,2.71,15.8488333333333,16.249,16.1521666666667,16.6823333333333,16.5521666666667,17.262,19.0781666666667,19.5588333333333,19.7306666666667,19.9823333333333,20.157,20.157
2021-02-17,0,1,5,0,1,5,16.4191428571429,16.0475714285714,16.0961428571429,16.421,16.5904285714286,17.139,17.592,19.3867142857143,18.4661428571429,18.5672857142857,18.5062857142857,18.1882857142857,2.79571428571429,2.68857142857143,2.79428571428571,3.02857142857143,5.86285714285714,8.98857142857143,5.78857142857143,5.74428571428571,4.21571428571429,3.21857142857143,3.02857142857143,2.80285714285714,16.0908571428571,16.0002857142857,15.9975714285714,15.995,16.7114285714286,16.4322857142857,17.2998571428571,18.2664285714286,19.4261428571429,19.7067142857143,20.157,20.157
2021-02-18,0,0,8,0,0,8,16.4375,16.2905,16.425,16.8138,16.8945,17.4619,18.0962,18.4756,18.0448,18.3319,18.2173,18.1404,2.729,2.729,3.402,4.354,8.821,6.461,5.48,4.992,3.799,3.086,2.914,2.972,16.262,16.2215,16.2267,16.3575,16.7762,16.9415,17.64,18.5608,19.2347,19.4511,19.7671,19.7965
2021-02-19,0,2,2,0,2,2,16.07325,16.0955,16.3045,16.86325,17.23875,18.9465,18.83525,19.09175,18.4505,18.38225,18.394,18.394,2.7575,2.855,4.815,10.825,11.165,6.8225,4.8775,3.3125,3.275,2.9225,2.74,2.6525,16.00375,15.91875,16.62975,16.41175,17.01925,17.4115,18.8285,19.895,20.157,20.157,20.157,20.157
2021-02-20,0,0,3,1,0,2,15.9545,15.99825,16.30775,16.73725,16.9675,17.53175,19.4765,19.07625,18.25875,18.214,18.394,18.394,2.73,2.72,2.995,5.41,12.865,7.42,4.9325,3.5125,3.2225,2.9975,2.75,2.7025,15.845,16.00725,16.027,16.60825,16.5905,17.1135,18.1725,19.763,20.157,20.157,20.157,20.157
2021-02-21,0,2,9,0,2,9,16.5068333333333,16.6561666666667,16.717,16.7058333333333,17.2643333333333,18.0175833333333,18.1685,18.4778333333333,18.4784166666667,18.01875,18.0114166666667,18.0739166666667,2.7075,2.83916666666667,3.4625,5.845,5.62833333333333,9.82083333333333,4.86916666666667,4.13583333333333,3.09333333333333,2.99166666666667,2.89416666666667,2.68666666666667,16.5284166666667,16.42475,16.4274166666667,16.7569166666667,17.1966666666667,17.57575,18.1028333333333,18.6645833333333,19.5458333333333,19.4539166666667,19.52425,19.45275
2021-02-22,0,6,7,1,6,7,16.52625,16.43955,16.33595,16.39995,16.6197,17.18095,17.69385,18.07425,18.5168,18.57565,18.29305,18.4303,2.702,2.7755,3.192,4.0815,6.4945,6.3925,6.8285,5.44,4.235,4.466,3.587,3.1695,16.3861,16.2098,16.27735,16.1945,16.43305,16.78765,17.35285,18.0959,18.8692,19.5115,19.7253,19.8913
2021-02-23,0,1,8,0,0,10,16.3678571428571,16.3140714285714,16.1998571428571,16.4029285714286,16.7660714285714,17.6895714285714,17.6366428571429,18.1334285714286,18.7549285714286,19.0023571428571,18.3486428571429,18.2844285714286,2.72928571428571,2.845,3.76857142857143,4.78,5.67285714285714,5.37857142857143,7.24571428571429,6.37714285714286,4.15214285714286,3.23928571428571,3.01357142857143,2.79142857142857,16.2671428571429,15.9606428571429,16.1819285714286,16.1379285714286,16.5475,16.9662142857143,17.6798571428571,18.2304285714286,19.0135714285714,19.7821428571429,20.157,20.157
2021-02-24,2,6,7,2,5,8,16.220125,16.2500625,16.25175,16.6320625,16.9245,18.078125,18.140375,18.2558125,18.8404375,18.5428125,18.3393125,18.349,2.730625,2.88375,4.15,6.1,7.33875,5.633125,9.065,4.67125,3.995,3.114375,2.94375,2.765625,16.1206875,15.9700625,16.3093125,16.3099375,16.7124375,17.3835625,18.08525,18.7505,19.316375,20.0585,20.157,20.157
2021-02-25,0,2,4,0,2,5,16.2722222222222,16.1193333333333,16.4166666666667,16.3592222222222,16.726,17.5946666666667,18.0884444444444,18.2158888888889,18.3602222222222,19.1943333333333,18.5064444444444,18.3783333333333,2.69777777777778,2.80777777777778,3.36333333333333,6.94444444444444,5.68666666666667,5.36222222222222,7.73,6.35666666666667,4.48666666666667,3.06222222222222,3.08666666666667,2.82111111111111,15.9528888888889,16.1803333333333,16.0748888888889,16.2234444444444,16.588,16.9265555555556,18.2472222222222,18.3867777777778,18.9981111111111,19.8076666666667,20.157,20.157
2021-02-26,3,3,6,3,3,4,16.2142857142857,16.0674285714286,16.2502142857143,16.4883571428571,16.8440714285714,17.6625,18.4553571428571,18.9729285714286,18.3976428571429,18.7321428571429,18.4782142857143,18.3358571428571,2.74214285714286,2.75428571428571,3.18285714285714,6.14571428571429,9.03714285714286,7.20142857142857,5.65571428571429,5.12785714285714,3.91071428571429,3.07642857142857,2.94,2.75214285714286,15.9422142857143,16.0536428571429,16.1265,16.3155,16.7280714285714,16.8082142857143,18.0423571428571,18.9467857142857,19.6088571428571,19.8947142857143,20.157,20.157
2021-02-27,1,6,11,2,5,9,16.3304090909091,16.2726818181818,16.2686363636364,16.4417727272727,16.7114545454545,17.4520909090909,18.2435909090909,18.1162727272727,18.4710909090909,18.7685909090909,18.5644090909091,18.3290909090909,2.70318181818182,2.79454545454545,3.33136363636364,4.97772727272727,7.49272727272727,5.525,6.495,7.03636363636364,4.38090909090909,3.58045454545455,2.98681818181818,2.86909090909091,16.3557727272727,16.0200454545455,16.0899090909091,16.3411818181818,16.4780454545455,17.0573636363636,17.7430454545455,18.5924090909091,19.0265909090909,19.5992727272727,20.1093636363636,20.157
2021-02-28,0,2,5,1,2,6,16.4868181818182,16.222,16.1692727272727,16.3478181818182,16.5603636363636,17.2816363636364,17.4223636363636,18.2320909090909,18.7910909090909,18.7427272727273,18.6682727272727,18.4102727272727,2.73545454545455,2.80818181818182,3.46727272727273,4.38636363636364,4.35272727272727,7.36272727272727,9.17909090909091,7.42818181818182,5.08727272727273,3.74454545454545,3.14454545454545,2.94272727272727,16.3834545454545,16.0270909090909,16.1770909090909,16.0835454545455,16.5403636363636,16.9585454545455,17.4215454545455,17.8743636363636,18.6755454545455,19.5786363636364,20.0617272727273,20.157
2021-03-01,2,1,2,2,1,5,16.698375,16.16825,16.2095,16.39675,16.553125,16.965875,17.674625,18.65575,18.371125,18.51025,18.835125,18.486375,2.75,2.71125,2.81125,3.64375,5.59,6.715,5.98875,5.61375,5.73875,3.86,3.12375,2.95125,16.521875,16.106625,16.157375,16.043625,16.49125,16.525625,17.237,18.128875,18.758,19.3865,19.829,20.157
2021-03-02,1,5,10,4,5,7,16.92935,16.4783,16.32385,16.2676,16.45195,16.8958,17.48845,17.7616,17.9088,18.44635,18.8186,18.74205,2.682,2.7225,3.02,5.3395,5.859,5.706,4.934,7.0015,8.132,5.011,3.8555,3.0645,16.9494,16.45585,16.12455,16.20425,16.23895,16.5501,17.23835,17.932,18.35955,18.67595,19.383,20.0522
2021-03-03,1,3,14,0,3,15,16.7518,16.5154,16.34995,16.40065,16.64235,17.1952,17.5623,17.83645,18.32605,18.4649,18.4569,18.7991,2.693,2.8015,3.471,4.5675,4.8535,5.773,7.1595,5.737,6.0495,4.8275,3.6865,2.9635,16.6871,16.44515,16.1631,16.2492,16.40625,16.91145,17.45195,17.8501,18.6167,19.1211,19.5567,19.9998
2021-03-04,2,4,13,3,2,12,17.0432727272727,16.6720909090909,16.2392272727273,16.2464545454546,16.4049545454545,16.5426363636364,17.0994090909091,17.6568636363636,18.3209545454545,18.1676363636364,18.3887272727273,18.8990454545455,2.67227272727273,2.73181818181818,2.81681818181818,3.93818181818182,4.66181818181818,6.62727272727273,7.16,6.54409090909091,5.95954545454546,6.02727272727273,4.08454545454546,3.17181818181818,16.9229090909091,16.6973636363636,16.1791818181818,16.2151363636364,16.0500909090909,16.5146818181818,16.7286818181818,17.2836363636364,18.1286363636364,18.6700454545454,19.2864545454545,19.7751818181818
2021-03-05,1,2,14,1,2,13,16.696652173913,16.4177826086957,16.3321304347826,16.3976956521739,16.5620869565217,17.1265652173913,17.628,18.3153913043478,18.4259130434783,18.2965217391304,18.5046086956522,18.4225217391304,2.71260869565217,2.73173913043478,2.9704347826087,5.05478260869565,5.29739130434783,6.88652173913043,6.25,5.16434782608696,4.66782608695652,5.4704347826087,3.67521739130435,3.33217391304348,16.5098695652174,16.3537826086957,16.283,16.1596086956522,16.4463913043478,16.6522608695652,17.2270869565217,18.067,18.7645652173913,19.2939130434783,19.5747826086956,19.8061304347826
2021-03-06,6,4,15,7,2,16,16.865375,16.55309375,16.3818125,16.44265625,16.5515,17.11096875,17.3206875,18.09096875,18.0185,18.4024375,18.6424375,18.61034375,2.7125,2.744375,3.4809375,4.15375,5.065625,6.755625,5.4959375,6.15875,6.2621875,5.1896875,3.939375,3.19,16.724875,16.51271875,16.38046875,16.1661875,16.46296875,16.64503125,17.2464375,17.7359375,18.441125,18.87228125,19.426125,19.8596875
2021-03-07,4,7,12,3,7,14,17.1638709677419,17.0059677419355,16.7935483870968,16.6142903225807,16.7073870967742,17.094935483871,17.2898064516129,17.5446774193548,17.9248709677419,18.0378064516129,18.1681612903226,18.4796129032258,2.6558064516129,2.73354838709677,3.26,4.70387096774194,4.49935483870968,4.71483870967742,5.75483870967742,5.4141935483871,4.92774193548387,5.53806451612903,5.92870967741936,3.70838709677419,16.9460967741935,16.8187741935484,16.8153225806452,16.5046129032258,16.4640322580645,16.7396129032258,17.2275483870968,17.6106451612903,17.9906451612903,18.5758064516129,18.9107096774194,19.3058709677419
2021-03-08,2,6,14,2,5,13,17.2652916666667,16.9565,16.5262083333333,16.4588333333333,16.5535833333333,16.914,16.8370416666667,17.1277083333333,17.84675,18.13625,18.3137916666667,18.86325,2.65916666666667,2.78291666666667,3.37333333333333,4.175,3.48125,3.71625,5.63875,6.31416666666667,6.30083333333333,6.44041666666667,5.06625,3.69541666666667,17.0922916666667,16.742625,16.4938333333333,16.3095,16.222875,16.6284166666667,17.0154583333333,17.2833333333333,17.8364166666667,18.2815833333333,19.0055416666667,19.50275
2021-03-09,5,8,14,7,6,14,17.3222352941176,17.0190588235294,16.7738235294118,16.4232058823529,16.3480882352941,16.38,16.5419411764706,16.9818823529412,17.7472352941176,18.0891176470588,18.0220882352941,18.2997058823529,2.62441176470588,2.68852941176471,2.69735294117647,2.73617647058824,2.95117647058824,4.11,6.60764705882353,6.27470588235294,6.08647058823529,5.06352941176471,6.41323529411765,4.70088235294118,17.1086176470588,16.8489117647059,16.7046470588235,16.4056764705882,16.1150588235294,16.2045294117647,16.4168235294118,16.6485294117647,17.3138529411765,18.0637647058824,18.7254411764706,19.1108235294118
2021-03-10,4,8,17,3,7,14,17.4196470588235,17.2932058823529,17.0138235294118,16.7675294117647,16.4811764705882,16.5719705882353,16.6966764705882,16.8843529411765,17.378,17.5993529411765,18.0180294117647,18.3041470588235,2.62735294117647,2.65794117647059,2.80823529411765,3.68,3.82294117647059,3.98,4.46264705882353,5.25558823529412,4.86647058823529,6.40264705882353,5.53735294117647,6.35058823529412,17.3705294117647,17.0650588235294,16.9242058823529,16.7087058823529,16.3494411764706,16.3658235294118,16.4292058823529,16.9208823529412,17.2301764705882,17.7151176470588,18.2433529411765,18.6816176470588
2021-03-11,4,9,14,4,10,15,17.5383611111111,17.2932222222222,17.0161666666667,16.8114444444444,16.5112777777778,16.431,16.5388611111111,16.7434444444444,17.2532222222222,17.5420277777778,17.9716111111111,18.2494722222222,2.61944444444444,2.655,2.68833333333333,2.83472222222222,3.26888888888889,3.41861111111111,4.57972222222222,4.79083333333333,5.90861111111111,5.72888888888889,5.41777777777778,6.605,17.5074444444445,17.0485,16.8528611111111,16.7259444444444,16.3687222222222,16.2624166666667,16.3226388888889,16.7080833333333,17.0165277777778,17.6056111111111,18.1133611111111,18.7233055555556
2021-03-12,1,4,8,0,4,9,17.4395882352941,17.1850588235294,17.0809411764706,16.9054705882353,16.4704705882353,16.4877058823529,16.4976470588235,16.9807058823529,17.102,17.8350588235294,18.1875294117647,18.0219411764706,2.63529411764706,2.62176470588235,2.68529411764706,2.75,3.18352941176471,3.82470588235294,4.37705882352941,5.70235294117647,6.32176470588235,5.37,4.29588235294118,8.26294117647059,17.3858235294118,16.9560588235294,16.7584117647059,16.8015882352941,16.6415882352941,16.1590588235294,16.4425882352941,16.6892352941177,17.0002352941176,17.5401764705882,18.2035882352941,18.7245294117647
2021-03-13,2,11,24,10,6,20,17.5134888888889,17.2147333333333,16.9751555555556,16.788,16.5582888888889,16.4755777777778,16.655,16.9300888888889,17.2967555555556,17.5507777777778,17.9496666666667,18.2051555555556,2.61444444444444,2.65533333333333,2.72222222222222,2.96066666666667,3.30444444444444,4.94511111111111,4.95955555555555,5.15244444444445,5.58111111111111,6.32711111111111,5.05977777777778,5.51111111111111,17.4268222222222,17.1149333333333,16.8551777777778,16.7008222222222,16.5302888888889,16.3499333333333,16.3815111111111,16.6378222222222,17.1561111111111,17.6346,18.1279111111111,18.7250222222222
2021-03-14,6,2,18,6,1,13,17.7508484848485,17.3278787878788,16.978696969697,16.8007575757576,16.5661515151515,16.4498181818182,16.4921515151515,16.6781818181818,17.1008484848485,17.4467575757576,17.9838484848485,18.2163636363636,2.6030303030303,2.63757575757576,2.67333333333333,2.76969696969697,3.06333333333333,3.32969696969697,4.94393939393939,5.68939393939394,6.20363636363636,7.21,4.8830303030303,4.83272727272727,17.657696969697,17.3005151515152,16.9391515151515,16.5812121212121,16.5253333333333,16.4362424242424,16.2897575757576,16.5825454545455,16.7343333333333,17.3223333333333,17.8957878787879,18.5123939393939
2021-03-15,5,9,18,7,8,22,17.7325714285714,17.5371666666667,17.5092380952381,17.2704285714286,16.8600476190476,16.6737619047619,16.4906428571429,16.589,16.7418333333333,17.1664285714286,17.4374761904762,17.6804047619048,2.59285714285714,2.59833333333333,2.77619047619048,2.88547619047619,3.01285714285714,3.73238095238095,3.92761904761905,4.47047619047619,4.60285714285714,4.69595238095238,5.76952380952381,6.85857142857143,17.6610238095238,17.4169523809524,17.2442619047619,17.1622142857143,16.8390238095238,16.5737619047619,16.2792619047619,16.4472142857143,16.6541904761905,16.9895,17.5421666666667,17.8744761904762
2021-03-16,1,8,24,3,8,19,18.1731081081081,18.0181351351351,17.5213243243243,17.3577297297297,17.2233513513513,16.8840810810811,16.4127837837838,16.3949459459459,16.5987837837838,16.555945945946,16.9584324324324,17.6597837837838,2.55108108108108,2.59243243243243,2.59594594594595,2.61945945945946,2.69432432432432,2.92702702702703,3.1872972972973,3.09837837837838,3.96189189189189,5.84135135135135,5.24864864864865,5.7372972972973,18.1046756756757,17.9878918918919,17.5334324324324,17.1644324324324,16.9404054054054,16.9263783783784,16.3195135135135,16.2327297297297,16.2324324324324,16.5531621621622,16.8065675675676,17.2877027027027
2021-03-17,7,3,13,9,4,13,17.9671818181818,17.8671515151515,17.596,17.2571818181818,16.9947272727273,16.7065151515152,16.4388181818182,16.4868181818182,16.5393333333333,16.9250606060606,17.1092727272727,17.7246363636364,2.56848484848485,2.60484848484848,2.69606060606061,2.90939393939394,2.86393939393939,3.04454545454545,3.16818181818182,3.67424242424242,3.96121212121212,4.91484848484849,7.53333333333333,6.57939393939394,17.7177878787879,17.6844242424242,17.4459696969697,17.1248181818182,16.804303030303,16.5546666666667,16.5017575757576,16.2502121212121,16.5539696969697,16.8216666666667,17.2125151515152,17.642303030303
2021-03-18,5,9,16,4,9,18,18.0140714285714,17.9561904761905,17.6080238095238,17.1860952380952,16.9841904761905,17.0656904761905,16.8480238095238,16.4614761904762,16.5855476190476,16.8610238095238,17.3046904761905,17.5494047619048,2.57690476190476,2.60357142857143,2.74285714285714,3.2002380952381,3.01190476190476,2.84023809523809,2.86333333333333,3.54047619047619,5.06071428571429,6.08380952380953,6.295,5.45142857142857,17.9050952380952,17.794,17.6420952380952,17.0863333333333,16.8126666666667,16.8349285714286,16.8933095238095,16.5866428571429,16.6035,16.6872857142857,17.0263333333333,17.5556428571429
2021-03-19,3,7,25,8,7,25,17.88846,17.98044,17.81416,17.41314,17.00782,16.86102,16.57966,16.36024,16.49646,16.8494,17.02572,17.2975,2.561,2.5674,2.6218,2.6766,2.822,2.8098,3.2016,3.9778,3.5588,4.8932,5.6588,8.072,17.93346,17.74198,17.67218,17.4218,16.93688,16.61726,16.5214,16.34624,16.28202,16.5791,16.9613,17.24616
2021-03-20,3,7,17,1,9,17,18.213027027027,18.0548108108108,17.7829189189189,17.3864054054054,17.2480540540541,16.9567837837838,16.7234324324324,16.5248108108108,16.5123513513514,16.5721081081081,16.9008918918919,17.4254324324324,2.55621621621622,2.58243243243243,2.59675675675676,2.6172972972973,2.6672972972973,2.84,3.09891891891892,3.21702702702703,4.18756756756757,5.53432432432432,6.18243243243243,5.66027027027027,18.2055405405405,17.9142702702703,17.7371621621622,17.3263783783784,17.0608378378378,16.7334864864865,16.7418378378378,16.4436216216216,16.2839459459459,16.5099459459459,16.6468648648649,17.1481081081081
2021-03-21,6,6,17,11,5,15,18.2407435897436,18.0280769230769,17.8746666666667,17.7087692307692,17.4191282051282,17.1931794871795,16.9788974358974,16.6518461538462,16.539358974359,16.5337948717949,16.7049487179487,16.8591538461539,2.55410256410256,2.57717948717949,2.59435897435897,2.65564102564103,2.86307692307692,2.87974358974359,3.53564102564103,3.29794871794872,3.30128205128205,4.31769230769231,4.47666666666667,6.01461538461539,18.2108717948718,17.8134871794872,17.7834615384615,17.519641025641,17.3111025641026,17.0919743589744,16.8413076923077,16.7110256410256,16.3226153846154,16.5976153846154,16.6363333333333,16.9837948717949
2021-03-22,5,5,19,7,8,18,18.3170465116279,18.072023255814,17.9602558139535,17.6486046511628,17.3206046511628,17.2366511627907,17.2156976744186,16.8838372093023,16.6358372093023,16.5707209302326,16.6497906976744,16.9092790697674,2.55,2.57883720930233,2.58209302325581,2.66116279069767,2.88651162790698,3.3993023255814,3.47348837209302,3.0306976744186,3.50953488372093,4.5953488372093,5.05232558139535,5.36209302325581,18.2193953488372,18.046488372093,17.9243255813953,17.6565348837209,17.2576976744186,17.1390465116279,17.0062558139535,16.8965581395349,16.5739069767442,16.5487441860465,16.5739302325581,16.8397441860465
2021-03-23,9,13,25,12,11,29,18.4280666666667,18.1822333333333,18.0072166666667,17.8239666666667,17.61825,17.50145,17.2675333333333,16.9007833333333,16.5782333333333,16.511,16.5222833333333,16.7634,2.5465,2.56933333333333,2.582,2.6795,2.76,2.73233333333333,2.9505,3.31783333333333,3.4025,3.86783333333333,4.012,4.72233333333333,18.4354666666667,18.2061833333333,17.872,17.6514833333333,17.41085,17.2587666666667,17.0995833333333,16.9036666666667,16.52315,16.3667333333333,16.4745666666667,16.7115
2021-03-24,7,8,21,9,5,20,18.4415531914894,18.1714893617021,17.9467872340426,17.8375106382979,17.5617234042553,17.2503829787234,17.049829787234,16.9733829787234,16.7712127659574,16.614914893617,16.6328510638298,16.9746170212766,2.53085106382979,2.56510638297872,2.57893617021277,2.58297872340426,2.64595744680851,2.81297872340426,3.16255319148936,3.10489361702128,3.37234042553192,4.00510638297872,4.18191489361702,4.84340425531915,18.5127234042553,18.1884255319149,17.8304680851064,17.7567659574468,17.489829787234,17.1185957446809,16.8802978723404,16.8296382978723,16.692,16.450085106383,16.5685531914894,16.8033617021277
2021-03-25,9,6,16,9,9,22,18.4458823529412,18.2773725490196,17.9427450980392,17.7743921568627,17.6779607843137,17.4043333333333,17.1747058823529,16.9409803921569,16.8096666666667,16.5509607843137,16.6490588235294,16.8740588235294,2.52921568627451,2.56529411764706,2.61901960784314,3.0021568627451,2.6843137254902,2.82764705882353,2.89470588235294,3.34549019607843,3.37235294117647,4.13725490196078,4.65980392156863,4.77745098039216,18.5306274509804,18.220137254902,17.9605294117647,17.7100784313725,17.4943529411765,17.3236666666667,17.0637843137255,16.8093333333333,16.7480392156863,16.5090588235294,16.5612745098039,16.6724705882353
2021-03-26,4,12,23,5,11,21,18.6874782608696,18.4761956521739,18.2408695652174,18.0879565217391,17.9674347826087,17.6307826086956,17.373347826087,17.0265652173913,16.7734130434783,16.4755652173913,16.3369130434783,16.4232826086957,2.51695652173913,2.53391304347826,2.54782608695652,2.56434782608696,2.5695652173913,2.60739130434783,2.68869565217391,3.13130434782609,2.83195652173913,3.07,3.58195652173913,4.5704347826087,18.8008695652174,18.5117608695652,18.2203260869565,17.9940652173913,17.8313695652174,17.6010217391304,17.2585434782609,16.8825,16.6994565217391,16.3476304347826,16.2398260869565,16.3007173913043
2021-03-27,7,8,19,10,7,20,18.7694318181818,18.4179545454546,18.2297727272727,18.0868636363636,17.9190681818182,17.6654090909091,17.4344545454545,17.2817954545455,16.9843863636364,16.6913181818182,16.4768636363636,16.5167727272727,2.51977272727273,2.52863636363636,2.56204545454545,2.57772727272727,2.71,2.80045454545455,2.76318181818182,2.93022727272727,3.03431818181818,3.08477272727273,3.46386363636364,3.96977272727273,18.7932272727273,18.5613409090909,18.1927045454545,17.9586590909091,17.9256363636364,17.5474090909091,17.2783636363636,17.1108636363636,16.9980454545455,16.6181818181818,16.3863181818182,16.5125681818182
2021-03-28,4,9,21,6,9,22,18.712488372093,18.3757441860465,18.1661627906977,17.8870930232558,17.7273488372093,17.4796511627907,17.2950232558139,17.2309069767442,17.1908372093023,17.1083023255814,16.826511627907,16.8363488372093,2.52418604651163,2.53395348837209,2.59558139534884,2.64023255813953,2.79604651162791,2.73116279069768,2.90697674418605,3.70767441860465,3.25279069767442,3.6646511627907,4.08046511627907,3.98441860465116,18.5782790697674,18.4821162790698,18.114023255814,17.8194186046512,17.6239302325581,17.4604651162791,17.1621627906977,17.1071860465116,17.0581395348837,17.0442093023256,16.8155581395349,16.8703488372093
2021-03-29,10,7,23,9,10,26,18.9343396226415,18.6351886792453,18.381358490566,18.0435849056604,18.0217735849057,17.9556037735849,17.5191132075472,17.3979056603773,17.1861886792453,16.9346037735849,16.5585849056604,16.615320754717,2.51849056603774,2.51754716981132,2.55415094339623,2.56679245283019,2.68509433962264,2.75283018867925,2.69,2.69264150943396,3.01018867924528,3.20584905660377,3.56603773584906,3.31226415094339,18.7402830188679,18.8145660377358,18.413358490566,18.0900377358491,17.8200188679245,17.790320754717,17.5642075471698,17.1055849056604,16.9590566037736,16.8871132075472,16.6313773584906,16.3854528301887
2021-03-30,5,8,23,5,7,23,18.8813829787234,18.7080212765957,18.4628723404255,18.1743829787234,17.9433191489362,17.8194680851064,17.6297872340426,17.2593829787234,17.0287872340426,16.9898723404255,16.6771063829787,16.5463404255319,2.51297872340426,2.51851063829787,2.53489361702128,2.56404255319149,2.57531914893617,2.58340425531915,2.67425531914894,2.86340425531915,2.97744680851064,3.35617021276596,4.00617021276596,3.54127659574468,18.7712127659574,18.7257234042553,18.544914893617,18.1931489361702,17.8772127659575,17.7325957446809,17.5244255319149,17.1459787234043,17.0516170212766,16.7761276595745,16.6554893617021,16.3747234042553
2021-03-31,8,11,22,9,9,22,18.7564042553192,18.6451489361702,18.2854468085106,18.1313829787234,17.953170212766,17.8421914893617,17.6033191489362,17.4371276595745,17.3158936170213,16.9945531914894,16.6697659574468,16.5710212765957,2.51723404255319,2.53574468085106,2.55170212765957,2.56042553191489,2.59489361702128,2.7331914893617,3.6936170212766,2.86106382978723,2.99063829787234,3.10148936170213,3.26085106382979,3.42170212765957,18.828,18.5839361702128,18.4070212765957,18.0882127659574,17.8752127659574,17.6438936170213,17.5349574468085,17.2213404255319,17.130085106383,16.9034680851064,16.7704680851064,16.5566595744681
2021-04-01,6,12,21,7,10,23,18.8419622641509,18.7639811320755,18.5093773584906,18.256641509434,18.0156037735849,17.8315660377358,17.7330566037736,17.4339622641509,17.2550377358491,16.935358490566,16.7191886792453,16.5866037735849,2.50981132075472,2.52943396226415,2.54584905660377,2.66415094339623,2.74169811320755,2.77056603773585,2.77547169811321,2.70943396226415,2.70716981132075,2.98358490566038,3.87094339622641,4.03094339622642,18.9067547169811,18.6182452830189,18.5309622641509,18.2671886792453,17.9939245283019,17.6226603773585,17.6004716981132,17.3832264150943,17.1694716981132,16.8252264150943,16.7607358490566,16.5579245283019
2021-04-02,9,11,34,9,11,37,19.1613384615384,18.9767076923077,18.8647230769231,18.4881076923077,18.2292615384615,18.0569538461539,17.8596307692308,17.5267230769231,17.3602923076923,17.2441692307692,17.0538769230769,16.7043692307692,2.52015384615385,2.50046153846154,2.50630769230769,2.54076923076923,2.59261538461539,2.90676923076923,2.64830769230769,2.66292307692308,2.64076923076923,2.73630769230769,3.29107692307692,4.05123076923077,19.0083384615385,18.8085384615385,18.8085692307692,18.6711846153846,18.2172923076923,17.9480615384615,17.7721230769231,17.4954615384615,17.1482923076923,17.1218153846154,17.0447538461538,16.6843538461538
2021-04-03,8,7,25,10,9,25,19.1344814814815,18.8299444444444,18.6917407407407,18.4069074074074,18.2236111111111,17.9479814814815,17.8356481481482,17.6665,17.5313333333333,17.3354259259259,17.1691481481481,16.9191851851852,2.52796296296296,2.52555555555556,2.51722222222222,2.54018518518519,2.62240740740741,3.05907407407407,3.20111111111111,2.81407407407407,2.84277777777778,2.89833333333333,3.32907407407408,3.30203703703704,19.0227777777778,18.7347222222222,18.6473703703704,18.542462962963,18.2010185185185,17.9657222222222,17.6875925925926,17.5535,17.3083518518518,17.2999074074074,17.1658888888889,16.9483888888889
2021-04-04,5,5,19,2,6,15,19.4231935483871,19.0300967741936,18.8533870967742,18.6357096774194,18.3247741935484,18.1775161290323,18.0550967741935,17.9089677419355,17.8072580645161,17.7221290322581,17.4145806451613,16.9268709677419,2.51967741935484,2.49806451612903,2.51870967741935,2.61612903225806,3.23548387096774,2.66193548387097,2.71612903225806,2.80290322580645,2.8858064516129,2.76322580645161,2.71290322580645,2.97354838709677,19.2852258064516,19.0252903225806,18.882935483871,18.7062580645161,18.4758709677419,18.1237419354839,17.8654838709677,17.8928387096774,17.584064516129,17.5031290322581,17.2437419354839,17.0491290322581
2021-04-05,9,9,43,9,10,35,19.6555921052631,19.2652236842105,18.9961315789474,18.8216842105263,18.5905526315789,18.3115921052632,18.1174605263158,17.9877368421053,17.6922631578947,17.4231315789474,17.2324473684211,17.0600921052631,2.54039473684211,2.52092105263158,2.51078947368421,2.50407894736842,2.52578947368421,2.55447368421053,2.60276315789474,2.84657894736842,2.65315789473684,2.67710526315789,2.72657894736842,2.86486842105263,19.5373157894737,19.1853684210526,18.8676578947368,18.8259736842105,18.6582631578947,18.3532763157895,18.07325,17.8281184210526,17.6558421052632,17.2225526315789,17.1309868421053,16.9681447368421
2021-04-06,5,13,23,10,10,20,19.6973703703704,19.2709444444444,18.8126111111111,18.8776111111111,18.4678888888889,18.3023148148148,18.1545555555556,18.2062037037037,17.9761296296296,17.5391851851852,17.4484444444444,17.3759074074074,2.5662962962963,2.57018518518519,2.52407407407407,2.5262962962963,2.57796296296296,3.10574074074074,3.28555555555556,2.93666666666667,2.86759259259259,2.82555555555556,2.77092592592593,3.09425925925926,19.5237777777778,19.0384074074074,18.8343518518518,18.6294814814815,18.6777962962963,18.2960740740741,18.0583148148148,18.0561111111111,17.9927777777778,17.6191296296296,17.3542777777778,17.3133703703704
2021-04-07,9,8,26,9,3,33,19.9354909090909,19.5225818181818,19.1130181818182,18.9611636363636,18.6826545454546,18.4529090909091,18.1317818181818,18.0844,17.9344909090909,17.5987818181818,17.4751090909091,17.3742727272727,2.55818181818182,2.52763636363636,2.50181818181818,2.50236363636364,2.522,2.54345454545455,2.55709090909091,2.566,2.66509090909091,3.14054545454546,2.73727272727273,2.76381818181818,19.6770181818182,19.4185636363636,19.0941090909091,18.8851454545455,18.8006363636364,18.5044363636364,18.2228363636364,17.9650181818182,17.8239818181818,17.5634181818182,17.2957272727273,17.0628545454545
2021-04-08,12,9,22,9,10,23,19.7995,19.5369,19.18062,18.84108,18.74872,18.34822,18.1341,17.9527,17.78714,17.53258,17.36516,17.2087,2.5634,2.5324,2.516,2.5102,2.5248,2.5424,2.566,2.578,2.6504,2.8266,2.9086,3.2096,19.6839,19.35648,19.03416,18.86974,18.65964,18.47826,18.20954,17.87828,17.76816,17.44158,17.2476,17.08746
2021-04-09,12,8,31,8,7,33,19.8911833333333,19.4902166666667,19.13645,18.8261333333333,18.6986166666667,18.39245,18.25905,18.04375,17.8554,17.7605833333333,17.60395,17.52605,2.59316666666667,2.5635,2.578,2.869,2.586,2.61266666666667,2.65366666666667,3.10266666666667,2.85033333333333,3.007,3.11716666666667,2.85183333333333,19.70355,19.2986666666667,18.9846,18.8377666666667,18.6185666666667,18.4707666666667,18.2976333333333,18.07265,17.8679833333333,17.6039666666667,17.4831166666667,17.4645333333333
2021-04-10,13,15,32,13,11,32,20.0542173913044,19.8168985507246,19.4104637681159,19.0888260869565,18.8639855072464,18.7305942028985,18.5002753623188,18.1820869565217,17.9734927536232,17.7060724637681,17.4000144927536,17.2589275362319,2.60333333333333,2.5863768115942,2.54884057971015,2.60217391304348,2.6336231884058,2.56405797101449,2.55202898550725,2.57855072463768,2.58782608695652,2.61217391304348,2.68144927536232,3.25260869565217,19.9702173913043,19.6022753623188,19.3398550724638,18.9780869565217,18.7232028985507,18.6653768115942,18.5367391304348,18.2357101449275,17.9044492753623,17.6807536231884,17.4104347826087,17.0451304347826
2021-04-11,14,2,27,9,5,31,20.0495185185185,19.7063148148148,19.4643518518518,19.0711851851852,18.8375740740741,18.562537037037,18.3419444444444,18.1090185185185,17.9200925925926,17.8731851851852,17.7286851851852,17.4652407407407,2.60444444444444,2.56277777777778,2.52481481481481,2.51259259259259,2.56666666666667,2.9312962962963,2.60611111111111,2.63925925925926,2.61722222222222,2.72814814814815,2.9462962962963,2.81888888888889,19.7929444444444,19.5441851851852,19.2900555555556,19.0526666666667,18.7624814814815,18.6432037037037,18.4190740740741,18.1542592592593,17.8672037037037,17.7580555555556,17.6562962962963,17.3956851851852
2021-04-12,10,10,28,11,7,27,20.1169245283019,19.741679245283,19.521358490566,19.1096226415094,18.8291320754717,18.6100188679245,18.3722641509434,18.1684905660377,17.895358490566,17.7849811320755,17.6347358490566,17.4908301886792,2.62056603773585,2.57264150943396,2.55207547169811,2.56660377358491,2.91716981132075,2.60301886792453,2.62943396226415,2.58283018867925,2.60339622641509,2.67358490566038,2.90075471698113,3.3,19.7777358490566,19.5572264150943,19.2573396226415,19.1040188679245,18.8153018867925,18.5226981132075,18.3822452830189,18.202,17.8996226415094,17.724641509434,17.5098113207547,17.4438679245283
2021-04-13,6,11,27,8,11,24,20.4807090909091,20.2792727272727,20.0618909090909,19.5631090909091,19.1854545454545,19.0470909090909,18.7787818181818,18.5351272727273,18.1715454545454,18.1323454545455,17.9840181818182,17.6724909090909,2.66690909090909,2.62454545454545,2.578,2.53145454545455,2.50181818181818,2.50527272727273,2.50690909090909,2.54327272727273,2.56218181818182,2.56945454545455,2.67927272727273,2.76527272727273,20.1381090909091,20.1402363636364,19.8138,19.4861636363636,19.1099636363636,18.9071818181818,18.8972545454545,18.6166363636364,18.2134181818182,17.9931454545455,17.8150181818182,17.6228727272727
2021-04-14,9,8,36,13,6,35,20.2901304347826,20.2110869565217,19.8512028985507,19.4812173913044,19.2883913043478,18.9679275362319,18.8809710144928,18.4920434782609,18.3269420289855,18.1160289855072,17.9717391304348,17.8283913043478,2.66869565217391,2.64304347826087,2.62710144927536,2.74434782608696,2.69057971014493,2.57652173913044,2.57869565217391,2.85782608695652,2.62086956521739,2.63855072463768,2.65985507246377,2.73159420289855,20.0800144927536,19.9446376811594,19.6526231884058,19.3234782608696,19.0288260869565,18.9877246376812,18.8478260869565,18.6077826086957,18.3659565217391,18.0808405797102,17.9121884057971,17.7490869565217
2021-04-15,14,10,39,16,8,32,20.244,20.2641176470588,19.8791323529412,19.5393529411765,19.1894411764706,18.9078529411765,18.8177647058823,18.5501470588235,18.3314705882353,18.0547794117647,17.8489852941176,17.62675,2.65544117647059,2.63764705882353,2.59132352941177,2.55411764705882,2.57191176470588,2.84676470588235,2.70132352941177,2.63823529411765,2.58323529411765,2.60691176470588,2.62794117647059,2.73411764705882,20.0140588235294,19.8805882352941,19.7367352941177,19.3703382352941,19.0070294117647,18.8933382352941,18.7355588235294,18.6360588235294,18.3813382352941,18.0840588235294,17.8701617647059,17.5755294117647
2021-04-16,10,7,25,8,2,28,20.3240638297872,20.0431489361702,19.9454893617021,19.6138510638298,19.2411914893617,18.7881276595745,18.6824468085106,18.3555319148936,18.1483191489362,17.9103404255319,17.786,17.7110638297872,2.67212765957447,2.63404255319149,2.58404255319149,2.56425531914894,2.53595744680851,2.52553191489362,2.52212765957447,2.54446808510638,2.58255319148936,2.66,3.50787234042553,2.85702127659574,20.1091489361702,19.7902978723404,19.727914893617,19.4172127659574,19.1292127659574,18.8782978723404,18.5189574468085,18.5393191489362,18.1897234042553,17.9674255319149,17.6856382978723,17.5736382978723
2021-04-17,7,11,16,6,9,16,20.5744090909091,20.2114318181818,20.2681363636364,19.8690681818182,19.5578863636364,19.1855,18.8898181818182,18.856,18.5046136363636,18.2283181818182,17.8607272727273,17.7089318181818,2.71431818181818,2.64477272727273,2.6325,2.59204545454545,2.55090909090909,2.51409090909091,2.50568181818182,2.51181818181818,2.53772727272727,2.56636363636364,2.59204545454545,2.64636363636364,20.4682272727273,20.0487727272727,20.01775,19.7439545454545,19.3638409090909,19.0541818181818,18.7656136363636,18.7265227272727,18.6312045454545,18.2820454545454,17.8088636363636,17.6142272727273
2021-04-18,10,8,29,13,9,25,20.5189333333333,20.2838166666667,20.2025166666667,19.8113,19.4281833333333,19.09245,18.80895,18.6682,18.42745,18.1992833333333,17.96095,17.8534,2.72216666666667,2.6685,2.635,2.60066666666667,2.55166666666667,2.5665,2.87033333333334,2.587,2.62316666666667,2.7295,3.23133333333333,3.23916666666667,20.3571833333333,20.0334166666667,19.8984333333333,19.5864166666667,19.2228833333333,18.9161,18.7756333333333,18.61995,18.4943166666667,18.2944333333333,17.9795666666667,17.7815666666667
2021-04-19,8,9,27,13,5,30,20.9478,20.3506666666667,20.3516166666667,20.2556333333333,19.93015,19.50635,19.0625666666667,18.9725666666667,18.6339333333333,18.4607166666667,18.2120833333333,18.11495,2.76616666666667,2.6985,2.64566666666667,2.60916666666667,2.57583333333333,2.546,2.513,2.51183333333333,2.50983333333333,2.543,2.5625,2.5775,21.1584,20.1847,20.0486166666667,20.07065,19.8018666666667,19.4132833333333,19.07365,18.7917333333333,18.78455,18.47555,18.2003,18.01475
2021-04-20,9,7,39,10,10,33,21.0615074626866,20.5237910447761,20.3062537313433,20.3453582089552,19.8884925373134,19.5734626865672,19.2303134328358,18.9803880597015,18.7785970149254,18.4644626865672,18.2952388059701,18.0836567164179,2.78358208955224,2.75522388059701,2.68597014925373,2.68507462686567,2.73865671641791,2.60313432835821,2.53791044776119,2.52731343283582,2.53373134328358,2.6310447761194,2.79089552238806,2.82850746268657,21.1695074626866,20.483671641791,20.0500298507463,20.046552238806,19.7882686567164,19.354,19.0453582089552,18.8884925373134,18.8484626865672,18.6090298507463,18.301328358209,18.0050447761194
2021-04-21,16,5,22,15,7,18,21.2774150943396,20.6732452830189,20.2690943396226,20.3324150943396,20.0442264150943,19.6588490566038,19.3513396226415,18.930679245283,18.9511886792453,18.542037735849,18.3812830188679,18.0309245283019,2.77094339622641,2.72660377358491,2.64962264150944,2.63264150943396,2.60188679245283,2.55150943396226,2.53094339622641,2.50735849056604,2.50867924528302,2.52207547169811,2.56150943396226,2.57660377358491,21.3977169811321,20.7166603773585,20.0869622641509,20.0451886792453,19.8975471698113,19.546320754717,19.1368113207547,18.9084339622641,18.7567169811321,18.7343396226415,18.3254150943396,17.9758113207547
2021-04-22,16,6,26,13,5,24,21.4129433962264,20.826641509434,20.3904905660377,20.2462075471698,20.1171132075472,19.7228301886792,19.3077547169811,18.9958867924528,18.7796226415094,18.5275283018868,18.3000188679245,18.1749622641509,2.78924528301887,2.73339622641509,2.68452830188679,2.62905660377359,2.59679245283019,2.56698113207547,2.54037735849057,2.5188679245283,2.52132075471698,2.52735849056604,2.55830188679245,2.64754716981132,21.4558867924528,20.798358490566,20.1836037735849,19.8799056603774,19.9200188679245,19.6174905660377,19.2191320754717,18.9046037735849,18.7371886792453,18.621320754717,18.3152452830189,18.1124528301887
2021-04-23,12,10,26,10,6,29,21.5919827586207,21.1016724137931,20.5551896551724,20.3799137931034,20.2776896551724,19.9044137931034,19.5461379310345,19.1993965517241,19.0226724137931,18.8063620689655,18.4715517241379,18.2040172413793,2.8148275862069,2.76741379310345,2.71913793103448,2.65948275862069,2.62827586206897,2.57655172413793,2.53465517241379,2.5148275862069,2.50172413793103,2.51568965517241,2.57913793103448,2.92396551724138,21.7016034482759,21.0883275862069,20.4271724137931,20.1423275862069,20.0381896551724,19.7473448275862,19.366224137931,19.0159482758621,18.9091896551724,18.8417931034483,18.5906034482759,18.1519310344828
2021-04-24,9,3,24,10,2,28,21.4387678571429,21.0159107142857,20.4579642857143,20.1200714285714,20.0762142857143,19.7507678571429,19.4861964285714,19.116125,18.8614464285714,18.7138392857143,18.3398571428571,18.1216964285714,2.78642857142857,2.75125,2.69660714285714,2.64803571428571,2.66035714285714,2.95321428571429,2.61,2.60571428571429,2.54232142857143,2.54142857142857,2.56535714285714,2.65714285714286,21.4275892857143,21.0734821428571,20.40725,19.8145,19.7185535714286,19.6092142857143,19.2377678571429,18.9690357142857,18.7796428571429,18.6702678571429,18.5055892857143,18.08225
2021-04-25,5,8,28,6,9,28,21.9381785714286,21.3694285714286,20.7343928571429,20.3773214285714,20.3261071428571,20.0510892857143,19.8203928571429,19.3150535714286,19.0827321428571,18.9073035714286,18.6456071428571,18.3985,2.83428571428571,2.79053571428572,2.73517857142857,2.68535714285714,2.64857142857143,2.59857142857143,2.56339285714286,2.53696428571429,2.54839285714286,2.88285714285714,2.58696428571429,2.61892857142857,22.015875,21.5343214285714,20.7593035714286,20.141,19.9782321428571,19.8732857142857,19.5162678571429,19.2636428571429,18.952125,18.7908214285714,18.707875,18.4090357142857
2021-04-26,10,8,29,7,9,35,21.9199682539683,21.2717301587302,20.7324920634921,20.2903174603175,20.0442063492064,19.9176349206349,19.6007142857143,19.3061587301587,18.9687936507936,18.7641746031746,18.5832222222222,18.2822063492063,2.79285714285714,2.78095238095238,2.72793650793651,2.6931746031746,2.64904761904762,2.62079365079365,2.59460317460317,2.64920634920635,2.66920634920635,2.58888888888889,2.63603174603175,2.80952380952381,21.807253968254,21.3150158730159,20.7157777777778,20.0767142857143,19.7795714285714,19.7278253968254,19.4230317460317,19.1190317460318,18.8714444444444,18.6382698412698,18.5667301587302,18.3701746031746
2021-04-27,7,3,23,10,3,24,21.9114651162791,21.5431860465116,20.934,20.5071860465116,20.3877441860465,20.1057906976744,19.8620465116279,19.4392790697674,19.1886976744186,18.9462093023256,18.6916744186046,18.4226279069767,2.82720930232558,2.79558139534884,2.76418604651163,2.68860465116279,2.64558139534884,2.60348837209302,2.55744186046512,2.51395348837209,2.51302325581395,2.50883720930233,2.51488372093023,2.54325581395349,21.9212093023256,21.5641395348837,20.9685581395349,20.3598139534884,20.1109069767442,19.9465813953488,19.6478372093023,19.372976744186,19.0225581395349,18.9316511627907,18.7642093023256,18.4740930232558
2021-04-28,8,5,27,7,5,26,22.1003043478261,21.5526739130435,20.9662826086957,20.5660217391304,20.3097173913044,20.0047608695652,19.828152173913,19.4454565217391,19.1316956521739,18.8356739130435,18.6077391304348,18.3698260869565,2.82826086956522,2.80086956521739,2.77391304347826,2.72173913043478,2.69391304347826,2.64260869565217,2.595,2.55913043478261,2.53652173913044,2.56434782608696,3.00978260869565,2.72934782608696,22.2404782608696,21.5402608695652,20.9290652173913,20.474152173913,20.1380652173913,19.8104347826087,19.5595869565217,19.2315652173913,18.9746304347826,18.8245434782609,18.6324565217391,18.4366086956522
2021-04-29,5,8,30,5,10,32,22.360037037037,21.7105185185185,21.1846296296296,20.847,20.4014074074074,20.1886851851852,20.1019259259259,19.7919074074074,19.4290740740741,19.0605555555556,18.856462962963,18.6376296296296,2.84537037037037,2.83925925925926,2.7987037037037,2.79240740740741,2.90148148148148,3.09388888888889,2.68814814814815,2.65425925925926,2.55444444444444,2.54351851851852,2.52907407407407,2.54037037037037,22.5912222222222,21.8435925925926,21.1732777777778,20.8144074074074,20.2221111111111,19.9295,19.8296111111111,19.6091296296296,19.4062037037037,19.0387407407407,18.8526481481481,18.7205555555556
2021-04-30,12,6,25,11,6,27,23.2297924528302,22.6119622641509,21.8691509433962,21.3162075471698,20.6908113207547,20.4274339622642,20.4140754716981,20.0858490566038,19.7185471698113,19.3389622641509,19.0233773584906,18.9732075471698,2.86584905660377,2.85981132075472,2.84339622641509,2.80075471698113,2.75962264150943,2.69471698113207,2.67716981132076,2.62245283018868,2.57830188679245,2.65,2.66660377358491,2.58962264150943,23.4620377358491,22.6368113207547,22.0183962264151,21.418,20.6320377358491,20.0949433962264,20.0270377358491,19.8677924528302,19.4522452830189,19.1184528301887,18.918641509434,18.8367358490566
2021-05-01,9,6,28,3,11,28,22.8743962264151,22.2195471698113,21.7109056603774,21.0330377358491,20.646358490566,20.3971698113208,20.2239245283019,19.9100566037736,19.5374716981132,19.1924716981132,18.9447358490566,18.6552075471698,2.8611320754717,2.84622641509434,2.80339622641509,2.76528301886793,2.70320754716981,2.65716981132075,2.61792452830189,2.58415094339623,2.55075471698113,2.52716981132076,2.51509433962264,2.52283018867925,22.8971886792453,22.2932641509434,21.7042452830189,20.9838490566038,20.4242264150943,20.1479056603774,19.9292641509434,19.7428490566038,19.3531698113208,19.1092452830189,18.8591886792453,18.681641509434
2021-05-02,5,3,20,4,4,24,23.3068205128205,22.6281538461538,22.3389487179487,21.4928717948718,20.8865128205128,20.486358974359,20.2961282051282,20.2197179487179,19.8320256410256,19.4226666666667,19.1816923076923,18.8828461538462,2.88025641025641,2.87641025641026,2.83051282051282,2.8174358974359,2.73615384615385,2.70102564102564,2.63769230769231,2.60076923076923,2.58717948717949,2.53846153846154,2.51358974358974,2.51179487179487,23.4821794871795,22.853358974359,22.3765641025641,21.6195641025641,20.9011025641026,20.4009743589744,20.0215897435897,20.1114358974359,19.7394358974359,19.2824358974359,19.0532820512821,18.8301538461538
2021-05-03,6,4,25,10,5,21,23.5522142857143,23.0489285714286,22.4459285714286,21.7200238095238,21.0041428571429,20.6154047619048,20.4633333333333,20.3980714285714,19.9827380952381,19.5787142857143,19.3565714285714,18.9919285714286,2.88857142857143,2.86452380952381,2.84595238095238,2.81928571428571,2.77690476190476,2.72214285714286,2.66547619047619,2.63023809523809,2.59380952380952,2.52857142857143,2.51833333333333,2.49928571428572,23.8448095238095,23.066,22.462,21.8956428571429,21.053880952381,20.4513095238095,20.1689047619048,20.0850238095238,19.780880952381,19.4175,19.0660952380952,19.0498809523809
2021-05-04,9,4,32,5,8,31,23.5402962962963,22.7317222222222,22.0881296296296,21.6979259259259,21.1273703703704,20.7407407407407,20.2738888888889,20.045462962963,19.9126296296296,19.5448703703704,19.2737037037037,18.855037037037,2.88425925925926,2.86092592592593,2.82240740740741,2.8,2.75703703703704,2.70351851851852,2.6562962962963,2.6037037037037,2.57407407407407,2.54777777777778,2.53259259259259,2.52185185185185,23.6884074074074,22.9913703703704,22.220962962963,21.6149074074074,21.1440740740741,20.6618518518518,20.1014444444444,19.8463888888889,19.7113333333333,19.5096296296296,19.1876481481481,18.8505740740741
2021-05-05,10,5,27,8,7,28,24.2726041666667,23.4913541666667,22.8051666666667,22.3669791666667,21.6587083333333,21.1592083333333,20.5597708333333,20.3405416666667,20.3215,19.9452291666667,19.5829166666667,19.2040625,2.91479166666667,2.88479166666667,2.86,2.834375,2.80708333333333,2.759375,2.70395833333334,2.63645833333333,2.62770833333333,2.58041666666667,2.54541666666667,2.5275,24.3974375,23.8386458333333,22.943,22.2794166666667,21.7744791666667,21.0964791666667,20.4752916666667,20.0389791666667,19.9951666666667,19.8503125,19.4122291666667,19.0432708333333
2021-05-06,5,6,36,8,5,30,23.8441206896552,23.0405862068966,22.1839655172414,21.5521551724138,21.2154310344828,20.9154655172414,20.4835517241379,20.0749482758621,19.9228620689655,19.6933448275862,19.3886551724138,19.0799310344828,2.89120689655173,2.87241379310345,2.84775862068966,2.80344827586207,2.77913793103448,2.7351724137931,2.69293103448276,2.67362068965517,2.95189655172414,2.6201724137931,2.59793103448276,2.54379310344828,23.8490344827586,23.3361379310345,22.4662586206896,21.6180344827586,21.1221551724138,20.8458965517241,20.4132586206897,19.7887068965517,19.5943103448276,19.4501034482759,19.2201551724138,19.0091379310345
2021-05-07,6,7,23,9,5,24,24.7396458333333,24.1618958333333,23.3982916666667,22.4898958333333,22.2336458333333,21.4990416666667,21.0182708333333,20.4617083333333,20.2923333333333,20.2176666666667,19.8192291666667,19.4528333333333,2.91833333333333,2.91479166666667,2.88625,2.85479166666667,2.83791666666667,2.806875,2.73479166666667,2.70208333333333,2.643125,2.60645833333333,2.56541666666667,2.5425,24.4121458333333,24.4192708333333,23.62625,22.6506458333333,22.0809791666667,21.549875,21.0092916666667,20.3339166666667,19.9815416666667,20.0061666666667,19.6986875,19.3054791666667
2021-05-08,9,5,25,9,5,30,24.4952452830189,23.9471509433962,23.4658679245283,22.5580188679245,22.0324716981132,21.2388301886793,20.8991509433962,20.6266603773585,20.330679245283,20.1109811320755,19.7854150943396,19.4168867924528,2.89660377358491,2.90415094339623,2.87622641509434,2.88301886792453,2.82660377358491,2.91433962264151,2.89811320754717,2.79150943396226,2.66679245283019,2.63150943396226,2.59283018867924,2.57264150943396,24.1876037735849,24.021679245283,23.4236603773585,22.8286226415094,22.0768301886792,21.1444339622642,20.7084905660377,20.4110566037736,20.0099056603774,19.9404716981132,19.5883018867925,19.3131886792453
2021-05-09,8,5,23,9,6,20,24.3098604651163,24.259511627907,23.4191395348837,22.8186511627907,22.1678139534884,21.6243953488372,21.0941162790698,20.4976511627907,20.1810465116279,20.1623953488372,19.8341860465116,19.5502790697674,2.88744186046512,2.89046511627907,2.87162790697674,2.84441860465116,2.83441860465116,2.79883720930232,2.76372093023256,2.71767441860465,2.65697674418605,2.63697674418605,2.60348837209302,2.55813953488372,24.287976744186,24.1906511627907,23.7313255813953,23.0684186046512,22.2358837209302,21.6581162790698,21.2577209302326,20.4843023255814,19.9920697674419,19.875511627907,19.6936976744186,19.3111395348837
2021-05-10,5,6,27,4,3,26,24.1977608695652,23.8560217391304,23.4830434782609,22.7804347826087,22.0088913043478,21.4927826086956,20.8658043478261,20.5703913043478,20.2146956521739,19.9969347826087,19.7303043478261,19.4605434782609,2.8895652173913,2.88891304347826,2.85760869565217,2.84673913043478,2.79478260869565,2.77826086956522,2.73304347826087,2.68673913043478,2.65804347826087,2.62021739130435,2.57695652173913,2.54673913043478,24.2456739130435,23.8124782608696,23.4143260869565,22.8335,22.1469782608696,21.4506304347826,20.9379565217391,20.5652826086957,20.1158695652174,19.8089347826087,19.5808260869565,19.2279347826087
2021-05-11,6,9,20,6,10,28,24.478641509434,24.6084716981132,23.8146603773585,23.0367547169811,22.3845849056604,21.8833018867925,21.3241886792453,20.7315849056604,20.3531886792453,20.3027358490566,20.0855283018868,19.6835471698113,2.89207547169811,2.91867924528302,2.88981132075472,2.86641509433962,2.85830188679245,2.92867924528302,2.94471698113207,2.80962264150943,2.69188679245283,2.65792452830189,2.61245283018868,2.56490566037736,24.2065849056604,24.3207924528302,24.1009622641509,23.2891132075472,22.3914905660377,21.9685660377359,21.4093018867925,20.7107735849057,20.1722641509434,20.0151320754717,19.9922641509434,19.6401132075472
2021-05-12,15,5,26,14,10,26,24.8588928571429,24.6331428571429,24.336125,23.5255,22.747,22.1644107142857,21.6101964285714,21.0891071428571,20.5721607142857,20.2902142857143,20.1716785714286,19.9443392857143,2.89375,2.91607142857143,2.91,2.88696428571429,2.85767857142857,2.83875,2.80535714285714,2.75946428571428,2.71625,2.65321428571429,2.60964285714286,2.57357142857143,24.6775178571428,24.5031428571429,24.3936964285714,23.7902678571428,22.9710357142857,22.2415,21.6728035714286,21.2082857142857,20.5591071428571,20.0911071428571,19.9603571428571,19.7285178571429
2021-05-13,10,6,23,9,5,25,24.7399782608696,24.2374130434783,24.1530869565217,23.6579782608696,22.9501304347826,22.2028043478261,21.6070652173913,21.0461956521739,20.5977173913044,20.2294782608696,19.999152173913,19.8983695652174,2.87565217391304,2.87413043478261,2.89065217391304,2.87630434782609,2.85217391304348,2.84869565217391,2.81108695652174,2.77282608695652,2.72760869565217,2.68521739130435,2.64565217391304,2.60782608695652,24.5905,24.3598043478261,24.0133695652174,23.7446086956522,23.1564130434783,22.3976086956522,21.6986086956522,21.1104782608696,20.6422391304348,20.1498913043478,19.7787391304348,19.6655217391304
2021-05-14,6,8,25,8,10,22,24.9550612244898,24.4630408163265,24.4210204081633,23.8445510204082,23.2764489795918,22.3643265306122,21.9875510204082,21.279306122449,20.940306122449,20.4475306122449,20.2105714285714,20.1201428571429,2.87959183673469,2.88122448979592,2.88918367346939,2.8869387755102,2.8665306122449,2.85489795918367,2.82571428571429,2.79755102040816,2.74489795918367,2.70367346938776,2.63755102040816,2.61469387755102,24.7774081632653,24.6336734693878,24.2428979591837,24.0442040816326,23.3870408163265,22.6399387755102,21.9517551020408,21.3092653061224,20.8554285714286,20.295693877551,19.8411020408163,19.8199591836735
2021-05-15,4,6,29,2,9,27,24.8045625,24.5905,24.3877083333333,24.2832083333333,23.4699583333333,22.7615,22.3048541666667,21.7077708333333,21.2110416666667,20.5599166666667,20.1960625,20.1989375,2.87354166666667,2.869375,2.88520833333333,2.90875,2.87916666666667,2.84625,2.830625,2.81229166666667,2.76375,2.726875,2.65645833333333,2.635625,24.8665,24.3208958333333,24.2026666666667,24.3484375,23.74125,22.9432291666667,22.1533541666667,21.7140833333333,21.1927083333333,20.5097916666667,19.9555833333333,19.8665416666667
2021-05-16,6,11,19,8,11,15,25.323,24.695488372093,24.6239302325581,24.4321395348837,24.0806046511628,23.1813720930233,22.3978604651163,21.8598837209302,21.2426744186046,20.776023255814,20.3737906976744,20.127976744186,2.86953488372093,2.87279069767442,2.88418604651163,2.90372093023256,2.8753488372093,2.87325581395349,2.85093023255814,2.83558139534884,2.79,2.74302325581395,2.70581395348837,2.65046511627907,24.6431627906977,24.7863953488372,24.5880930232558,24.2591162790698,24.0922325581395,23.5262093023256,22.7239069767442,21.894488372093,21.3175813953488,20.8448372093023,20.204976744186,19.9247441860465
2021-05-17,10,4,27,5,4,32,25.23452,24.9381,24.87382,24.7434,24.36714,23.49378,22.67464,22.16968,21.58468,21.08548,20.5974,20.35552,2.8992,2.893,2.8976,2.912,2.91,2.8894,2.8698,2.8364,2.8064,2.7618,2.71,2.6458,25.19044,24.97572,24.65338,24.55194,24.48704,23.76688,22.79734,22.17146,21.7085,21.05734,20.4735,20.04332
2021-05-18,6,11,19,9,6,24,25.0472040816326,25.228387755102,24.9167755102041,24.7572857142857,24.5338979591837,23.6578979591837,22.9464285714286,22.1339183673469,21.5599795918367,21.0908571428571,20.6235510204082,20.3582448979592,2.87469387755102,2.88,2.87959183673469,2.89795918367347,2.89224489795918,2.88224489795918,2.86448979591837,2.84979591836735,2.81,2.7865306122449,2.73510204081633,2.66897959183673,24.6379795918367,24.8332857142857,24.6751224489796,24.6224897959184,24.4181020408163,23.945693877551,23.155387755102,22.3022653061224,21.634,21.1823265306122,20.6228163265306,20.1505102040816
2021-05-19,5,6,31,2,6,32,24.9059807692308,25.1363653846154,24.9515192307692,24.9568653846154,24.6286153846154,24.0282115384615,23.4178461538462,22.5828846153846,22.0249807692308,21.2103269230769,20.8227884615385,20.6014038461539,2.88403846153846,2.87038461538462,2.88826923076923,2.90192307692308,2.9125,2.88846153846154,2.87865384615385,2.86730769230769,2.8425,2.80269230769231,2.73057692307692,2.71134615384615,24.9250192307692,24.6278076923077,24.6615,24.8828076923077,24.5696730769231,24.1571730769231,23.4293076923077,22.7318653846154,22.09125,21.2556923076923,20.71025,20.3465384615385
2021-05-20,8,7,27,7,7,30,25.02226,24.9201,24.62274,24.4238,24.46556,23.92112,23.12298,22.41248,21.96446,21.24778,20.77214,20.27236,2.8858,2.8752,2.8732,2.8848,2.891,2.8838,2.87,2.8426,2.8198,2.7842,2.7392,2.6904,24.7673,24.73886,24.53108,24.22962,24.13484,24.00522,23.34982,22.4743,21.84518,21.31298,20.73054,20.14534
2021-05-21,6,8,29,7,6,28,25.0430754716981,24.8009433962264,24.7308301886792,24.4402641509434,23.9950188679245,24.2527735849057,23.289641509434,22.6644339622641,22.1134339622642,21.636679245283,21.1248301886792,20.5348679245283,2.91490566037736,2.87603773584906,2.8611320754717,2.85150943396226,2.87660377358491,2.89283018867925,2.87716981132076,2.83528301886792,2.8333962264151,2.80641509433962,2.7666037735849,2.72698113207547,25.055,24.71,24.6998867924528,24.2081886792453,24.1389622641509,24.1752075471698,23.6443773584906,22.8795849056604,22.1488113207547,21.6487924528302,21.2084716981132,20.4954905660377
2021-05-22,5,10,25,9,6,24,25.3821304347826,25.0582608695652,25.1332391304348,24.6838043478261,24.2024782608696,24.2142391304348,23.5838695652174,22.7,22.2941739130435,21.633347826087,21.2381304347826,20.6574565217391,2.9304347826087,2.9,2.89565217391304,2.88608695652174,2.8895652173913,2.9104347826087,2.88521739130435,2.84521739130435,2.83108695652174,2.80152173913044,2.74326086956522,2.70673913043478,25.2340434782609,25.0572826086956,25.0269782608696,24.6325652173913,24.1276086956522,24.086347826087,23.7755869565217,23.0405217391304,22.334,21.7333695652174,21.1632608695652,20.6476739130435
2021-05-23,4,7,22,4,7,23,25.0964615384615,24.9938717948718,24.7090769230769,24.2382051282051,24.1537179487179,24.2155641025641,23.6497435897436,22.9319230769231,22.394358974359,21.9562564102564,21.3532564102564,20.6706923076923,2.93666666666667,2.90974358974359,2.88128205128205,2.86692307692308,2.87871794871795,2.88128205128205,2.88051282051282,2.83205128205128,2.8174358974359,2.79923076923077,2.76974358974359,2.71461538461538,25.0204615384615,24.8948717948718,24.8168461538461,24.3204615384615,23.7942307692308,23.9399230769231,23.8467948717949,23.0737692307692,22.3980256410256,21.8392307692308,21.4174102564103,20.7300256410256
2021-05-24,9,9,21,8,9,21,25.1411020408163,25.0635102040816,25.0525510204082,24.9780816326531,24.8231224489796,24.8066326530612,24.3442040816327,23.7082857142857,22.7604285714286,22.1196530612245,21.4438571428571,20.940306122449,2.91367346938776,2.89081632653061,2.87571428571429,2.87877551020408,2.89020408163265,2.90204081632653,2.90673469387755,2.88918367346939,2.88285714285714,2.85510204081633,2.83224489795918,2.77836734693878,24.9888571428571,24.8176326530612,24.8767959183673,24.7577755102041,24.6819387755102,24.6023469387755,24.532387755102,23.9219591836735,22.9991428571429,22.279612244898,21.6019387755102,20.9757551020408
2021-05-25,6,6,23,8,6,23,24.7617755102041,24.8255510204082,24.694387755102,24.6750204081633,24.4127346938776,24.2447346938776,24.1046734693878,23.4979183673469,22.5774693877551,21.9961428571429,21.5640204081633,20.9792448979592,2.92816326530612,2.90285714285714,2.87285714285714,2.85224489795918,2.85224489795918,2.87224489795918,2.87775510204082,2.86510204081633,2.83714285714286,2.82448979591837,2.80448979591837,2.76204081632653,24.6285714285714,24.641306122449,24.5631224489796,24.3580816326531,24.2959591836735,24.0422857142857,23.9646326530612,23.609693877551,22.7487551020408,22.1347551020408,21.5324081632653,21.0180612244898
2021-05-26,8,8,23,8,10,22,25.3017659574468,25.1204468085106,24.9848510638298,24.8011489361702,24.7182553191489,24.5314893617021,24.5547872340426,24.1401276595745,23.3831063829787,22.7381914893617,22.2083829787234,21.388829787234,2.97723404255319,2.94425531914894,2.88446808510638,2.8563829787234,2.86404255319149,2.87872340425532,2.89574468085106,2.87787234042553,2.86510638297872,2.84191489361702,2.83468085106383,2.79531914893617,25.2882127659574,25.258829787234,24.8379574468085,24.5067659574468,24.5743829787234,24.4123404255319,24.3105319148936,24.2263829787234,23.5607021276596,22.9205957446808,22.2444893617021,21.5227659574468
2021-05-27,12,7,22,9,6,26,25.0593962264151,25.1178490566038,24.9954905660377,24.8224528301887,24.5942264150943,24.5453018867924,24.4430566037736,24.2817735849057,23.5308301886792,22.6501132075472,22.2927169811321,21.6922452830189,2.97528301886793,2.94905660377358,2.91283018867924,2.87433962264151,2.85716981132075,2.86,2.87584905660377,2.89433962264151,2.86169811320755,2.84339622641509,2.80962264150943,2.81943396226415,25.2635849056604,24.8285283018868,24.8372452830188,24.7502075471698,24.5357358490566,24.1475660377358,24.0146981132075,24.2950188679245,23.7460188679245,22.8540377358491,22.2257169811321,21.787320754717
2021-05-28,9,9,27,8,8,27,25.6685283018868,25.4228490566038,25.2689622641509,25.2492264150943,25.5008679245283,24.9259433962264,24.5934716981132,24.5303962264151,24.013320754717,23.1688490566038,22.2678301886792,21.9758679245283,2.97301886792453,2.95056603773585,2.93320754716981,2.90566037735849,2.90339622641509,2.88905660377359,2.89698113207547,2.91716981132076,2.89679245283019,2.88301886792453,2.84641509433962,2.82528301886792,25.8225660377358,25.420320754717,25.0497358490566,24.9867735849056,25.1737169811321,25.0180943396226,24.5661320754717,24.2465283018868,24.2227735849057,23.4323962264151,22.5076981132075,21.8931320754717
2021-05-29,6,10,19,7,8,22,25.706875,25.1222916666667,25.083125,24.751375,25.0946666666667,24.4841041666667,24.3731875,24.2096458333333,23.9657708333333,23.1802291666667,22.1885208333333,21.962625,2.97625,2.95125,2.93083333333333,2.90958333333333,2.895,2.87583333333333,2.87041666666667,2.89083333333333,2.89645833333333,2.86166666666667,2.8275,2.78208333333333,26.0228541666667,25.3847083333333,24.8981041666667,24.8949791666667,24.8887916666667,24.734625,24.3113333333333,23.7575208333333,24.0289791666667,23.34825,22.36775,21.6946458333333
2021-05-30,6,7,28,7,7,29,26.0743,25.58292,25.2542,25.2825,24.87966,25.0472,24.8988,24.27348,24.52446,23.54358,23.106,22.39002,3.0064,2.9904,2.9614,2.9252,2.884,2.894,2.8822,2.8958,2.9044,2.8924,2.8492,2.8484,26.23948,25.60582,25.39442,25.29564,24.77664,25.11108,24.55152,24.47324,24.4226,23.90144,23.23186,22.37862
2021-05-31,9,4,23,11,2,19,26.0864651162791,25.5820465116279,25.3775348837209,25.5669534883721,25.1405813953488,25.107488372093,25.222488372093,24.9468837209302,24.6435813953488,23.9567209302326,23.2471627906977,22.7500697674419,3.01953488372093,2.99302325581395,2.9653488372093,2.93395348837209,2.88511627906977,2.88302325581395,2.90627906976744,2.92395348837209,2.92372093023256,2.9,2.88209302325581,2.86325581395349,26.2667209302325,25.6099534883721,25.3839534883721,25.646976744186,25.1082093023256,24.7426744186047,24.803488372093,24.8835813953488,24.6402558139535,24.0212790697674,23.2697674418605,22.7055581395349
2021-06-01,9,7,22,9,9,21,26.0359795918367,25.7658979591837,25.3735714285714,25.3250204081633,24.984306122449,25.0887551020408,24.9869591836735,24.9296530612245,24.5015714285714,24.1350204081633,23.357387755102,22.6006734693878,3.02387755102041,2.99081632653061,2.95795918367347,2.91979591836735,2.89061224489796,2.88244897959184,2.89122448979592,2.89897959183673,2.89918367346939,2.90795918367347,2.87836734693878,2.85938775510204,26.2900408163265,25.8429183673469,25.343306122449,25.1699183673469,24.9914897959184,24.801306122449,24.9313673469388,24.7517346938776,24.412081632653,24.2430816326531,23.5735714285714,22.8750612244898
2021-06-02,9,6,19,7,6,21,26.2167234042553,25.7029787234043,25.4434680851064,25.5849574468085,25.2515744680851,25.2358936170213,25.0892978723404,25.0106170212766,24.6218936170213,23.9999787234043,23.4371063829787,22.6573404255319,3.00936170212766,2.99148936170213,2.96382978723404,2.94021276595745,2.90063829787234,2.89297872340426,2.90234042553192,2.9031914893617,2.92170212765957,2.89893617021277,2.87936170212766,2.86787234042553,26.2989574468085,25.8259574468085,25.5097234042553,25.1532978723404,25.100829787234,25.0835319148936,24.766085106383,24.7312978723404,24.5017872340426,24.1161276595745,23.5155319148936,22.7517234042553
2021-06-03,4,7,27,6,5,28,26.3994042553191,25.8814680851064,25.3072553191489,25.0655106382979,24.7652553191489,24.864170212766,24.727170212766,24.4132765957447,24.3284042553192,24.1080212765957,23.5410425531915,22.6017872340425,3.02914893617021,3.00425531914894,2.9736170212766,2.94638297872341,2.92234042553191,2.88510638297872,2.86957446808511,2.87063829787234,2.8863829787234,2.87297872340426,2.85702127659575,2.83191489361702,26.5528510638298,25.9911914893617,25.4723404255319,25.1070638297872,24.8503617021277,24.5248085106383,24.4004893617021,24.3925957446808,24.0965319148936,23.9853617021277,23.5605319148936,22.7801914893617
2021-06-04,3,8,27,2,8,23,26.5521956521739,26.0301739130435,25.6965,25.1866086956522,24.9516739130435,25.1549347826087,24.9914347826087,24.4620217391304,24.2727608695652,24.2251086956522,23.878152173913,23.0646739130435,3.01630434782609,2.99673913043478,2.98065217391304,2.96630434782609,2.92586956521739,2.90760869565217,2.87869565217391,2.87304347826087,2.87391304347826,2.88717391304348,2.88304347826087,2.86130434782609,26.4938695652174,26.2784347826087,25.9031739130435,25.2977173913043,24.7727826086956,24.8029565217391,24.8404347826087,24.521152173913,24.0434130434782,23.9398043478261,23.9534565217391,23.3901956521739
2021-06-05,6,7,23,4,7,21,26.5039772727273,26.2558409090909,25.9178863636364,25.3842272727273,25.2981590909091,25.0422727272727,25.0678636363636,25.0909090909091,24.5405681818182,24.3922272727273,24.0833863636364,23.4523863636364,3.03863636363637,3.02590909090909,2.99318181818182,2.96386363636364,2.92886363636364,2.89977272727273,2.90386363636364,2.90363636363636,2.89340909090909,2.895,2.90568181818182,2.88,26.63475,26.4290227272727,26.0951818181818,25.6471136363636,25.2270909090909,24.8624318181818,25.1143409090909,25.0192727272727,24.4797954545455,24.1593863636364,24.0144318181818,23.6778636363636
2021-06-06,9,4,35,11,6,24,26.5038448275862,26.3405689655172,25.9450517241379,25.273724137931,25.4541379310345,25.4095862068966,25.2387586206897,25.1530689655172,24.9021724137931,24.5336896551724,24.3349310344828,23.4790689655173,3.04603448275862,3.01741379310345,2.9898275862069,2.94724137931035,2.93965517241379,2.90431034482759,2.89362068965517,2.89189655172414,2.89465517241379,2.91448275862069,2.90896551724138,2.90534482758621,26.7865,26.2931379310345,26.2193275862069,25.3770689655172,25.0953103448276,25.2671379310345,25.1331896551724,25.0491034482759,24.7983620689655,24.4409482758621,24.4090689655172,23.7793965517241
2021-06-07,6,9,29,7,5,39,27.2561186440678,26.6903728813559,26.396,25.8025254237288,25.5675254237288,25.4202203389831,25.0711016949153,25.2215254237288,25.1985423728814,24.7132203389831,24.6903389830508,24.3183220338983,3.0571186440678,3.0435593220339,3.02627118644068,2.99220338983051,2.96457627118644,2.93610169491525,2.89,2.89084745762712,2.88864406779661,2.89457627118644,2.91016949152542,2.91169491525424,27.4746271186441,26.8149322033898,26.4305084745763,25.9759661016949,25.4204237288135,25.3902881355932,24.9873389830508,24.9925423728814,25.1562711864407,24.7863559322034,24.5129830508475,24.4375593220339
2021-06-08,6,6,28,8,7,22,27.4385306122449,27.0407346938776,26.4931632653061,25.9315918367347,25.4560408163265,25.2939183673469,25.0335918367347,25.1422857142857,24.825387755102,24.81,24.8471836734694,24.4239795918367,3.05204081632653,3.03918367346939,3.02938775510204,3.01612244897959,2.98857142857143,2.94857142857143,2.90979591836735,2.88387755102041,2.87734693877551,2.8865306122449,2.92020408163265,2.90408163265306,27.4955306122449,27.1738571428571,26.6436734693878,26.0754285714286,25.6180204081633,25.2077755102041,25.1645306122449,25.0165918367347,24.6360612244898,24.5748163265306,24.5167346938775,24.5469591836735
2021-06-09,10,9,25,10,5,29,27.7327719298246,27.1387368421053,26.6997894736842,26.3741228070175,25.7387368421053,25.1604210526316,25.1661578947368,25.0834210526316,25.2646140350877,24.8318771929825,24.6001052631579,24.8516842105263,3.06350877192983,3.05631578947369,3.03736842105263,3.02438596491228,2.98859649122807,2.96543859649123,2.94157894736842,2.89456140350877,2.87719298245614,2.86368421052632,2.8819298245614,2.90175438596491,28.0197719298246,27.323701754386,26.820298245614,26.348649122807,25.9840526315789,25.2174035087719,25.0506315789474,24.8832105263158,24.9082807017544,24.729649122807,24.4102105263158,24.3118245614035
2021-06-10,9,2,24,6,4,26,27.5293913043478,26.8209347826087,26.651847826087,26.1836956521739,25.7793043478261,25.0828695652174,25.1704130434783,24.9411304347826,25.1735869565217,24.7030652173913,24.3516956521739,24.5372391304348,3.0504347826087,3.04217391304348,3.03152173913044,3.01,2.97739130434783,2.95760869565217,2.93521739130435,2.90978260869565,2.89630434782609,2.87347826086957,2.88217391304348,2.89826086956522,27.9129130434783,27.0186739130435,26.7122173913043,26.4458913043478,25.917847826087,25.2859565217391,24.9852608695652,24.837,25.1438260869565,24.6920434782609,24.1957173913043,24.0790869565217
2021-06-11,6,8,17,6,6,16,28.2748918918919,27.7101351351351,27.2014054054054,26.4387567567568,25.8172162162162,25.313027027027,25.2156756756757,25.1077297297297,24.9995945945946,25.1148378378378,25.1903243243243,24.9622162162162,3.07918918918919,3.07351351351352,3.06243243243243,3.04783783783784,3.02243243243243,2.99837837837838,2.94783783783784,2.89675675675676,2.86675675675676,2.87216216216216,2.88216216216216,2.9027027027027,28.5886486486486,27.7565135135135,27.2946216216216,26.7297837837838,26.0335945945946,25.4667567567567,25.213972972973,25.1715945945946,24.9654054054054,24.8759459459459,24.7555945945946,25.0317567567568
2021-06-12,8,5,27,8,8,26,27.9458163265306,27.3663469387755,26.7633673469388,26.3788367346939,26.1985918367347,25.4801020408163,25.2217142857143,24.9979795918367,24.9360408163265,25.103612244898,24.5887346938776,24.2056530612245,3.05367346938776,3.04469387755102,3.03877551020408,3.02918367346939,3.01224489795918,2.96632653061225,2.94081632653061,2.91428571428571,2.89632653061224,2.8930612244898,2.88,2.88285714285714,28.1815510204082,27.5592653061224,26.8171836734694,26.3674489795918,26.2100816326531,25.6269591836735,25.2847959183673,24.8942857142857,24.7067551020408,24.9398775510204,24.5628163265306,24.1335510204081
2021-06-13,6,4,15,8,5,16,29.0167058823529,27.9911176470588,27.3183235294118,27.109,26.5033823529412,25.8617647058823,25.3997647058824,25.4494705882353,25.1285294117647,25.3208235294118,24.8418823529412,24.9277941176471,3.07735294117647,3.07705882352941,3.06529411764706,3.05735294117647,3.03294117647059,3.015,2.99088235294118,2.94147058823529,2.89352941176471,2.87235294117647,2.86705882352941,2.88705882352941,29.3621176470588,28.3229411764706,27.5688529411765,27.1938529411765,26.6254411764706,26.1860588235294,25.5450588235294,25.1872941176471,25.0471764705882,25.1143823529412,25.0211764705882,24.7300882352941
2021-06-14,7,7,26,4,6,25,28.6954583333333,27.8465208333333,27.4873958333333,26.8936458333333,26.3981875,25.916875,25.0911458333333,25.1295208333333,25.0888333333333,24.6441041666667,24.7108333333333,24.8569166666667,3.06854166666667,3.06041666666667,3.05666666666667,3.04375,3.035,3.02,2.98395833333333,2.94354166666667,2.89875,2.85729166666667,2.86375,2.87479166666667,29.0374791666667,28.2573541666667,27.5904583333333,26.9231458333333,26.6804166666667,26.1091041666667,25.3815,24.9891666666667,24.98325,24.8303333333333,24.4901041666667,24.2427083333333
2021-06-15,10,4,21,6,5,22,29.0473,28.08794,27.44494,26.75838,26.34366,26.04268,25.66316,25.47396,25.20374,25.12756,25.43298,25.0399,3.08,3.0726,3.062,3.0466,3.0284,3.0076,2.971,2.942,2.919,2.8956,2.903,2.8894,29.23306,28.35286,27.663,26.95036,26.51454,26.13546,25.6467,25.37656,25.21416,24.71284,25.0562,24.9172
2021-06-16,7,8,27,10,6,28,28.9618076923077,28.2486923076923,27.4094807692308,26.8813076923077,26.2442884615385,26.0912692307692,25.60975,25.2424807692308,25.19725,25.0745,24.8728653846154,24.9958846153846,3.0775,3.07480769230769,3.06326923076923,3.04769230769231,3.02653846153846,3.00461538461539,2.97980769230769,2.9375,2.92653846153846,2.88942307692308,2.88865384615385,2.89019230769231,29.2415384615385,28.4406538461538,27.7737115384615,27.2563846153846,26.4563846153846,25.9580769230769,25.9219423076923,25.2258076923077,25.2085,24.86925,24.7962307692308,25.0442115384615
2021-06-17,8,9,32,4,8,32,29.1418387096774,28.3804677419355,27.536,27.0260967741935,26.6051935483871,25.9956774193548,25.8878064516129,25.0547580645161,25.1134032258064,24.8729516129032,24.6951129032258,24.675935483871,3.06790322580645,3.05612903225807,3.04241935483871,3.03612903225807,3.02596774193549,3.01032258064516,2.99564516129032,2.95225806451613,2.92725806451613,2.89290322580645,2.87564516129032,2.87258064516129,29.3908225806451,28.7158225806452,27.8513387096774,27.1734032258064,26.6995,26.2293225806452,25.8988064516129,25.3250322580645,24.9820806451613,24.8227258064516,24.6892258064516,24.4838709677419
2021-06-18,8,5,22,8,7,20,29.075380952381,28.2511666666667,27.6336428571429,27.1980476190476,26.788119047619,26.138619047619,25.7893571428571,25.0769761904762,24.9780476190476,24.9747380952381,24.3533571428571,24.2952380952381,3.06285714285714,3.04833333333334,3.03976190476191,3.02880952380953,3.02,3.00690476190476,2.99119047619048,2.96642857142857,2.93166666666667,2.89833333333333,2.85357142857143,2.85785714285714,29.3696666666667,28.4900952380952,27.8124047619048,27.2302142857143,26.7926666666667,26.3668333333333,25.7409047619047,25.305119047619,24.8279761904762,24.8715476190476,24.4704523809524,24.1453571428571
2021-06-19,5,4,24,4,4,29,29.9583555555555,29.2367111111111,28.4935555555556,27.7325777777778,26.8970222222222,26.6893333333333,26.2462888888889,25.6869777777778,25.3910888888889,25.3698666666667,25.2159777777778,25.5516222222222,3.08311111111111,3.08088888888889,3.07933333333334,3.07044444444445,3.058,3.03911111111111,3.01511111111111,2.98333333333333,2.96466666666667,2.92844444444444,2.90266666666667,2.90288888888889,30.1287777777778,29.4107111111111,28.8238888888889,27.926,27.2781333333333,26.7323777777778,26.206,25.9738666666667,25.5914888888889,25.1458,24.9363777777778,25.1607111111111
2021-06-20,10,4,22,9,6,19,30.4806304347826,29.834347826087,28.9191304347826,28.1165869565217,27.3591304347826,26.8657173913043,26.3463695652174,25.9828043478261,25.2938913043478,25.3657608695652,25.1357826086956,25.3889565217391,3.08195652173913,3.08021739130435,3.07760869565218,3.07586956521739,3.06804347826087,3.05391304347826,3.03695652173913,3.00782608695652,2.98347826086957,2.95086956521739,2.90521739130435,2.88369565217391,30.5369565217391,30.0608695652174,29.2878478260869,28.4019130434783,27.7261739130435,27.0407173913043,26.6780217391304,26.2189565217391,25.577847826087,25.3591304347826,24.9890652173913,24.9168695652174
2021-06-21,7,6,30,7,6,23,30.5256041666667,29.604375,28.9226875,28.1965208333333,27.3200833333333,26.8820833333333,26.2925208333333,25.857,25.37575,25.0581458333333,24.8410416666667,25.1120416666667,3.07708333333334,3.07291666666667,3.068125,3.05895833333334,3.05291666666667,3.05166666666667,3.025,3.00416666666667,2.97395833333333,2.929375,2.90229166666667,2.87625,30.526125,29.8137291666667,29.2070625,28.4956458333333,27.52275,27.0705833333333,26.6203958333333,25.8565208333333,25.6914583333333,25.0725625,24.7963125,24.8538125
2021-06-22,3,10,19,4,5,21,30.3458974358974,29.6377435897436,28.862,27.9594871794872,27.2566666666667,26.8437435897436,26.3381794871795,25.9357692307692,25.4791282051282,25.2300512820513,25.1297692307692,25.1242051282051,3.08,3.08,3.07615384615385,3.07128205128205,3.0525641025641,3.03538461538462,3.02384615384616,3.00564102564103,2.98358974358974,2.95282051282051,2.91230769230769,2.88358974358974,30.3589230769231,29.9152051282051,29.0632564102564,28.1360769230769,27.5923333333333,27.0212051282051,26.3891025641026,26.0231282051282,25.5535384615385,25.4094358974359,24.9705897435897,24.7566666666667
2021-06-23,4,2,18,4,4,20,30.2400555555556,29.4870277777778,28.6904166666667,28.0116944444444,27.2661666666667,26.5798055555556,26.1228611111111,25.6916111111111,25.5156111111111,25.2745833333333,25.27825,25.0186666666667,3.08333333333334,3.08194444444445,3.07972222222222,3.07555555555556,3.05833333333334,3.04333333333333,3.01083333333333,2.98472222222222,2.9575,2.9275,2.89444444444444,2.88444444444444,30.3115277777778,29.6868888888889,28.7762777777778,28.1780833333333,27.4628611111111,26.7737777777778,26.1612222222222,25.5940277777778,25.5269444444444,25.3648611111111,24.8026111111111,24.6671666666667
2021-06-24,3,5,19,1,6,19,30.7502941176471,29.9803235294118,29.3622941176471,28.7702647058823,27.6967352941176,27.1390294117647,26.7837058823529,26.6436470588235,26.0969705882353,25.5604411764706,25.2358235294118,25.2698235294118,3.09,3.08470588235294,3.07235294117647,3.0614705882353,3.05,3.04588235294118,3.03117647058824,3.01029411764706,2.98029411764706,2.96588235294118,2.95882352941177,2.94029411764706,30.4378235294118,29.9127352941177,29.5474411764706,28.9515294117647,27.9677941176471,27.2975,26.7122941176471,26.7352647058823,26.2271764705882,25.6978529411765,25.4191470588235,25.181
2021-06-25,8,4,22,9,8,19,31.6210243902439,31.0486829268293,29.9759512195122,29.3017804878049,28.4699756097561,27.8269268292683,27.2530975609756,26.4669512195122,26.1407317073171,25.7388292682927,25.2001219512195,25.3712195121951,3.08439024390244,3.08756097560976,3.08487804878049,3.07951219512195,3.07390243902439,3.07170731707317,3.06512195121951,3.05707317073171,3.03878048780488,2.99439024390244,2.94634146341463,2.92243902439024,31.4486829268293,30.9852926829268,30.2553658536585,29.4975609756098,28.6181951219512,28.1754634146341,27.4871951219512,26.6169756097561,26.2525853658536,25.8711951219512,25.3272682926829,25.2794146341463
2021-06-26,9,6,25,11,8,19,31.5633695652174,30.9512391304348,30.2688043478261,29.4533043478261,28.6982391304348,28.0577173913043,27.3855434782609,26.8801739130435,26.556847826087,26.100347826087,25.4545652173913,25.1184565217391,3.08456521739131,3.08086956521739,3.07630434782609,3.06847826086957,3.06173913043478,3.05369565217391,3.04,3.04108695652174,3.02869565217391,3.00978260869565,2.99260869565217,2.96760869565217,31.0534782608696,30.6367826086957,30.2511956521739,29.6337173913043,28.9597173913043,28.3444565217391,27.5106739130435,26.9633260869565,26.7874782608696,26.2011086956522,25.7347173913043,25.2559782608696
2021-06-27,7,4,23,3,4,24,30.5582745098039,30.1064117647059,29.3392549019608,28.5292352941177,27.753862745098,27.3507254901961,26.7823529411765,26.0929803921569,25.5832745098039,25.1925882352941,24.7880980392157,24.9203725490196,3.06078431372549,3.06117647058824,3.06137254901961,3.05607843137255,3.0521568627451,3.04607843137255,3.04039215686275,3.01137254901961,3.00156862745098,2.95549019607843,2.92843137254902,2.91019607843137,30.3698235294118,29.9487647058823,29.5247843137255,28.8231568627451,28.0208431372549,27.4773137254902,27.0822745098039,26.3299411764706,25.8312941176471,25.273,24.9623725490196,24.927568627451
2021-06-28,6,5,18,6,3,22,32.164,31.6108648648649,30.8148918918919,29.889054054054,28.8601621621622,28.1576486486486,27.6152972972973,27.1187027027027,26.4912702702703,25.7143783783784,25.408,25.033,3.0745945945946,3.07621621621622,3.0727027027027,3.07054054054054,3.07,3.06378378378379,3.06513513513514,3.06297297297298,3.05,3.03081081081081,2.99216216216216,2.94810810810811,31.5240540540541,31.2843783783784,30.9246486486486,30.1644864864865,29.1330810810811,28.4233243243243,27.7907027027027,27.3758378378378,26.6877567567567,25.9134864864865,25.5597297297297,25.1711351351351
2021-06-29,0,3,3,2,3,3,32.208,31.6066,30.7378,29.8644,28.7421,28.222,27.9144,27.1442,26.5168,26.056,26.0581,25.6295,3.09,3.09,3.09,3.09,3.09,3.065,3.048,3.037,3.033,3.038,3.019,2.952,31.5123,31.1488,31.0629,30.0513,29.017,28.4411,27.6905,27.5671,26.8333,25.8057,26.0443,25.7588
