Atime,D_EU,D_NA,D_AS,A_EU,A_NA,A_AS,Eur_Spot_12,Eur_Spot_9,Eur_Spot_6,Eur_Spot_3,Eur_Spot_0,Eur_Spot_-3,Eur_Spot_-6,Eur_Spot_-9,Eur_Spot_-12,Eur_Spot_-15,Eur_Spot_-18,Eur_Spot_-21,US_Spot_12,US_Spot_9,US_Spot_6,US_Spot_3,US_Spot_0,US_Spot_-3,US_Spot_-6,US_Spot_-9,US_Spot_-12,US_Spot_-15,US_Spot_-18,US_Spot_-21,Asia_Fut_12,Asia_Fut_9,Asia_Fut_6,Asia_Fut_3,Asia_Fut_0,Asia_Fut_-3,Asia_Fut_-6,Asia_Fut_-9,Asia_Fut_-12,Asia_Fut_-15,Asia_Fut_-18,Asia_Fut_-21,Eur_Fut_12,Eur_Fut_9,Eur_Fut_6,Eur_Fut_3,Eur_Fut_0,Eur_Fut_-3,Eur_Fut_-6,Eur_Fut_-9,Eur_Fut_-12,Eur_Fut_-15,Eur_Fut_-18,Eur_Fut_-21
2021-02-12,0,1,2,0,1,2,16.009,16.625,16.743,17.671,18.016,20.853,18.787,18.347,18.394,18.394,18.394,18.394,2.8,3.16,8.56,11.32,6.12,3.35,3.49,3.01,2.88,2.76,2.63,2.45,9.06,9.06,9.06,9.06,9.06,9.06,9.06,9.06,9.06,9.06,9.06,9.06,16.353,15.973,17.356,16.568,17.599,19.109,20.157,20.157,20.157,20.157,20.157,20.157
2021-02-13,1,1,2,1,1,1,16.068,16.697,16.884,16.783,17.664,19.791,18.787,17.674,18.394,18.394,18.394,18.394,2.72,3.16,4.96,11.32,6.12,3.76,3.4,2.99,2.88,2.68,2.73,2.45,9.06,9.06,9.06,9.06,9.06,9.06,9.06,9.06,9.06,9.06,9.06,9.06,15.904,15.973,16.552,16.688,17.599,18.581,20.157,20.157,20.157,20.157,20.157,20.157
2021-02-14,0,2,0,0,2,0,16.077,15.841,16.625,16.532,17.664,19.598,18.94,18.227,18.394,18.394,18.394,18.394,2.66,2.94,4.96,23.86,6.12,6.5,3.4,3.49,3.24,2.68,2.77,2.63,9.06,9.06,9.06,9.06,9.06,9.06,9.06,9.06,9.06,9.06,9.06,9.06,15.722,16.258,16.552,16.554,16.568,17.401,20.157,20.157,20.157,20.157,20.157,20.157
2021-02-15,1,1,3,1,1,3,15.839,16.009,16.625,16.743,17.671,18.016,20.853,18.787,18.347,18.394,18.394,18.394,2.66,2.8,3.16,8.56,11.32,6.12,3.35,3.49,3.01,2.88,2.76,2.63,9.06,9.06,9.06,9.06,9.06,9.06,9.06,9.06,9.06,9.06,9.06,9.06,15.722,16.353,15.973,17.356,16.568,17.599,19.109,20.157,20.157,20.157,20.157,20.157
2021-02-16,0,2,4,0,2,4,15.839,16.068,16.697,16.884,16.783,17.664,19.791,18.787,17.674,18.394,18.394,18.394,2.7,2.72,3.16,4.96,11.32,6.12,3.76,3.4,2.99,2.88,2.68,2.73,9.06,9.06,9.06,9.06,9.06,9.06,9.06,9.06,9.06,9.06,9.06,9.06,16.05,15.904,15.973,16.552,16.688,17.599,18.581,20.157,20.157,20.157,20.157,20.157
2021-02-17,0,1,5,0,1,5,15.885,16.077,15.841,16.625,16.532,17.664,19.598,18.94,18.227,18.394,18.394,18.394,2.7,2.66,2.94,4.96,23.86,6.12,6.5,3.4,3.49,3.24,2.68,2.77,9.06,9.06,9.06,9.06,9.06,9.06,9.06,9.06,9.06,9.06,9.06,9.06,16.05,15.722,16.258,16.552,16.554,16.568,17.401,20.157,20.157,20.157,20.157,20.157
2021-02-18,0,0,8,0,0,8,16.322,15.839,16.009,16.625,16.743,17.671,18.016,20.853,18.787,18.347,18.394,18.394,2.87,2.66,2.8,3.16,8.56,11.32,6.12,3.35,3.49,3.01,2.88,2.76,9.06,9.06,9.06,9.06,9.06,9.06,9.06,9.06,9.06,9.06,9.06,9.06,15.89,15.722,16.353,15.973,17.356,16.568,17.599,19.109,20.157,20.157,20.157,20.157
2021-02-19,0,2,2,0,2,2,16.255,15.839,16.068,16.697,16.884,16.783,17.664,19.791,18.787,17.674,18.394,18.394,2.86,2.7,2.72,3.16,4.96,11.32,6.12,3.76,3.4,2.99,2.88,2.68,9.06,9.06,9.06,9.06,9.06,9.06,9.06,9.06,9.06,9.06,9.06,9.06,15.558,16.05,15.904,15.973,16.552,16.688,17.599,18.581,20.157,20.157,20.157,20.157
2021-02-20,0,0,3,1,0,2,15.915,15.885,16.077,15.841,16.625,16.532,17.664,19.598,18.94,18.227,18.394,18.394,2.79,2.7,2.66,2.94,4.96,23.86,6.12,6.5,3.4,3.49,3.24,2.68,9.06,9.06,9.06,9.06,9.06,9.06,9.06,9.06,9.06,9.06,9.06,9.06,15.981,16.05,15.722,16.258,16.552,16.554,16.568,17.401,20.157,20.157,20.157,20.157
2021-02-21,0,2,9,0,2,9,16.235,16.322,15.839,16.009,16.625,16.743,17.671,18.016,20.853,18.787,18.347,18.394,2.72,2.87,2.66,2.8,3.16,8.56,11.32,6.12,3.35,3.49,3.01,2.88,9.06,9.06,9.06,9.06,9.06,9.06,9.06,9.06,9.06,9.06,9.06,9.06,16.368,15.89,15.722,16.353,15.973,17.356,16.568,17.599,19.109,20.157,20.157,20.157
2021-02-22,0,6,7,1,6,7,16.569,16.255,15.839,16.068,16.697,16.884,16.783,17.664,19.791,18.787,17.674,18.394,2.72,2.86,2.7,2.72,3.16,4.96,11.32,6.12,3.76,3.4,2.99,2.88,9.06,9.06,9.06,9.06,9.06,9.06,9.06,9.06,9.06,9.06,9.06,9.06,16.368,15.558,16.05,15.904,15.973,16.552,16.688,17.599,18.581,20.157,20.157,20.157
2021-02-23,0,1,8,0,0,10,16.569,15.915,15.885,16.077,15.841,16.625,16.532,17.664,19.598,18.94,18.227,18.394,2.67,2.79,2.7,2.66,2.94,4.96,23.86,6.12,6.5,3.4,3.49,3.24,9.06,9.06,9.06,9.06,9.06,9.06,9.06,9.06,9.06,9.06,9.06,9.06,16.155,15.981,16.05,15.722,16.258,16.552,16.554,16.568,17.401,20.157,20.157,20.157
2021-02-24,2,6,7,2,5,8,16.601,16.235,16.322,15.839,16.009,16.625,16.743,17.671,18.016,20.853,18.787,18.347,2.67,2.72,2.87,2.66,2.8,3.16,8.56,11.32,6.12,3.35,3.49,3.01,9.06,9.06,9.06,9.06,9.06,9.06,9.06,9.06,9.06,9.06,9.06,9.06,16.155,16.368,15.89,15.722,16.353,15.973,17.356,16.568,17.599,19.109,20.157,20.157
2021-02-25,0,2,4,0,2,5,16.729,16.569,16.255,15.839,16.068,16.697,16.884,16.783,17.664,19.791,18.787,17.674,2.62,2.72,2.86,2.7,2.72,3.16,4.96,11.32,6.12,3.76,3.4,2.99,9.06,9.06,9.06,9.06,9.06,9.06,9.06,9.06,9.06,9.06,9.06,9.06,16.925,16.368,15.558,16.05,15.904,15.973,16.552,16.688,17.599,18.581,20.157,20.157
2021-02-26,3,3,6,3,3,4,17.103,16.569,15.915,15.885,16.077,15.841,16.625,16.532,17.664,19.598,18.94,18.227,2.62,2.67,2.79,2.7,2.66,2.94,4.96,23.86,6.12,6.5,3.4,3.49,9.06,9.06,9.06,9.06,9.06,9.06,9.06,9.06,9.06,9.06,9.06,9.06,17.561,16.155,15.981,16.05,15.722,16.258,16.552,16.554,16.568,17.401,20.157,20.157
2021-02-27,1,6,11,2,5,9,17.709,16.601,16.235,16.322,15.839,16.009,16.625,16.743,17.671,18.016,20.853,18.787,2.7,2.67,2.72,2.87,2.66,2.8,3.16,8.56,11.32,6.12,3.35,3.49,9.06,9.06,9.06,9.06,9.06,9.06,9.06,9.06,9.06,9.06,9.06,9.06,18.138,16.155,16.368,15.89,15.722,16.353,15.973,17.356,16.568,17.599,19.109,20.157
2021-02-28,0,2,5,1,2,6,17.97,16.729,16.569,16.255,15.839,16.068,16.697,16.884,16.783,17.664,19.791,18.787,2.65,2.62,2.72,2.86,2.7,2.72,3.16,4.96,11.32,6.12,3.76,3.4,9.06,9.06,9.06,9.06,9.06,9.06,9.06,9.06,9.06,9.06,9.06,9.06,18.454,16.925,16.368,15.558,16.05,15.904,15.973,16.552,16.688,17.599,18.581,20.157
2021-03-01,2,1,2,2,1,5,18.353,17.103,16.569,15.915,15.885,16.077,15.841,16.625,16.532,17.664,19.598,18.94,2.65,2.62,2.67,2.79,2.7,2.66,2.94,4.96,23.86,6.12,6.5,3.4,9.06,9.06,9.06,9.06,9.06,9.06,9.06,9.06,9.06,9.06,9.06,9.06,18.454,17.561,16.155,15.981,16.05,15.722,16.258,16.552,16.554,16.568,17.401,20.157
2021-03-02,1,5,10,4,5,7,18.353,17.709,16.601,16.235,16.322,15.839,16.009,16.625,16.743,17.671,18.016,20.853,2.58,2.7,2.67,2.72,2.87,2.66,2.8,3.16,8.56,11.32,6.12,3.35,9.06,9.06,9.06,9.06,9.06,9.06,9.06,9.06,9.06,9.06,9.06,9.06,17.911,18.138,16.155,16.368,15.89,15.722,16.353,15.973,17.356,16.568,17.599,19.109
2021-03-03,1,3,14,0,3,15,18.42,17.97,16.729,16.569,16.255,15.839,16.068,16.697,16.884,16.783,17.664,19.791,2.58,2.65,2.62,2.72,2.86,2.7,2.72,3.16,4.96,11.32,6.12,3.76,9.06,9.06,9.06,9.06,9.06,9.06,9.06,9.06,9.06,9.06,9.06,9.06,17.911,18.454,16.925,16.368,15.558,16.05,15.904,15.973,16.552,16.688,17.599,18.581
2021-03-04,2,4,13,3,2,12,18.564,18.353,17.103,16.569,15.915,15.885,16.077,15.841,16.625,16.532,17.664,19.598,2.5,2.65,2.62,2.67,2.79,2.7,2.66,2.94,4.96,23.86,6.12,6.5,9.06,9.06,9.06,9.06,9.06,9.06,9.06,9.06,9.06,9.06,9.06,9.06,17.66,18.454,17.561,16.155,15.981,16.05,15.722,16.258,16.552,16.554,16.568,17.401
2021-03-05,1,2,14,1,2,13,17.803,18.353,17.709,16.601,16.235,16.322,15.839,16.009,16.625,16.743,17.671,18.016,2.6,2.58,2.7,2.67,2.72,2.87,2.66,2.8,3.16,8.56,11.32,6.12,9.06,9.06,9.06,9.06,9.06,9.06,9.06,9.06,9.06,9.06,9.06,9.06,17.999,17.911,18.138,16.155,16.368,15.89,15.722,16.353,15.973,17.356,16.568,17.599
2021-03-06,6,4,15,7,2,16,18.061,18.42,17.97,16.729,16.569,16.255,15.839,16.068,16.697,16.884,16.783,17.664,2.45,2.58,2.65,2.62,2.72,2.86,2.7,2.72,3.16,4.96,11.32,6.12,9.06,9.06,9.06,9.06,9.06,9.06,9.06,9.06,9.06,9.06,9.06,9.06,17.749,17.911,18.454,16.925,16.368,15.558,16.05,15.904,15.973,16.552,16.688,17.599
2021-03-07,4,7,12,3,7,14,18.347,18.564,18.353,17.103,16.569,15.915,15.885,16.077,15.841,16.625,16.532,17.664,2.53,2.5,2.65,2.62,2.67,2.79,2.7,2.66,2.94,4.96,23.86,6.12,9.06,9.06,9.06,9.06,9.06,9.06,9.06,9.06,9.06,9.06,9.06,9.06,17.262,17.66,18.454,17.561,16.155,15.981,16.05,15.722,16.258,16.552,16.554,16.568
2021-03-08,2,6,14,2,5,13,17.664,17.803,18.353,17.709,16.601,16.235,16.322,15.839,16.009,16.625,16.743,17.671,2.53,2.6,2.58,2.7,2.67,2.72,2.87,2.66,2.8,3.16,8.56,11.32,9.06,9.06,9.06,9.06,9.06,9.06,9.06,9.06,9.06,9.06,9.06,9.06,17.262,17.999,17.911,18.138,16.155,16.368,15.89,15.722,16.353,15.973,17.356,16.568
2021-03-09,5,8,14,7,6,14,17.664,18.061,18.42,17.97,16.729,16.569,16.255,15.839,16.068,16.697,16.884,16.783,2.55,2.45,2.58,2.65,2.62,2.72,2.86,2.7,2.72,3.16,4.96,11.32,9.06,9.06,9.06,9.06,9.06,9.06,9.06,9.06,9.06,9.06,9.06,9.06,18.008,17.749,17.911,18.454,16.925,16.368,15.558,16.05,15.904,15.973,16.552,16.688
2021-03-10,4,8,17,3,7,14,17.737,18.347,18.564,18.353,17.103,16.569,15.915,15.885,16.077,15.841,16.625,16.532,2.55,2.53,2.5,2.65,2.62,2.67,2.79,2.7,2.66,2.94,4.96,23.86,9.06,9.06,9.06,9.06,9.06,9.06,9.06,9.06,9.06,9.06,9.06,9.06,18.008,17.262,17.66,18.454,17.561,16.155,15.981,16.05,15.722,16.258,16.552,16.554
2021-03-11,4,9,14,4,10,15,18.137,17.664,17.803,18.353,17.709,16.601,16.235,16.322,15.839,16.009,16.625,16.743,2.56,2.53,2.6,2.58,2.7,2.67,2.72,2.87,2.66,2.8,3.16,8.56,9.06,9.06,9.06,9.06,9.06,9.06,9.06,9.06,9.06,9.06,9.06,9.06,18.38,17.262,17.999,17.911,18.138,16.155,16.368,15.89,15.722,16.353,15.973,17.356
2021-03-12,1,4,8,0,4,9,18.257,17.664,18.061,18.42,17.97,16.729,16.569,16.255,15.839,16.068,16.697,16.884,2.56,2.55,2.45,2.58,2.65,2.62,2.72,2.86,2.7,2.72,3.16,4.96,9.06,9.06,9.06,9.06,9.06,9.06,9.06,9.06,9.06,9.06,9.06,9.06,18.568,18.008,17.749,17.911,18.454,16.925,16.368,15.558,16.05,15.904,15.973,16.552
2021-03-13,2,11,24,10,6,20,18.662,17.737,18.347,18.564,18.353,17.103,16.569,15.915,15.885,16.077,15.841,16.625,2.52,2.55,2.53,2.5,2.65,2.62,2.67,2.79,2.7,2.66,2.94,4.96,9.06,9.06,9.06,9.06,9.06,9.06,9.06,9.06,9.06,9.06,9.06,9.06,18.363,18.008,17.262,17.66,18.454,17.561,16.155,15.981,16.05,15.722,16.258,16.552
2021-03-14,6,2,18,6,1,13,18.494,18.137,17.664,17.803,18.353,17.709,16.601,16.235,16.322,15.839,16.009,16.625,2.52,2.56,2.53,2.6,2.58,2.7,2.67,2.72,2.87,2.66,2.8,3.16,9.06,9.06,9.06,9.06,9.06,9.06,9.06,9.06,9.06,9.06,9.06,9.06,18.68,18.38,17.262,17.999,17.911,18.138,16.155,16.368,15.89,15.722,16.353,15.973
2021-03-15,5,9,18,7,8,22,18.585,18.257,17.664,18.061,18.42,17.97,16.729,16.569,16.255,15.839,16.068,16.697,2.52,2.56,2.55,2.45,2.58,2.65,2.62,2.72,2.86,2.7,2.72,3.16,9.06,9.06,9.06,9.06,9.06,9.06,9.06,9.06,9.06,9.06,9.06,9.06,18.68,18.568,18.008,17.749,17.911,18.454,16.925,16.368,15.558,16.05,15.904,15.973
2021-03-16,1,8,24,3,8,19,18.585,18.662,17.737,18.347,18.564,18.353,17.103,16.569,15.915,15.885,16.077,15.841,2.58,2.52,2.55,2.53,2.5,2.65,2.62,2.67,2.79,2.7,2.66,2.94,9.06,9.06,9.06,9.06,9.06,9.06,9.06,9.06,9.06,9.06,9.06,9.06,18.445,18.363,18.008,17.262,17.66,18.454,17.561,16.155,15.981,16.05,15.722,16.258
2021-03-17,7,3,13,9,4,13,18.628,18.494,18.137,17.664,17.803,18.353,17.709,16.601,16.235,16.322,15.839,16.009,2.58,2.52,2.56,2.53,2.6,2.58,2.7,2.67,2.72,2.87,2.66,2.8,9.06,9.06,9.06,9.06,9.06,9.06,9.06,9.06,9.06,9.06,9.06,9.06,18.445,18.68,18.38,17.262,17.999,17.911,18.138,16.155,16.368,15.89,15.722,16.353
2021-03-18,5,9,16,4,9,18,18.332,18.585,18.257,17.664,18.061,18.42,17.97,16.729,16.569,16.255,15.839,16.068,2.55,2.52,2.56,2.55,2.45,2.58,2.65,2.62,2.72,2.86,2.7,2.72,9.06,9.06,9.06,9.06,9.06,9.06,9.06,9.06,9.06,9.06,9.06,9.06,18.84,18.68,18.568,18.008,17.749,17.911,18.454,16.925,16.368,15.558,16.05,15.904
2021-03-19,3,7,25,8,7,25,18.607,18.585,18.662,17.737,18.347,18.564,18.353,17.103,16.569,15.915,15.885,16.077,2.52,2.58,2.52,2.55,2.53,2.5,2.65,2.62,2.67,2.79,2.7,2.66,9.06,9.06,9.06,9.06,9.06,9.06,9.06,9.06,9.06,9.06,9.06,9.06,18.967,18.445,18.363,18.008,17.262,17.66,18.454,17.561,16.155,15.981,16.05,15.722
2021-03-20,3,7,17,1,9,17,19.065,18.628,18.494,18.137,17.664,17.803,18.353,17.709,16.601,16.235,16.322,15.839,2.52,2.58,2.52,2.56,2.53,2.6,2.58,2.7,2.67,2.72,2.87,2.66,9.06,9.06,9.06,9.06,9.06,9.06,9.06,9.06,9.06,9.06,9.06,9.06,19.159,18.445,18.68,18.38,17.262,17.999,17.911,18.138,16.155,16.368,15.89,15.722
2021-03-21,6,6,17,11,5,15,19.175,18.332,18.585,18.257,17.664,18.061,18.42,17.97,16.729,16.569,16.255,15.839,2.52,2.55,2.52,2.56,2.55,2.45,2.58,2.65,2.62,2.72,2.86,2.7,9.06,9.06,9.06,9.06,9.06,9.06,9.06,9.06,9.06,9.06,9.06,9.06,19.159,18.84,18.68,18.568,18.008,17.749,17.911,18.454,16.925,16.368,15.558,16.05
2021-03-22,5,5,19,7,8,18,19.175,18.607,18.585,18.662,17.737,18.347,18.564,18.353,17.103,16.569,15.915,15.885,2.52,2.52,2.58,2.52,2.55,2.53,2.5,2.65,2.62,2.67,2.79,2.7,9.06,9.06,9.06,9.06,9.06,9.06,9.06,9.06,9.06,9.06,9.06,9.06,19.159,18.967,18.445,18.363,18.008,17.262,17.66,18.454,17.561,16.155,15.981,16.05
2021-03-23,9,13,25,12,11,29,19.175,19.065,18.628,18.494,18.137,17.664,17.803,18.353,17.709,16.601,16.235,16.322,2.43,2.52,2.58,2.52,2.56,2.53,2.6,2.58,2.7,2.67,2.72,2.87,9.06,9.06,9.06,9.06,9.06,9.06,9.06,9.06,9.06,9.06,9.06,9.06,19.794,19.159,18.445,18.68,18.38,17.262,17.999,17.911,18.138,16.155,16.368,15.89
2021-03-24,7,8,21,9,5,20,19.175,19.175,18.332,18.585,18.257,17.664,18.061,18.42,17.97,16.729,16.569,16.255,2.43,2.52,2.55,2.52,2.56,2.55,2.45,2.58,2.65,2.62,2.72,2.86,9.06,9.06,9.06,9.06,9.06,9.06,9.06,9.06,9.06,9.06,9.06,9.06,19.794,19.159,18.84,18.68,18.568,18.008,17.749,17.911,18.454,16.925,16.368,15.558
2021-03-25,9,6,16,9,9,22,19.245,19.175,18.607,18.585,18.662,17.737,18.347,18.564,18.353,17.103,16.569,15.915,2.44,2.52,2.52,2.58,2.52,2.55,2.53,2.5,2.65,2.62,2.67,2.79,9.06,9.06,9.06,9.06,9.06,9.06,9.06,9.06,9.06,9.06,9.06,9.06,19.794,19.159,18.967,18.445,18.363,18.008,17.262,17.66,18.454,17.561,16.155,15.981
2021-03-26,4,12,23,5,11,21,20.103,19.175,19.065,18.628,18.494,18.137,17.664,17.803,18.353,17.709,16.601,16.235,2.43,2.43,2.52,2.58,2.52,2.56,2.53,2.6,2.58,2.7,2.67,2.72,9.06,9.06,9.06,9.06,9.06,9.06,9.06,9.06,9.06,9.06,9.06,9.06,19.303,19.794,19.159,18.445,18.68,18.38,17.262,17.999,17.911,18.138,16.155,16.368
2021-03-27,7,8,19,10,7,20,20.074,19.175,19.175,18.332,18.585,18.257,17.664,18.061,18.42,17.97,16.729,16.569,2.47,2.43,2.52,2.55,2.52,2.56,2.55,2.45,2.58,2.65,2.62,2.72,9.06,9.06,9.06,9.06,9.06,9.06,9.06,9.06,9.06,9.06,9.06,9.06,19.03,19.794,19.159,18.84,18.68,18.568,18.008,17.749,17.911,18.454,16.925,16.368
2021-03-28,4,9,21,6,9,22,19.75,19.245,19.175,18.607,18.585,18.662,17.737,18.347,18.564,18.353,17.103,16.569,2.48,2.44,2.52,2.52,2.58,2.52,2.55,2.53,2.5,2.65,2.62,2.67,9.06,9.06,9.06,9.06,9.06,9.06,9.06,9.06,9.06,9.06,9.06,9.06,18.943,19.794,19.159,18.967,18.445,18.363,18.008,17.262,17.66,18.454,17.561,16.155
2021-03-29,10,7,23,9,10,26,19.312,20.103,19.175,19.065,18.628,18.494,18.137,17.664,17.803,18.353,17.709,16.601,2.48,2.43,2.43,2.52,2.58,2.52,2.56,2.53,2.6,2.58,2.7,2.67,9.06,9.06,9.06,9.06,9.06,9.06,9.06,9.06,9.06,9.06,9.06,9.06,18.943,19.303,19.794,19.159,18.445,18.68,18.38,17.262,17.999,17.911,18.138,16.155
2021-03-30,5,8,23,5,7,23,19.312,20.074,19.175,19.175,18.332,18.585,18.257,17.664,18.061,18.42,17.97,16.729,2.5,2.47,2.43,2.52,2.55,2.52,2.56,2.55,2.45,2.58,2.65,2.62,9.06,9.06,9.06,9.06,9.06,9.06,9.06,9.06,9.06,9.06,9.06,9.06,19.651,19.03,19.794,19.159,18.84,18.68,18.568,18.008,17.749,17.911,18.454,16.925
2021-03-31,8,11,22,9,9,22,19.476,19.75,19.245,19.175,18.607,18.585,18.662,17.737,18.347,18.564,18.353,17.103,2.5,2.48,2.44,2.52,2.52,2.58,2.52,2.55,2.53,2.5,2.65,2.62,9.06,9.06,9.06,9.06,9.06,9.06,9.06,9.06,9.06,9.06,9.06,9.06,19.651,18.943,19.794,19.159,18.967,18.445,18.363,18.008,17.262,17.66,18.454,17.561
2021-04-01,6,12,21,7,10,23,20.276,19.312,20.103,19.175,19.065,18.628,18.494,18.137,17.664,17.803,18.353,17.709,2.57,2.48,2.43,2.43,2.52,2.58,2.52,2.56,2.53,2.6,2.58,2.7,9.06,9.06,9.06,9.06,9.06,9.06,9.06,9.06,9.06,9.06,9.06,9.06,19.469,18.943,19.303,19.794,19.159,18.445,18.68,18.38,17.262,17.999,17.911,18.138
2021-04-02,9,11,34,9,11,37,20.408,19.312,20.074,19.175,19.175,18.332,18.585,18.257,17.664,18.061,18.42,17.97,2.65,2.5,2.47,2.43,2.52,2.55,2.52,2.56,2.55,2.45,2.58,2.65,9.06,9.06,9.06,9.06,9.06,9.06,9.06,9.06,9.06,9.06,9.06,9.06,19.634,19.651,19.03,19.794,19.159,18.84,18.68,18.568,18.008,17.749,17.911,18.454
2021-04-03,8,7,25,10,9,25,20.338,19.476,19.75,19.245,19.175,18.607,18.585,18.662,17.737,18.347,18.564,18.353,2.62,2.5,2.48,2.44,2.52,2.52,2.58,2.52,2.55,2.53,2.5,2.65,9.06,9.06,9.06,9.06,9.06,9.06,9.06,9.06,9.06,9.06,9.06,9.06,20.225,19.651,18.943,19.794,19.159,18.967,18.445,18.363,18.008,17.262,17.66,18.454
2021-04-04,5,5,19,2,6,15,20.618,20.276,19.312,20.103,19.175,19.065,18.628,18.494,18.137,17.664,17.803,18.353,2.63,2.57,2.48,2.43,2.43,2.52,2.58,2.52,2.56,2.53,2.6,2.58,9.06,9.06,9.06,9.06,9.06,9.06,9.06,9.06,9.06,9.06,9.06,9.06,20.551,19.469,18.943,19.303,19.794,19.159,18.445,18.68,18.38,17.262,17.999,17.911
2021-04-05,9,9,43,9,10,35,21.027,20.408,19.312,20.074,19.175,19.175,18.332,18.585,18.257,17.664,18.061,18.42,2.63,2.65,2.5,2.47,2.43,2.52,2.55,2.52,2.56,2.55,2.45,2.58,9.05999999999999,9.05999999999999,9.05999999999999,9.05999999999999,9.05999999999999,9.05999999999999,9.05999999999999,9.05999999999999,9.05999999999999,9.05999999999999,9.05999999999999,9.05999999999999,20.551,19.634,19.651,19.03,19.794,19.159,18.84,18.68,18.568,18.008,17.749,17.911
2021-04-06,5,13,23,10,10,20,21.027,20.338,19.476,19.75,19.245,19.175,18.607,18.585,18.662,17.737,18.347,18.564,2.75,2.62,2.5,2.48,2.44,2.52,2.52,2.58,2.52,2.55,2.53,2.5,9.06,9.06,9.06,9.06,9.06,9.06,9.06,9.06,9.06,9.06,9.06,9.06,20.938,20.225,19.651,18.943,19.794,19.159,18.967,18.445,18.363,18.008,17.262,17.66
2021-04-07,9,8,26,9,3,33,21.042,20.618,20.276,19.312,20.103,19.175,19.065,18.628,18.494,18.137,17.664,17.803,2.75,2.63,2.57,2.48,2.43,2.43,2.52,2.58,2.52,2.56,2.53,2.6,9.06,9.06,9.06,9.06,9.06,9.06,9.06,9.06,9.06,9.06,9.06,9.06,20.938,20.551,19.469,18.943,19.303,19.794,19.159,18.445,18.68,18.38,17.262,17.999
2021-04-08,12,9,22,9,10,23,21.444,21.027,20.408,19.312,20.074,19.175,19.175,18.332,18.585,18.257,17.664,18.061,2.76,2.63,2.65,2.5,2.47,2.43,2.52,2.55,2.52,2.56,2.55,2.45,9.06,9.06,9.06,9.06,9.06,9.06,9.06,9.06,9.06,9.06,9.06,9.06,21.069,20.551,19.634,19.651,19.03,19.794,19.159,18.84,18.68,18.568,18.008,17.749
2021-04-09,12,8,31,8,7,33,21.275,21.027,20.338,19.476,19.75,19.245,19.175,18.607,18.585,18.662,17.737,18.347,2.72,2.75,2.62,2.5,2.48,2.44,2.52,2.52,2.58,2.52,2.55,2.53,9.06,9.06,9.06,9.06,9.06,9.06,9.06,9.06,9.06,9.06,9.06,9.06,21.11,20.938,20.225,19.651,18.943,19.794,19.159,18.967,18.445,18.363,18.008,17.262
2021-04-10,13,15,32,13,11,32,21.305,21.042,20.618,20.276,19.312,20.103,19.175,19.065,18.628,18.494,18.137,17.664,2.77,2.75,2.63,2.57,2.48,2.43,2.43,2.52,2.58,2.52,2.56,2.53,9.05999999999999,9.05999999999999,9.05999999999999,9.05999999999999,9.05999999999999,9.05999999999999,9.05999999999999,9.05999999999999,9.05999999999999,9.05999999999999,9.05999999999999,9.05999999999999,21.338,20.938,20.551,19.469,18.943,19.303,19.794,19.159,18.445,18.68,18.38,17.262
2021-04-11,14,2,27,9,5,31,21.702,21.444,21.027,20.408,19.312,20.074,19.175,19.175,18.332,18.585,18.257,17.664,2.79,2.76,2.63,2.65,2.5,2.47,2.43,2.52,2.55,2.52,2.56,2.55,9.06,9.06,9.06,9.06,9.06,9.06,9.06,9.06,9.06,9.06,9.06,9.06,20.048,21.069,20.551,19.634,19.651,19.03,19.794,19.159,18.84,18.68,18.568,18.008
2021-04-12,10,10,28,11,7,27,20.265,21.275,21.027,20.338,19.476,19.75,19.245,19.175,18.607,18.585,18.662,17.737,2.79,2.72,2.75,2.62,2.5,2.48,2.44,2.52,2.52,2.58,2.52,2.55,9.06,9.06,9.06,9.06,9.06,9.06,9.06,9.06,9.06,9.06,9.06,9.06,20.048,21.11,20.938,20.225,19.651,18.943,19.794,19.159,18.967,18.445,18.363,18.008
2021-04-13,6,11,27,8,11,24,20.265,21.305,21.042,20.618,20.276,19.312,20.103,19.175,19.065,18.628,18.494,18.137,2.73,2.77,2.75,2.63,2.57,2.48,2.43,2.43,2.52,2.58,2.52,2.56,9.06,9.06,9.06,9.06,9.06,9.06,9.06,9.06,9.06,9.06,9.06,9.06,19.995,21.338,20.938,20.551,19.469,18.943,19.303,19.794,19.159,18.445,18.68,18.38
2021-04-14,9,8,36,13,6,35,20.412,21.702,21.444,21.027,20.408,19.312,20.074,19.175,19.175,18.332,18.585,18.257,2.73,2.79,2.76,2.63,2.65,2.5,2.47,2.43,2.52,2.55,2.52,2.56,9.05999999999999,9.05999999999999,9.05999999999999,9.05999999999999,9.05999999999999,9.05999999999999,9.05999999999999,9.05999999999999,9.05999999999999,9.05999999999999,9.05999999999999,9.05999999999999,19.995,20.048,21.069,20.551,19.634,19.651,19.03,19.794,19.159,18.84,18.68,18.568
2021-04-15,14,10,39,16,8,32,20.534,20.265,21.275,21.027,20.338,19.476,19.75,19.245,19.175,18.607,18.585,18.662,2.91,2.79,2.72,2.75,2.62,2.5,2.48,2.44,2.52,2.52,2.58,2.52,9.05999999999999,9.05999999999999,9.05999999999999,9.05999999999999,9.05999999999999,9.05999999999999,9.05999999999999,9.05999999999999,9.05999999999999,9.05999999999999,9.05999999999999,9.05999999999999,21.406,20.048,21.11,20.938,20.225,19.651,18.943,19.794,19.159,18.967,18.445,18.363
2021-04-16,10,7,25,8,2,28,21.315,20.265,21.305,21.042,20.618,20.276,19.312,20.103,19.175,19.065,18.628,18.494,2.98,2.73,2.77,2.75,2.63,2.57,2.48,2.43,2.43,2.52,2.58,2.52,9.06,9.06,9.06,9.06,9.06,9.06,9.06,9.06,9.06,9.06,9.06,9.06,21.524,19.995,21.338,20.938,20.551,19.469,18.943,19.303,19.794,19.159,18.445,18.68
2021-04-17,7,11,16,6,9,16,21.902,20.412,21.702,21.444,21.027,20.408,19.312,20.074,19.175,19.175,18.332,18.585,2.91,2.73,2.79,2.76,2.63,2.65,2.5,2.47,2.43,2.52,2.55,2.52,9.06,9.06,9.06,9.06,9.06,9.06,9.06,9.06,9.06,9.06,9.06,9.06,22.52,19.995,20.048,21.069,20.551,19.634,19.651,19.03,19.794,19.159,18.84,18.68
2021-04-18,10,8,29,13,9,25,21.902,20.534,20.265,21.275,21.027,20.338,19.476,19.75,19.245,19.175,18.607,18.585,2.86,2.91,2.79,2.72,2.75,2.62,2.5,2.48,2.44,2.52,2.52,2.58,9.06,9.06,9.06,9.06,9.06,9.06,9.06,9.06,9.06,9.06,9.06,9.06,23.27,21.406,20.048,21.11,20.938,20.225,19.651,18.943,19.794,19.159,18.967,18.445
2021-04-19,8,9,27,13,5,30,23.241,21.315,20.265,21.305,21.042,20.618,20.276,19.312,20.103,19.175,19.065,18.628,2.86,2.98,2.73,2.77,2.75,2.63,2.57,2.48,2.43,2.43,2.52,2.58,9.06,9.06,9.06,9.06,9.06,9.06,9.06,9.06,9.06,9.06,9.06,9.06,23.27,21.524,19.995,21.338,20.938,20.551,19.469,18.943,19.303,19.794,19.159,18.445
2021-04-20,9,7,39,10,10,33,23.241,21.902,20.412,21.702,21.444,21.027,20.408,19.312,20.074,19.175,19.175,18.332,2.96,2.91,2.73,2.79,2.76,2.63,2.65,2.5,2.47,2.43,2.52,2.55,9.05999999999999,9.05999999999999,9.05999999999999,9.05999999999999,9.05999999999999,9.05999999999999,9.05999999999999,9.05999999999999,9.05999999999999,9.05999999999999,9.05999999999999,9.05999999999999,23.85,22.52,19.995,20.048,21.069,20.551,19.634,19.651,19.03,19.794,19.159,18.84
2021-04-21,16,5,22,15,7,18,23.241,21.902,20.534,20.265,21.275,21.027,20.338,19.476,19.75,19.245,19.175,18.607,2.96,2.86,2.91,2.79,2.72,2.75,2.62,2.5,2.48,2.44,2.52,2.52,9.06,9.06,9.06,9.06,9.06,9.06,9.06,9.06,9.06,9.06,9.06,9.06,23.85,23.27,21.406,20.048,21.11,20.938,20.225,19.651,18.943,19.794,19.159,18.967
2021-04-22,16,6,26,13,5,24,23.265,23.241,21.315,20.265,21.305,21.042,20.618,20.276,19.312,20.103,19.175,19.065,3,2.86,2.98,2.73,2.77,2.75,2.63,2.57,2.48,2.43,2.43,2.52,9.06,9.06,9.06,9.06,9.06,9.06,9.06,9.06,9.06,9.06,9.06,9.06,23.044,23.27,21.524,19.995,21.338,20.938,20.551,19.469,18.943,19.303,19.794,19.159
2021-04-23,12,10,26,10,6,29,23.988,23.241,21.902,20.412,21.702,21.444,21.027,20.408,19.312,20.074,19.175,19.175,2.99,2.96,2.91,2.73,2.79,2.76,2.63,2.65,2.5,2.47,2.43,2.52,9.06,9.06,9.06,9.06,9.06,9.06,9.06,9.06,9.06,9.06,9.06,9.06,23.902,23.85,22.52,19.995,20.048,21.069,20.551,19.634,19.651,19.03,19.794,19.159
2021-04-24,9,3,24,10,2,28,24.365,23.241,21.902,20.534,20.265,21.275,21.027,20.338,19.476,19.75,19.245,19.175,2.9,2.96,2.86,2.91,2.79,2.72,2.75,2.62,2.5,2.48,2.44,2.52,9.06,9.06,9.06,9.06,9.06,9.06,9.06,9.06,9.06,9.06,9.06,9.06,24.496,23.85,23.27,21.406,20.048,21.11,20.938,20.225,19.651,18.943,19.794,19.159
2021-04-25,5,8,28,6,9,28,25.207,23.265,23.241,21.315,20.265,21.305,21.042,20.618,20.276,19.312,20.103,19.175,2.9,3,2.86,2.98,2.73,2.77,2.75,2.63,2.57,2.48,2.43,2.43,9.06,9.06,9.06,9.06,9.06,9.06,9.06,9.06,9.06,9.06,9.06,9.06,23.93,23.044,23.27,21.524,19.995,21.338,20.938,20.551,19.469,18.943,19.303,19.794
2021-04-26,10,8,29,7,9,35,24.074,23.988,23.241,21.902,20.412,21.702,21.444,21.027,20.408,19.312,20.074,19.175,2.9,2.99,2.96,2.91,2.73,2.79,2.76,2.63,2.65,2.5,2.47,2.43,9.06,9.06,9.06,9.06,9.06,9.06,9.06,9.06,9.06,9.06,9.06,9.06,23.93,23.902,23.85,22.52,19.995,20.048,21.069,20.551,19.634,19.651,19.03,19.794
2021-04-27,7,3,23,10,3,24,24.074,24.365,23.241,21.902,20.534,20.265,21.275,21.027,20.338,19.476,19.75,19.245,2.93,2.9,2.96,2.86,2.91,2.79,2.72,2.75,2.62,2.5,2.48,2.44,,9.06,9.06,9.06,9.06,9.06,9.06,9.06,9.06,9.06,9.06,9.06,25.179,24.496,23.85,23.27,21.406,20.048,21.11,20.938,20.225,19.651,18.943,19.794
2021-04-28,8,5,27,7,5,26,24.099,25.207,23.265,23.241,21.315,20.265,21.305,21.042,20.618,20.276,19.312,20.103,2.93,2.9,3,2.86,2.98,2.73,2.77,2.75,2.63,2.57,2.48,2.43,,9.06,9.06,9.06,9.06,9.06,9.06,9.06,9.06,9.06,9.06,9.06,25.179,23.93,23.044,23.27,21.524,19.995,21.338,20.938,20.551,19.469,18.943,19.303
2021-04-29,5,8,30,5,10,32,25.203,24.074,23.988,23.241,21.902,20.412,21.702,21.444,21.027,20.408,19.312,20.074,2.91,2.9,2.99,2.96,2.91,2.73,2.79,2.76,2.63,2.65,2.5,2.47,9.12,9.06,9.06,9.06,9.06,9.06,9.06,9.06,9.06,9.06,9.06,9.06,25.724,23.93,23.902,23.85,22.52,19.995,20.048,21.069,20.551,19.634,19.651,19.03
2021-04-30,12,6,25,11,6,27,25.632,24.074,24.365,23.241,21.902,20.534,20.265,21.275,21.027,20.338,19.476,19.75,2.91,2.93,2.9,2.96,2.86,2.91,2.79,2.72,2.75,2.62,2.5,2.48,,,9.06,9.06,9.06,9.06,9.06,9.06,9.06,9.06,9.06,9.06,26.408,25.179,24.496,23.85,23.27,21.406,20.048,21.11,20.938,20.225,19.651,18.943
2021-05-01,9,6,28,3,11,28,26.413,24.099,25.207,23.265,23.241,21.315,20.265,21.305,21.042,20.618,20.276,19.312,2.95,2.93,2.9,3,2.86,2.98,2.73,2.77,2.75,2.63,2.57,2.48,9.125,,9.06,9.06,9.06,9.06,9.06,9.06,9.06,9.06,9.06,9.06,26.292,25.179,23.93,23.044,23.27,21.524,19.995,21.338,20.938,20.551,19.469,18.943
2021-05-02,5,3,20,4,4,24,25.756,25.203,24.074,23.988,23.241,21.902,20.412,21.702,21.444,21.027,20.408,19.312,2.95,2.91,2.9,2.99,2.96,2.91,2.73,2.79,2.76,2.63,2.65,2.5,9.125,9.12,9.06,9.06,9.06,9.06,9.06,9.06,9.06,9.06,9.06,9.06,26.795,25.724,23.93,23.902,23.85,22.52,19.995,20.048,21.069,20.551,19.634,19.651
2021-05-03,6,4,25,10,5,21,27.046,25.632,24.074,24.365,23.241,21.902,20.534,20.265,21.275,21.027,20.338,19.476,2.95,2.91,2.93,2.9,2.96,2.86,2.91,2.79,2.72,2.75,2.62,2.5,,,,9.06,9.06,9.06,9.06,9.06,9.06,9.06,9.06,9.06,26.795,26.408,25.179,24.496,23.85,23.27,21.406,20.048,21.11,20.938,20.225,19.651
2021-05-04,9,4,32,5,8,31,27.046,26.413,24.099,25.207,23.265,23.241,21.315,20.265,21.305,21.042,20.618,20.276,2.99,2.95,2.93,2.9,3,2.86,2.98,2.73,2.77,2.75,2.63,2.57,,9.125,,9.06,9.06,9.06,9.06,9.06,9.06,9.06,9.06,9.06,26.365,26.292,25.179,23.93,23.044,23.27,21.524,19.995,21.338,20.938,20.551,19.469
2021-05-05,10,5,27,8,7,28,27.108,25.756,25.203,24.074,23.988,23.241,21.902,20.412,21.702,21.444,21.027,20.408,2.99,2.95,2.91,2.9,2.99,2.96,2.91,2.73,2.79,2.76,2.63,2.65,,9.125,9.12,9.06,9.06,9.06,9.06,9.06,9.06,9.06,9.06,9.06,26.365,26.795,25.724,23.93,23.902,23.85,22.52,19.995,20.048,21.069,20.551,19.634
2021-05-06,5,6,36,8,5,30,26.66,27.046,25.632,24.074,24.365,23.241,21.902,20.534,20.265,21.275,21.027,20.338,2.96,2.95,2.91,2.93,2.9,2.96,2.86,2.91,2.79,2.72,2.75,2.62,,,,,9.06,9.06,9.06,9.06,9.06,9.06,9.06,9.06,24.822,26.795,26.408,25.179,24.496,23.85,23.27,21.406,20.048,21.11,20.938,20.225
2021-05-07,6,7,23,9,5,24,25.682,27.046,26.413,24.099,25.207,23.265,23.241,21.315,20.265,21.305,21.042,20.618,2.88,2.99,2.95,2.93,2.9,3,2.86,2.98,2.73,2.77,2.75,2.63,,,9.125,,9.06,9.06,9.06,9.06,9.06,9.06,9.06,9.06,22.715,26.365,26.292,25.179,23.93,23.044,23.27,21.524,19.995,21.338,20.938,20.551
2021-05-08,9,5,25,9,5,30,23.731,27.108,25.756,25.203,24.074,23.988,23.241,21.902,20.412,21.702,21.444,21.027,2.86,2.99,2.95,2.91,2.9,2.99,2.96,2.91,2.73,2.79,2.76,2.63,,,9.125,9.12,9.06,9.06,9.06,9.06,9.06,9.06,9.06,9.06,24.68,26.365,26.795,25.724,23.93,23.902,23.85,22.52,19.995,20.048,21.069,20.551
2021-05-09,8,5,23,9,6,20,24.399,26.66,27.046,25.632,24.074,24.365,23.241,21.902,20.534,20.265,21.275,21.027,2.84,2.96,2.95,2.91,2.93,2.9,2.96,2.86,2.91,2.79,2.72,2.75,,,,,,9.06,9.06,9.06,9.06,9.06,9.06,9.06,24.634,24.822,26.795,26.408,25.179,24.496,23.85,23.27,21.406,20.048,21.11,20.938
2021-05-10,5,6,27,4,3,26,25.001,25.682,27.046,26.413,24.099,25.207,23.265,23.241,21.315,20.265,21.305,21.042,2.84,2.88,2.99,2.95,2.93,2.9,3,2.86,2.98,2.73,2.77,2.75,,,,9.125,,9.06,9.06,9.06,9.06,9.06,9.06,9.06,24.634,22.715,26.365,26.292,25.179,23.93,23.044,23.27,21.524,19.995,21.338,20.938
2021-05-11,6,9,20,6,10,28,25.001,23.731,27.108,25.756,25.203,24.074,23.988,23.241,21.902,20.412,21.702,21.444,2.78,2.86,2.99,2.95,2.91,2.9,2.99,2.96,2.91,2.73,2.79,2.76,,,,9.125,9.12,9.06,9.06,9.06,9.06,9.06,9.06,9.06,24.714,24.68,26.365,26.795,25.724,23.93,23.902,23.85,22.52,19.995,20.048,21.069
2021-05-12,15,5,26,14,10,26,25.035,24.399,26.66,27.046,25.632,24.074,24.365,23.241,21.902,20.534,20.265,21.275,2.78,2.84,2.96,2.95,2.91,2.93,2.9,2.96,2.86,2.91,2.79,2.72,,,,,,,9.06,9.06,9.06,9.06,9.06,9.06,24.714,24.634,24.822,26.795,26.408,25.179,24.496,23.85,23.27,21.406,20.048,21.11
2021-05-13,10,6,23,9,5,25,24.683,25.001,25.682,27.046,26.413,24.099,25.207,23.265,23.241,21.315,20.265,21.305,2.87,2.84,2.88,2.99,2.95,2.93,2.9,3,2.86,2.98,2.73,2.77,,,,,9.125,,9.06,9.06,9.06,9.06,9.06,9.06,26.208,24.634,22.715,26.365,26.292,25.179,23.93,23.044,23.27,21.524,19.995,21.338
2021-05-14,6,8,25,8,10,22,25.837,25.001,23.731,27.108,25.756,25.203,24.074,23.988,23.241,21.902,20.412,21.702,2.91,2.78,2.86,2.99,2.95,2.91,2.9,2.99,2.96,2.91,2.73,2.79,,,,,9.125,9.12,9.06,9.06,9.06,9.06,9.06,9.06,26.39,24.714,24.68,26.365,26.795,25.724,23.93,23.902,23.85,22.52,19.995,20.048
2021-05-15,4,6,29,2,9,27,26.742,25.035,24.399,26.66,27.046,25.632,24.074,24.365,23.241,21.902,20.534,20.265,2.85,2.78,2.84,2.96,2.95,2.91,2.93,2.9,2.96,2.86,2.91,2.79,,,,,,,,9.06,9.06,9.06,9.06,9.06,25.216,24.714,24.634,24.822,26.795,26.408,25.179,24.496,23.85,23.27,21.406,20.048
2021-05-16,6,11,19,8,11,15,25.611,24.683,25.001,25.682,27.046,26.413,24.099,25.207,23.265,23.241,21.315,20.265,2.91,2.87,2.84,2.88,2.99,2.95,2.93,2.9,3,2.86,2.98,2.73,,,,,,9.125,,9.06,9.06,9.06,9.06,9.06,25.06,26.208,24.634,22.715,26.365,26.292,25.179,23.93,23.044,23.27,21.524,19.995
2021-05-17,10,4,27,5,4,32,24.946,25.837,25.001,23.731,27.108,25.756,25.203,24.074,23.988,23.241,21.902,20.412,2.91,2.91,2.78,2.86,2.99,2.95,2.91,2.9,2.99,2.96,2.91,2.73,,,,,,9.125,9.12,9.06,9.06,9.06,9.06,9.06,25.06,26.39,24.714,24.68,26.365,26.795,25.724,23.93,23.902,23.85,22.52,19.995
2021-05-18,6,11,19,9,6,24,24.946,26.742,25.035,24.399,26.66,27.046,25.632,24.074,24.365,23.241,21.902,20.534,2.91,2.85,2.78,2.84,2.96,2.95,2.91,2.93,2.9,2.96,2.86,2.91,,,,,,,,,9.06,9.06,9.06,9.06,25.108,25.216,24.714,24.634,24.822,26.795,26.408,25.179,24.496,23.85,23.27,21.406
2021-05-19,5,6,31,2,6,32,24.946,25.611,24.683,25.001,25.682,27.046,26.413,24.099,25.207,23.265,23.241,21.315,3.02,2.91,2.87,2.84,2.88,2.99,2.95,2.93,2.9,3,2.86,2.98,,,,,,,9.125,,9.06,9.06,9.06,9.06,25.108,25.06,26.208,24.634,22.715,26.365,26.292,25.179,23.93,23.044,23.27,21.524
2021-05-20,8,7,27,7,7,30,25.256,24.946,25.837,25.001,23.731,27.108,25.756,25.203,24.074,23.988,23.241,21.902,3.02,2.91,2.91,2.78,2.86,2.99,2.95,2.91,2.9,2.99,2.96,2.91,,,,,,,9.125,9.12,9.06,9.06,9.06,9.06,25.985,25.06,26.39,24.714,24.68,26.365,26.795,25.724,23.93,23.902,23.85,22.52
2021-05-21,6,8,29,7,6,28,26.215,24.946,26.742,25.035,24.399,26.66,27.046,25.632,24.074,24.365,23.241,21.902,3.09,2.91,2.85,2.78,2.84,2.96,2.95,2.91,2.93,2.9,2.96,2.86,10.65,,,,,,,,,9.06,9.06,9.06,25.711,25.108,25.216,24.714,24.634,24.822,26.795,26.408,25.179,24.496,23.85,23.27
2021-05-22,5,10,25,9,6,24,25.658,24.946,25.611,24.683,25.001,25.682,27.046,26.413,24.099,25.207,23.265,23.241,3.09,3.02,2.91,2.87,2.84,2.88,2.99,2.95,2.93,2.9,3,2.86,10.625,,,,,,,9.125,,9.06,9.06,9.06,25.703,25.108,25.06,26.208,24.634,22.715,26.365,26.292,25.179,23.93,23.044,23.27
2021-05-23,4,7,22,4,7,23,25.823,25.256,24.946,25.837,25.001,23.731,27.108,25.756,25.203,24.074,23.988,23.241,3.09,3.02,2.91,2.91,2.78,2.86,2.99,2.95,2.91,2.9,2.99,2.96,10.625,,,,,,,9.125,9.12,9.06,9.06,9.06,25.829,25.985,25.06,26.39,24.714,24.68,26.365,26.795,25.724,23.93,23.902,23.85
2021-05-24,9,9,21,8,9,21,25.648,26.215,24.946,26.742,25.035,24.399,26.66,27.046,25.632,24.074,24.365,23.241,3.09,3.09,2.91,2.85,2.78,2.84,2.96,2.95,2.91,2.93,2.9,2.96,10.625,10.65,,,,,,,,,9.06,9.06,25.829,25.711,25.108,25.216,24.714,24.634,24.822,26.795,26.408,25.179,24.496,23.85
2021-05-25,6,6,23,8,6,23,25.648,25.658,24.946,25.611,24.683,25.001,25.682,27.046,26.413,24.099,25.207,23.265,3.09,3.09,3.02,2.91,2.87,2.84,2.88,2.99,2.95,2.93,2.9,3,10.625,10.625,,,,,,,9.125,,9.06,9.06,26.462,25.703,25.108,25.06,26.208,24.634,22.715,26.365,26.292,25.179,23.93,23.044
2021-05-26,8,8,23,8,10,22,25.713,25.823,25.256,24.946,25.837,25.001,23.731,27.108,25.756,25.203,24.074,23.988,3.09,3.09,3.02,2.91,2.91,2.78,2.86,2.99,2.95,2.91,2.9,2.99,10.675,10.625,,,,,,,9.125,9.12,9.06,9.06,26.462,25.829,25.985,25.06,26.39,24.714,24.68,26.365,26.795,25.724,23.93,23.902
2021-05-27,12,7,22,9,6,26,26.492,25.648,26.215,24.946,26.742,25.035,24.399,26.66,27.046,25.632,24.074,24.365,3.09,3.09,3.09,2.91,2.85,2.78,2.84,2.96,2.95,2.91,2.93,2.9,,10.625,10.65,,,,,,,,,9.06,27.792,25.829,25.711,25.108,25.216,24.714,24.634,24.822,26.795,26.408,25.179,24.496
2021-05-28,9,9,27,8,8,27,28.036,25.648,25.658,24.946,25.611,24.683,25.001,25.682,27.046,26.413,24.099,25.207,3.09,3.09,3.09,3.02,2.91,2.87,2.84,2.88,2.99,2.95,2.93,2.9,10.85,10.625,10.625,,,,,,,9.125,,9.06,28.316,26.462,25.703,25.108,25.06,26.208,24.634,22.715,26.365,26.292,25.179,23.93
2021-05-29,6,10,19,7,8,22,28.296,25.713,25.823,25.256,24.946,25.837,25.001,23.731,27.108,25.756,25.203,24.074,3.09,3.09,3.09,3.02,2.91,2.91,2.78,2.86,2.99,2.95,2.91,2.9,10.925,10.675,10.625,,,,,,,9.125,9.12,9.06,28.611,26.462,25.829,25.985,25.06,26.39,24.714,24.68,26.365,26.795,25.724,23.93
2021-05-30,6,7,28,7,7,29,28.395,26.492,25.648,26.215,24.946,26.742,25.035,24.399,26.66,27.046,25.632,24.074,3.09,3.09,3.09,3.09,2.91,2.85,2.78,2.84,2.96,2.95,2.91,2.93,10.925,,10.625,10.65,,,,,,,,,27.787,27.792,25.829,25.711,25.108,25.216,24.714,24.634,24.822,26.795,26.408,25.179
2021-05-31,9,4,23,11,2,19,28.013,28.036,25.648,25.658,24.946,25.611,24.683,25.001,25.682,27.046,26.413,24.099,3.09,3.09,3.09,3.09,3.02,2.91,2.87,2.84,2.88,2.99,2.95,2.93,10.925,10.85,10.625,10.625,,,,,,,9.125,,27.787,28.316,26.462,25.703,25.108,25.06,26.208,24.634,22.715,26.365,26.292,25.179
2021-06-01,9,7,22,9,9,21,28.013,28.296,25.713,25.823,25.256,24.946,25.837,25.001,23.731,27.108,25.756,25.203,3.09,3.09,3.09,3.09,3.02,2.91,2.91,2.78,2.86,2.99,2.95,2.91,10.92,10.925,10.675,10.625,,,,,,,9.125,9.12,28.831,28.611,26.462,25.829,25.985,25.06,26.39,24.714,24.68,26.365,26.795,25.724
2021-06-02,9,6,19,7,6,21,28.012,28.395,26.492,25.648,26.215,24.946,26.742,25.035,24.399,26.66,27.046,25.632,3.09,3.09,3.09,3.09,3.09,2.91,2.85,2.78,2.84,2.96,2.95,2.91,,10.925,,10.625,10.65,,,,,,,,28.831,27.787,27.792,25.829,25.711,25.108,25.216,24.714,24.634,24.822,26.795,26.408
2021-06-03,4,7,27,6,5,28,29.217,28.013,28.036,25.648,25.658,24.946,25.611,24.683,25.001,25.682,27.046,26.413,3.09,3.09,3.09,3.09,3.09,3.02,2.91,2.87,2.84,2.88,2.99,2.95,10.92,10.925,10.85,10.625,10.625,,,,,,,9.125,28.172,27.787,28.316,26.462,25.703,25.108,25.06,26.208,24.634,22.715,26.365,26.292
2021-06-04,3,8,27,2,8,23,28.392,28.013,28.296,25.713,25.823,25.256,24.946,25.837,25.001,23.731,27.108,25.756,3.09,3.09,3.09,3.09,3.09,3.02,2.91,2.91,2.78,2.86,2.99,2.95,,10.92,10.925,10.675,10.625,,,,,,,9.125,28.035,28.831,28.611,26.462,25.829,25.985,25.06,26.39,24.714,24.68,26.365,26.795
2021-06-05,6,7,23,4,7,21,28.406,28.012,28.395,26.492,25.648,26.215,24.946,26.742,25.035,24.399,26.66,27.046,3.09,3.09,3.09,3.09,3.09,3.09,2.91,2.85,2.78,2.84,2.96,2.95,,,10.925,,10.625,10.65,,,,,,,28.336,28.831,27.787,27.792,25.829,25.711,25.108,25.216,24.714,24.634,24.822,26.795
2021-06-06,9,4,35,11,6,24,28.337,29.217,28.013,28.036,25.648,25.658,24.946,25.611,24.683,25.001,25.682,27.046,3.09,3.09,3.09,3.09,3.09,3.09,3.02,2.91,2.87,2.84,2.88,2.99,,10.92,10.925,10.85,10.625,10.625,,,,,,,29.378,28.172,27.787,28.316,26.462,25.703,25.108,25.06,26.208,24.634,22.715,26.365
2021-06-07,6,9,29,7,5,39,29.104,28.392,28.013,28.296,25.713,25.823,25.256,24.946,25.837,25.001,23.731,27.108,3.09,3.09,3.09,3.09,3.09,3.09,3.02,2.91,2.91,2.78,2.86,2.99,,,10.92,10.925,10.675,10.625,,,,,,,29.378,28.035,28.831,28.611,26.462,25.829,25.985,25.06,26.39,24.714,24.68,26.365
2021-06-08,6,6,28,8,7,22,29.104,28.406,28.012,28.395,26.492,25.648,26.215,24.946,26.742,25.035,24.399,26.66,3.09,3.09,3.09,3.09,3.09,3.09,3.09,2.91,2.85,2.78,2.84,2.96,,,,10.925,,10.625,10.65,,,,,,29.702,28.336,28.831,27.787,27.792,25.829,25.711,25.108,25.216,24.714,24.634,24.822
2021-06-09,10,9,25,10,5,29,29.2,28.337,29.217,28.013,28.036,25.648,25.658,24.946,25.611,24.683,25.001,25.682,3.09,3.09,3.09,3.09,3.09,3.09,3.09,3.02,2.91,2.87,2.84,2.88,,,10.92,10.925,10.85,10.625,10.625,,,,,,29.702,29.378,28.172,27.787,28.316,26.462,25.703,25.108,25.06,26.208,24.634,22.715
2021-06-10,9,2,24,6,4,26,30.131,29.104,28.392,28.013,28.296,25.713,25.823,25.256,24.946,25.837,25.001,23.731,3.09,3.09,3.09,3.09,3.09,3.09,3.09,3.02,2.91,2.91,2.78,2.86,,,,10.92,10.925,10.675,10.625,,,,,,30.775,29.378,28.035,28.831,28.611,26.462,25.829,25.985,25.06,26.39,24.714,24.68
2021-06-11,6,8,17,6,6,16,30.722,29.104,28.406,28.012,28.395,26.492,25.648,26.215,24.946,26.742,25.035,24.399,3.09,3.09,3.09,3.09,3.09,3.09,3.09,3.09,2.91,2.85,2.78,2.84,,,,,10.925,,10.625,10.65,,,,,31.52,29.702,28.336,28.831,27.787,27.792,25.829,25.711,25.108,25.216,24.714,24.634
2021-06-12,8,5,27,8,8,26,31.613,29.2,28.337,29.217,28.013,28.036,25.648,25.658,24.946,25.611,24.683,25.001,3.09,3.09,3.09,3.09,3.09,3.09,3.09,3.09,3.02,2.91,2.87,2.84,,,,10.92,10.925,10.85,10.625,10.625,,,,,32.013,29.702,29.378,28.172,27.787,28.316,26.462,25.703,25.108,25.06,26.208,24.634
2021-06-13,6,4,15,8,5,16,31.995,30.131,29.104,28.392,28.013,28.296,25.713,25.823,25.256,24.946,25.837,25.001,3.09,3.09,3.09,3.09,3.09,3.09,3.09,3.09,3.02,2.91,2.91,2.78,,,,,10.92,10.925,10.675,10.625,,,,,32.406,30.775,29.378,28.035,28.831,28.611,26.462,25.829,25.985,25.06,26.39,24.714
2021-06-14,7,7,26,4,6,25,32.112,30.722,29.104,28.406,28.012,28.395,26.492,25.648,26.215,24.946,26.742,25.035,3.09,3.09,3.09,3.09,3.09,3.09,3.09,3.09,3.09,2.91,2.85,2.78,,,,,,10.925,,10.625,10.65,,,,32.406,31.52,29.702,28.336,28.831,27.787,27.792,25.829,25.711,25.108,25.216,24.714
2021-06-15,10,4,21,6,5,22,32.112,31.613,29.2,28.337,29.217,28.013,28.036,25.648,25.658,24.946,25.611,24.683,3.09,3.09,3.09,3.09,3.09,3.09,3.09,3.09,3.09,3.02,2.91,2.87,,,,,10.92,10.925,10.85,10.625,10.625,,,,32.301,32.013,29.702,29.378,28.172,27.787,28.316,26.462,25.703,25.108,25.06,26.208
2021-06-16,7,8,27,10,6,28,32.226,31.995,30.131,29.104,28.392,28.013,28.296,25.713,25.823,25.256,24.946,25.837,3.09,3.09,3.09,3.09,3.09,3.09,3.09,3.09,3.09,3.02,2.91,2.91,,,,,,10.92,10.925,10.675,10.625,,,,32.301,32.406,30.775,29.378,28.035,28.831,28.611,26.462,25.829,25.985,25.06,26.39
2021-06-17,8,9,32,4,8,32,32.2260000000001,32.112,30.722,29.104,28.406,28.012,28.395,26.492,25.648,26.215,24.946,26.742,3.09,3.09,3.09,3.09,3.09,3.09,3.09,3.09,3.09,3.09,2.91,2.85,,,,,,,10.925,,10.625,10.65,,,32.301,32.406,31.52,29.702,28.336,28.831,27.787,27.792,25.829,25.711,25.108,25.216
2021-06-18,8,5,22,8,7,20,33.502,32.112,31.613,29.2,28.337,29.217,28.013,28.036,25.648,25.658,24.946,25.611,3.09,3.09,3.09,3.09,3.09,3.09,3.09,3.09,3.09,3.09,3.02,2.91,,,,,,10.92,10.925,10.85,10.625,10.625,,,32.301,32.301,32.013,29.702,29.378,28.172,27.787,28.316,26.462,25.703,25.108,25.06
2021-06-19,5,4,24,4,4,29,33.502,32.226,31.995,30.131,29.104,28.392,28.013,28.296,25.713,25.823,25.256,24.946,3.09,3.09,3.09,3.09,3.09,3.09,3.09,3.09,3.09,3.09,3.02,2.91,,,,,,,10.92,10.925,10.675,10.625,,,32.301,32.301,32.406,30.775,29.378,28.035,28.831,28.611,26.462,25.829,25.985,25.06
2021-06-20,10,4,22,9,6,19,33.502,32.226,32.112,30.722,29.104,28.406,28.012,28.395,26.492,25.648,26.215,24.946,3.09,3.09,3.09,3.09,3.09,3.09,3.09,3.09,3.09,3.09,3.09,2.91,,,,,,,,10.925,,10.625,10.65,,32.301,32.301,32.406,31.52,29.702,28.336,28.831,27.787,27.792,25.829,25.711,25.108
2021-06-21,7,6,30,7,6,23,33.502,33.502,32.112,31.613,29.2,28.337,29.217,28.013,28.036,25.648,25.658,24.946,3.09,3.09,3.09,3.09,3.09,3.09,3.09,3.09,3.09,3.09,3.09,3.02,,,,,,,10.92,10.925,10.85,10.625,10.625,,32.301,32.301,32.301,32.013,29.702,29.378,28.172,27.787,28.316,26.462,25.703,25.108
2021-06-22,3,10,19,4,5,21,33.502,33.502,32.226,31.995,30.131,29.104,28.392,28.013,28.296,25.713,25.823,25.256,3.09,3.09,3.09,3.09,3.09,3.09,3.09,3.09,3.09,3.09,3.09,3.02,,,,,,,,10.92,10.925,10.675,10.625,,32.301,32.301,32.301,32.406,30.775,29.378,28.035,28.831,28.611,26.462,25.829,25.985
2021-06-23,4,2,18,4,4,20,33.502,33.502,32.226,32.112,30.722,29.104,28.406,28.012,28.395,26.492,25.648,26.215,3.09,3.09,3.09,3.09,3.09,3.09,3.09,3.09,3.09,3.09,3.09,3.09,,,,,,,,,10.925,,10.625,10.65,32.301,32.301,32.301,32.406,31.52,29.702,28.336,28.831,27.787,27.792,25.829,25.711
2021-06-24,3,5,19,1,6,19,33.502,33.502,33.502,32.112,31.613,29.2,28.337,29.217,28.013,28.036,25.648,25.658,3.09,3.09,3.09,3.09,3.09,3.09,3.09,3.09,3.09,3.09,3.09,3.09,,,,,,,,10.92,10.925,10.85,10.625,10.625,32.301,32.301,32.301,32.301,32.013,29.702,29.378,28.172,27.787,28.316,26.462,25.703
2021-06-25,8,4,22,9,8,19,33.502,33.502,33.502,32.226,31.995,30.131,29.104,28.392,28.013,28.296,25.713,25.823,3.09,3.09,3.09,3.09,3.09,3.09,3.09,3.09,3.09,3.09,3.09,3.09,,,,,,,,,10.92,10.925,10.675,10.625,32.301,32.301,32.301,32.301,32.406,30.775,29.378,28.035,28.831,28.611,26.462,25.829
2021-06-26,9,6,25,11,8,19,33.502,33.502,33.502,32.226,32.112,30.722,29.104,28.406,28.012,28.395,26.492,25.648,3.09,3.09,3.09,3.09,3.09,3.09,3.09,3.09,3.09,3.09,3.09,3.09,,,,,,,,,,10.925,,10.625,32.301,32.301,32.301,32.301,32.406,31.52,29.702,28.336,28.831,27.787,27.792,25.829
2021-06-27,7,4,23,3,4,24,33.502,33.502,33.502,33.502,32.112,31.613,29.2,28.337,29.217,28.013,28.036,25.648,3.09,3.09,3.09,3.09,3.09,3.09,3.09,3.09,3.09,3.09,3.09,3.09,,,,,,,,,10.92,10.925,10.85,10.625,32.301,32.301,32.301,32.301,32.301,32.013,29.702,29.378,28.172,27.787,28.316,26.462
2021-06-28,6,5,18,6,3,22,33.502,33.502,33.502,33.502,32.226,31.995,30.131,29.104,28.392,28.013,28.296,25.713,3.09,3.09,3.09,3.09,3.09,3.09,3.09,3.09,3.09,3.09,3.09,3.09,,,,,,,,,,10.92,10.925,10.675,32.301,32.301,32.301,32.301,32.301,32.406,30.775,29.378,28.035,28.831,28.611,26.462
2021-06-29,0,3,3,2,3,3,33.502,33.502,33.502,33.502,32.226,32.112,30.722,29.104,28.406,28.012,28.395,26.492,3.09,3.09,3.09,3.09,3.09,3.09,3.09,3.09,3.09,3.09,3.09,3.09,,,,,,,,,,,10.925,,32.301,32.301,32.301,32.301,32.301,32.406,31.52,29.702,28.336,28.831,27.787,27.792
